customer_id,locality_id,customer_segment,age_group,preferred_cuisine,order_frequency,order_weight,order_probability
C00001,7,Family,26-35,Pizza,Occasional,1,0.00011160714285714285
C00002,4,Working Professional,26-35,North Indian,Frequent,4,0.0004464285714285714
C00003,8,Student,18-25,Momos,Regular,2,0.0002232142857142857
C00004,5,Student,18-25,North Indian,Regular,2,0.0002232142857142857
C00005,7,Student,18-25,Chinese,Occasional,1,0.00011160714285714285
C00006,10,Young Professional,36-45,Healthy,Occasional,1,0.00011160714285714285
C00007,3,Working Professional,46-55,North Indian,Occasional,1,0.00011160714285714285
C00008,7,Family,26-35,Chinese,Frequent,4,0.0004464285714285714
C00009,8,Working Professional,26-35,Biryani,Regular,2,0.0002232142857142857
C00010,5,Working Professional,26-35,South Indian,Regular,2,0.0002232142857142857
C00011,4,Student,18-25,Momos,Occasional,1,0.00011160714285714285
C00012,8,Student,18-25,Burgers,Frequent,4,0.0004464285714285714
C00013,8,Young Professional,36-45,Biryani,Regular,2,0.0002232142857142857
C00014,3,Working Professional,46-55,Biryani,Occasional,1,0.00011160714285714285
C00015,6,Working Professional,26-35,North Indian,Occasional,1,0.00011160714285714285
C00016,5,Young Professional,36-45,Biryani,Occasional,1,0.00011160714285714285
C00017,2,Student,46-55,Chinese,Occasional,1,0.00011160714285714285
C00018,8,Young Professional,18-25,South Indian,Regular,2,0.0002232142857142857
C00019,6,Working Professional,36-45,Healthy,Occasional,1,0.00011160714285714285
C00020,2,Working Professional,26-35,Burgers,Occasional,1,0.00011160714285714285
C00021,5,Working Professional,26-35,Biryani,Regular,2,0.0002232142857142857
C00022,1,Student,18-25,Biryani,Occasional,1,0.00011160714285714285
C00023,10,Student,36-45,Pizza,Occasional,1,0.00011160714285714285
C00024,6,Family,36-45,Chinese,Occasional,1,0.00011160714285714285
C00025,9,Young Professional,18-25,Pizza,Occasional,1,0.00011160714285714285
C00026,1,Family,26-35,North Indian,Regular,2,0.0002232142857142857
C00027,10,Student,18-25,Cafe,Occasional,1,0.00011160714285714285
C00028,3,Working Professional,46-55,Biryani,Regular,2,0.0002232142857142857
C00029,7,Student,26-35,Burgers,Regular,2,0.0002232142857142857
C00030,4,Student,36-45,Burgers,Occasional,1,0.00011160714285714285
C00031,9,Family,26-35,North Indian,Regular,2,0.0002232142857142857
C00032,3,Working Professional,18-25,Desserts,Occasional,1,0.00011160714285714285
C00033,5,Student,18-25,Momos,Occasional,1,0.00011160714285714285
C00034,3,Student,18-25,Momos,Frequent,4,0.0004464285714285714
C00035,7,Young Professional,18-25,Burgers,Frequent,4,0.0004464285714285714
C00036,5,Student,26-35,Biryani,Regular,2,0.0002232142857142857
C00037,9,Working Professional,18-25,North Indian,Occasional,1,0.00011160714285714285
C00038,7,Working Professional,26-35,Chinese,Occasional,1,0.00011160714285714285
C00039,2,Student,26-35,Momos,Regular,2,0.0002232142857142857
C00040,4,Student,26-35,Pizza,Occasional,1,0.00011160714285714285
C00041,9,Working Professional,36-45,Biryani,Occasional,1,0.00011160714285714285
C00042,2,Family,26-35,Biryani,Occasional,1,0.00011160714285714285
C00043,10,Working Professional,56+,Momos,Occasional,1,0.00011160714285714285
C00044,9,Family,18-25,North Indian,Frequent,4,0.0004464285714285714
C00045,10,Young Professional,26-35,Chinese,Occasional,1,0.00011160714285714285
C00046,5,Family,26-35,North Indian,Regular,2,0.0002232142857142857
C00047,2,Working Professional,26-35,Burgers,Occasional,1,0.00011160714285714285
C00048,4,Working Professional,36-45,Cafe,Regular,2,0.0002232142857142857
C00049,7,Family,26-35,Chinese,Regular,2,0.0002232142857142857
C00050,8,Family,26-35,South Indian,Occasional,1,0.00011160714285714285
C00051,3,Working Professional,26-35,Biryani,Frequent,4,0.0004464285714285714
C00052,1,Family,56+,South Indian,Regular,2,0.0002232142857142857
C00053,4,Student,46-55,Biryani,Frequent,4,0.0004464285714285714
C00054,2,Working Professional,26-35,Chinese,Frequent,4,0.0004464285714285714
C00055,8,Student,18-25,Momos,Regular,2,0.0002232142857142857
C00056,4,Student,46-55,Biryani,Frequent,4,0.0004464285714285714
C00057,2,Student,56+,Momos,Occasional,1,0.00011160714285714285
C00058,6,Family,18-25,South Indian,Occasional,1,0.00011160714285714285
C00059,6,Working Professional,26-35,Biryani,Occasional,1,0.00011160714285714285
C00060,10,Student,46-55,Burgers,Occasional,1,0.00011160714285714285
C00061,4,Working Professional,36-45,South Indian,Occasional,1,0.00011160714285714285
C00062,6,Working Professional,18-25,Momos,Occasional,1,0.00011160714285714285
C00063,2,Student,26-35,Pizza,Regular,2,0.0002232142857142857
C00064,10,Family,46-55,Chinese,Occasional,1,0.00011160714285714285
C00065,2,Family,36-45,South Indian,Occasional,1,0.00011160714285714285
C00066,10,Family,36-45,Biryani,Regular,2,0.0002232142857142857
C00067,4,Family,36-45,Burgers,Occasional,1,0.00011160714285714285
C00068,8,Working Professional,18-25,Chinese,Regular,2,0.0002232142857142857
C00069,7,Student,36-45,Burgers,Occasional,1,0.00011160714285714285
C00070,9,Student,18-25,Momos,Frequent,4,0.0004464285714285714
C00071,8,Student,46-55,Pizza,Regular,2,0.0002232142857142857
C00072,5,Young Professional,26-35,Biryani,Occasional,1,0.00011160714285714285
C00073,2,Student,46-55,Momos,Occasional,1,0.00011160714285714285
C00074,5,Student,18-25,Pizza,Regular,2,0.0002232142857142857
C00075,8,Young Professional,26-35,Momos,Regular,2,0.0002232142857142857
C00076,10,Young Professional,18-25,Desserts,Regular,2,0.0002232142857142857
C00077,9,Family,36-45,North Indian,Regular,2,0.0002232142857142857
C00078,9,Student,46-55,Burgers,Occasional,1,0.00011160714285714285
C00079,1,Student,36-45,Burgers,Occasional,1,0.00011160714285714285
C00080,9,Working Professional,26-35,Pizza,Occasional,1,0.00011160714285714285
C00081,7,Student,18-25,Cafe,Frequent,4,0.0004464285714285714
C00082,9,Student,46-55,Pizza,Regular,2,0.0002232142857142857
C00083,8,Working Professional,36-45,North Indian,Occasional,1,0.00011160714285714285
C00084,1,Young Professional,36-45,Burgers,Occasional,1,0.00011160714285714285
C00085,8,Working Professional,36-45,Chinese,Occasional,1,0.00011160714285714285
C00086,8,Family,36-45,North Indian,Occasional,1,0.00011160714285714285
C00087,3,Family,26-35,Biryani,Regular,2,0.0002232142857142857
C00088,1,Student,36-45,Momos,Regular,2,0.0002232142857142857
C00089,8,Family,26-35,Healthy,Frequent,4,0.0004464285714285714
C00090,3,Student,46-55,Chinese,Occasional,1,0.00011160714285714285
C00091,3,Student,36-45,Cafe,Occasional,1,0.00011160714285714285
C00092,1,Family,18-25,Burgers,Regular,2,0.0002232142857142857
C00093,5,Student,26-35,Momos,Regular,2,0.0002232142857142857
C00094,10,Young Professional,18-25,Momos,Regular,2,0.0002232142857142857
C00095,7,Student,18-25,Biryani,Regular,2,0.0002232142857142857
C00096,10,Working Professional,26-35,Healthy,Occasional,1,0.00011160714285714285
C00097,9,Working Professional,46-55,Chinese,Regular,2,0.0002232142857142857
C00098,7,Student,18-25,Pizza,Occasional,1,0.00011160714285714285
C00099,9,Student,26-35,Biryani,Occasional,1,0.00011160714285714285
C00100,8,Family,46-55,South Indian,Occasional,1,0.00011160714285714285
C00101,2,Young Professional,36-45,Healthy,Occasional,1,0.00011160714285714285
C00102,1,Young Professional,26-35,Biryani,Regular,2,0.0002232142857142857
C00103,7,Working Professional,36-45,Biryani,Occasional,1,0.00011160714285714285
C00104,7,Family,26-35,Chinese,Regular,2,0.0002232142857142857
C00105,8,Family,18-25,Pizza,Frequent,4,0.0004464285714285714
C00106,5,Family,18-25,Healthy,Occasional,1,0.00011160714285714285
C00107,3,Working Professional,18-25,North Indian,Occasional,1,0.00011160714285714285
C00108,8,Family,26-35,Chinese,Regular,2,0.0002232142857142857
C00109,6,Young Professional,46-55,Chinese,Occasional,1,0.00011160714285714285
C00110,3,Working Professional,36-45,Cafe,Occasional,1,0.00011160714285714285
C00111,1,Young Professional,26-35,Cafe,Occasional,1,0.00011160714285714285
C00112,3,Working Professional,26-35,South Indian,Occasional,1,0.00011160714285714285
C00113,5,Student,18-25,Pizza,Frequent,4,0.0004464285714285714
C00114,3,Student,36-45,Pizza,Regular,2,0.0002232142857142857
C00115,1,Working Professional,36-45,Desserts,Regular,2,0.0002232142857142857
C00116,5,Working Professional,18-25,Pizza,Frequent,4,0.0004464285714285714
C00117,10,Young Professional,18-25,Desserts,Regular,2,0.0002232142857142857
C00118,7,Student,26-35,Pizza,Occasional,1,0.00011160714285714285
C00119,7,Young Professional,26-35,South Indian,Frequent,4,0.0004464285714285714
C00120,9,Young Professional,26-35,Biryani,Regular,2,0.0002232142857142857
C00121,10,Student,26-35,Cafe,Regular,2,0.0002232142857142857
C00122,10,Young Professional,26-35,North Indian,Frequent,4,0.0004464285714285714
C00123,3,Young Professional,18-25,Chinese,Occasional,1,0.00011160714285714285
C00124,7,Family,26-35,Momos,Occasional,1,0.00011160714285714285
C00125,1,Family,26-35,Biryani,Occasional,1,0.00011160714285714285
C00126,4,Young Professional,46-55,Chinese,Occasional,1,0.00011160714285714285
C00127,4,Family,56+,Biryani,Regular,2,0.0002232142857142857
C00128,5,Working Professional,46-55,Healthy,Frequent,4,0.0004464285714285714
C00129,7,Young Professional,36-45,Desserts,Occasional,1,0.00011160714285714285
C00130,7,Family,26-35,Desserts,Regular,2,0.0002232142857142857
C00131,4,Working Professional,36-45,Biryani,Occasional,1,0.00011160714285714285
C00132,7,Student,46-55,Biryani,Occasional,1,0.00011160714285714285
C00133,3,Family,18-25,North Indian,Occasional,1,0.00011160714285714285
C00134,6,Student,26-35,Burgers,Occasional,1,0.00011160714285714285
C00135,2,Young Professional,36-45,Pizza,Frequent,4,0.0004464285714285714
C00136,10,Working Professional,36-45,Burgers,Occasional,1,0.00011160714285714285
C00137,9,Student,18-25,Burgers,Regular,2,0.0002232142857142857
C00138,5,Working Professional,26-35,Healthy,Regular,2,0.0002232142857142857
C00139,6,Student,36-45,Pizza,Occasional,1,0.00011160714285714285
C00140,4,Family,26-35,Momos,Frequent,4,0.0004464285714285714
C00141,10,Young Professional,36-45,Chinese,Frequent,4,0.0004464285714285714
C00142,7,Young Professional,26-35,Burgers,Occasional,1,0.00011160714285714285
C00143,9,Student,46-55,Cafe,Occasional,1,0.00011160714285714285
C00144,7,Student,26-35,Chinese,Occasional,1,0.00011160714285714285
C00145,1,Young Professional,26-35,Cafe,Occasional,1,0.00011160714285714285
C00146,1,Young Professional,18-25,Cafe,Occasional,1,0.00011160714285714285
C00147,9,Working Professional,18-25,Pizza,Regular,2,0.0002232142857142857
C00148,9,Working Professional,26-35,Pizza,Regular,2,0.0002232142857142857
C00149,4,Working Professional,26-35,South Indian,Occasional,1,0.00011160714285714285
C00150,9,Young Professional,26-35,Chinese,Occasional,1,0.00011160714285714285
C00151,3,Family,18-25,Pizza,Frequent,4,0.0004464285714285714
C00152,7,Student,46-55,Chinese,Occasional,1,0.00011160714285714285
C00153,6,Student,36-45,North Indian,Occasional,1,0.00011160714285714285
C00154,8,Young Professional,18-25,Healthy,Occasional,1,0.00011160714285714285
C00155,9,Student,26-35,Biryani,Frequent,4,0.0004464285714285714
C00156,5,Working Professional,36-45,North Indian,Occasional,1,0.00011160714285714285
C00157,1,Working Professional,26-35,Biryani,Regular,2,0.0002232142857142857
C00158,3,Student,26-35,Momos,Regular,2,0.0002232142857142857
C00159,10,Student,36-45,Biryani,Occasional,1,0.00011160714285714285
C00160,8,Young Professional,18-25,Healthy,Regular,2,0.0002232142857142857
C00161,6,Young Professional,26-35,Burgers,Occasional,1,0.00011160714285714285
C00162,8,Young Professional,18-25,Burgers,Regular,2,0.0002232142857142857
C00163,9,Young Professional,26-35,Biryani,Regular,2,0.0002232142857142857
C00164,4,Working Professional,18-25,Pizza,Regular,2,0.0002232142857142857
C00165,1,Young Professional,46-55,Biryani,Occasional,1,0.00011160714285714285
C00166,1,Working Professional,26-35,South Indian,Regular,2,0.0002232142857142857
C00167,10,Family,18-25,Cafe,Occasional,1,0.00011160714285714285
C00168,4,Young Professional,26-35,Burgers,Occasional,1,0.00011160714285714285
C00169,7,Student,18-25,Healthy,Occasional,1,0.00011160714285714285
C00170,2,Working Professional,26-35,Pizza,Regular,2,0.0002232142857142857
C00171,3,Working Professional,26-35,Chinese,Regular,2,0.0002232142857142857
C00172,1,Student,18-25,Cafe,Occasional,1,0.00011160714285714285
C00173,5,Student,18-25,Pizza,Regular,2,0.0002232142857142857
C00174,1,Young Professional,26-35,Burgers,Occasional,1,0.00011160714285714285
C00175,8,Young Professional,18-25,Chinese,Regular,2,0.0002232142857142857
C00176,1,Working Professional,36-45,Biryani,Occasional,1,0.00011160714285714285
C00177,1,Student,26-35,Chinese,Regular,2,0.0002232142857142857
C00178,2,Student,26-35,Cafe,Occasional,1,0.00011160714285714285
C00179,2,Young Professional,26-35,Chinese,Frequent,4,0.0004464285714285714
C00180,6,Working Professional,26-35,Pizza,Occasional,1,0.00011160714285714285
C00181,7,Working Professional,46-55,Pizza,Occasional,1,0.00011160714285714285
C00182,5,Working Professional,18-25,Healthy,Occasional,1,0.00011160714285714285
C00183,1,Working Professional,18-25,Biryani,Frequent,4,0.0004464285714285714
C00184,1,Working Professional,18-25,Momos,Frequent,4,0.0004464285714285714
C00185,3,Young Professional,18-25,Burgers,Occasional,1,0.00011160714285714285
C00186,2,Working Professional,18-25,Healthy,Regular,2,0.0002232142857142857
C00187,5,Family,36-45,Biryani,Regular,2,0.0002232142857142857
C00188,10,Working Professional,26-35,Cafe,Regular,2,0.0002232142857142857
C00189,6,Family,56+,Chinese,Regular,2,0.0002232142857142857
C00190,7,Family,18-25,Pizza,Occasional,1,0.00011160714285714285
C00191,4,Student,26-35,Burgers,Occasional,1,0.00011160714285714285
C00192,7,Working Professional,56+,Biryani,Frequent,4,0.0004464285714285714
C00193,8,Student,46-55,South Indian,Frequent,4,0.0004464285714285714
C00194,1,Young Professional,26-35,Biryani,Regular,2,0.0002232142857142857
C00195,6,Working Professional,26-35,Biryani,Occasional,1,0.00011160714285714285
C00196,8,Young Professional,46-55,Momos,Occasional,1,0.00011160714285714285
C00197,5,Student,26-35,Chinese,Regular,2,0.0002232142857142857
C00198,4,Family,18-25,Chinese,Frequent,4,0.0004464285714285714
C00199,2,Family,36-45,Pizza,Frequent,4,0.0004464285714285714
C00200,6,Family,26-35,Healthy,Regular,2,0.0002232142857142857
C00201,6,Working Professional,18-25,South Indian,Regular,2,0.0002232142857142857
C00202,1,Working Professional,26-35,North Indian,Occasional,1,0.00011160714285714285
C00203,9,Family,26-35,Chinese,Occasional,1,0.00011160714285714285
C00204,6,Student,46-55,Momos,Frequent,4,0.0004464285714285714
C00205,3,Student,18-25,Burgers,Regular,2,0.0002232142857142857
C00206,4,Working Professional,46-55,Chinese,Occasional,1,0.00011160714285714285
C00207,4,Working Professional,26-35,Chinese,Occasional,1,0.00011160714285714285
C00208,3,Student,26-35,Chinese,Regular,2,0.0002232142857142857
C00209,10,Student,18-25,Pizza,Occasional,1,0.00011160714285714285
C00210,3,Student,36-45,North Indian,Occasional,1,0.00011160714285714285
C00211,3,Family,46-55,Biryani,Regular,2,0.0002232142857142857
C00212,4,Family,26-35,Cafe,Regular,2,0.0002232142857142857
C00213,7,Young Professional,18-25,Momos,Regular,2,0.0002232142857142857
C00214,4,Young Professional,26-35,Burgers,Occasional,1,0.00011160714285714285
C00215,9,Working Professional,36-45,Cafe,Regular,2,0.0002232142857142857
C00216,1,Student,18-25,Pizza,Occasional,1,0.00011160714285714285
C00217,8,Student,26-35,South Indian,Occasional,1,0.00011160714285714285
C00218,7,Student,26-35,Burgers,Regular,2,0.0002232142857142857
C00219,2,Young Professional,26-35,Momos,Regular,2,0.0002232142857142857
C00220,8,Working Professional,26-35,Biryani,Regular,2,0.0002232142857142857
C00221,1,Student,18-25,Pizza,Regular,2,0.0002232142857142857
C00222,9,Working Professional,36-45,Biryani,Regular,2,0.0002232142857142857
C00223,9,Working Professional,26-35,Momos,Occasional,1,0.00011160714285714285
C00224,2,Family,26-35,Biryani,Occasional,1,0.00011160714285714285
C00225,7,Student,26-35,Cafe,Occasional,1,0.00011160714285714285
C00226,10,Young Professional,18-25,Pizza,Occasional,1,0.00011160714285714285
C00227,3,Working Professional,36-45,Healthy,Frequent,4,0.0004464285714285714
C00228,7,Student,26-35,Pizza,Occasional,1,0.00011160714285714285
C00229,10,Young Professional,26-35,Burgers,Frequent,4,0.0004464285714285714
C00230,9,Student,26-35,Burgers,Regular,2,0.0002232142857142857
C00231,4,Young Professional,26-35,Momos,Regular,2,0.0002232142857142857
C00232,1,Young Professional,18-25,Biryani,Regular,2,0.0002232142857142857
C00233,2,Family,18-25,Biryani,Regular,2,0.0002232142857142857
C00234,1,Family,18-25,North Indian,Occasional,1,0.00011160714285714285
C00235,5,Working Professional,36-45,North Indian,Occasional,1,0.00011160714285714285
C00236,5,Young Professional,18-25,Burgers,Regular,2,0.0002232142857142857
C00237,7,Working Professional,18-25,North Indian,Occasional,1,0.00011160714285714285
C00238,9,Family,36-45,Cafe,Occasional,1,0.00011160714285714285
C00239,9,Young Professional,18-25,Biryani,Regular,2,0.0002232142857142857
C00240,3,Young Professional,26-35,Healthy,Occasional,1,0.00011160714285714285
C00241,3,Young Professional,26-35,Cafe,Frequent,4,0.0004464285714285714
C00242,3,Working Professional,18-25,Burgers,Frequent,4,0.0004464285714285714
C00243,4,Young Professional,26-35,Momos,Frequent,4,0.0004464285714285714
C00244,8,Family,18-25,Biryani,Occasional,1,0.00011160714285714285
C00245,6,Young Professional,46-55,South Indian,Occasional,1,0.00011160714285714285
C00246,8,Family,26-35,Biryani,Frequent,4,0.0004464285714285714
C00247,1,Working Professional,18-25,North Indian,Occasional,1,0.00011160714285714285
C00248,8,Working Professional,18-25,Healthy,Frequent,4,0.0004464285714285714
C00249,4,Working Professional,26-35,Chinese,Frequent,4,0.0004464285714285714
C00250,1,Family,18-25,Cafe,Frequent,4,0.0004464285714285714
C00251,8,Working Professional,18-25,South Indian,Occasional,1,0.00011160714285714285
C00252,4,Working Professional,26-35,Cafe,Occasional,1,0.00011160714285714285
C00253,6,Working Professional,46-55,Healthy,Frequent,4,0.0004464285714285714
C00254,8,Young Professional,26-35,Biryani,Occasional,1,0.00011160714285714285
C00255,4,Working Professional,36-45,North Indian,Occasional,1,0.00011160714285714285
C00256,3,Student,46-55,Biryani,Regular,2,0.0002232142857142857
C00257,9,Student,18-25,Pizza,Frequent,4,0.0004464285714285714
C00258,3,Student,36-45,Chinese,Regular,2,0.0002232142857142857
C00259,9,Working Professional,36-45,South Indian,Regular,2,0.0002232142857142857
C00260,2,Student,26-35,Cafe,Occasional,1,0.00011160714285714285
C00261,2,Student,56+,North Indian,Regular,2,0.0002232142857142857
C00262,2,Young Professional,18-25,Cafe,Frequent,4,0.0004464285714285714
C00263,6,Young Professional,18-25,Pizza,Occasional,1,0.00011160714285714285
C00264,3,Working Professional,36-45,Chinese,Regular,2,0.0002232142857142857
C00265,9,Young Professional,26-35,Burgers,Frequent,4,0.0004464285714285714
C00266,4,Student,26-35,Burgers,Regular,2,0.0002232142857142857
C00267,1,Family,18-25,South Indian,Regular,2,0.0002232142857142857
C00268,4,Family,36-45,North Indian,Regular,2,0.0002232142857142857
C00269,1,Working Professional,36-45,Momos,Occasional,1,0.00011160714285714285
C00270,5,Working Professional,26-35,Chinese,Occasional,1,0.00011160714285714285
C00271,4,Working Professional,56+,Pizza,Regular,2,0.0002232142857142857
C00272,8,Working Professional,26-35,North Indian,Regular,2,0.0002232142857142857
C00273,8,Family,18-25,South Indian,Frequent,4,0.0004464285714285714
C00274,7,Student,36-45,Pizza,Frequent,4,0.0004464285714285714
C00275,3,Student,36-45,Pizza,Regular,2,0.0002232142857142857
C00276,1,Student,18-25,Biryani,Regular,2,0.0002232142857142857
C00277,1,Student,18-25,Biryani,Regular,2,0.0002232142857142857
C00278,3,Working Professional,36-45,Pizza,Regular,2,0.0002232142857142857
C00279,6,Student,56+,South Indian,Regular,2,0.0002232142857142857
C00280,7,Young Professional,26-35,Cafe,Regular,2,0.0002232142857142857
C00281,6,Student,18-25,Burgers,Frequent,4,0.0004464285714285714
C00282,6,Student,56+,Momos,Occasional,1,0.00011160714285714285
C00283,6,Family,46-55,Cafe,Occasional,1,0.00011160714285714285
C00284,3,Student,26-35,Cafe,Occasional,1,0.00011160714285714285
C00285,6,Family,36-45,North Indian,Regular,2,0.0002232142857142857
C00286,8,Family,36-45,Desserts,Occasional,1,0.00011160714285714285
C00287,2,Student,46-55,Biryani,Occasional,1,0.00011160714285714285
C00288,5,Student,46-55,Cafe,Regular,2,0.0002232142857142857
C00289,1,Working Professional,26-35,Biryani,Occasional,1,0.00011160714285714285
C00290,1,Student,26-35,Momos,Regular,2,0.0002232142857142857
C00291,5,Student,26-35,Momos,Occasional,1,0.00011160714285714285
C00292,3,Student,26-35,North Indian,Occasional,1,0.00011160714285714285
C00293,4,Student,36-45,Momos,Regular,2,0.0002232142857142857
C00294,3,Working Professional,56+,Biryani,Occasional,1,0.00011160714285714285
C00295,1,Family,26-35,Pizza,Occasional,1,0.00011160714285714285
C00296,1,Working Professional,26-35,North Indian,Regular,2,0.0002232142857142857
C00297,5,Student,26-35,Cafe,Regular,2,0.0002232142857142857
C00298,6,Student,36-45,Cafe,Occasional,1,0.00011160714285714285
C00299,3,Young Professional,26-35,Momos,Regular,2,0.0002232142857142857
C00300,9,Working Professional,18-25,North Indian,Occasional,1,0.00011160714285714285
C00301,5,Young Professional,26-35,Burgers,Occasional,1,0.00011160714285714285
C00302,8,Working Professional,18-25,North Indian,Regular,2,0.0002232142857142857
C00303,1,Family,18-25,Chinese,Regular,2,0.0002232142857142857
C00304,5,Working Professional,36-45,Biryani,Regular,2,0.0002232142857142857
C00305,3,Working Professional,18-25,South Indian,Regular,2,0.0002232142857142857
C00306,1,Working Professional,26-35,Biryani,Frequent,4,0.0004464285714285714
C00307,4,Working Professional,18-25,Pizza,Regular,2,0.0002232142857142857
C00308,5,Student,18-25,Pizza,Occasional,1,0.00011160714285714285
C00309,7,Working Professional,36-45,North Indian,Regular,2,0.0002232142857142857
C00310,1,Family,26-35,Pizza,Occasional,1,0.00011160714285714285
C00311,3,Young Professional,46-55,Desserts,Occasional,1,0.00011160714285714285
C00312,2,Working Professional,26-35,Healthy,Occasional,1,0.00011160714285714285
C00313,9,Working Professional,18-25,Chinese,Occasional,1,0.00011160714285714285
C00314,10,Student,26-35,Momos,Frequent,4,0.0004464285714285714
C00315,6,Family,36-45,Chinese,Regular,2,0.0002232142857142857
C00316,10,Working Professional,26-35,Desserts,Regular,2,0.0002232142857142857
C00317,3,Young Professional,46-55,Chinese,Occasional,1,0.00011160714285714285
C00318,8,Working Professional,26-35,South Indian,Occasional,1,0.00011160714285714285
C00319,8,Working Professional,26-35,Chinese,Occasional,1,0.00011160714285714285
C00320,2,Family,36-45,North Indian,Occasional,1,0.00011160714285714285
C00321,6,Young Professional,46-55,Momos,Regular,2,0.0002232142857142857
C00322,7,Working Professional,26-35,Cafe,Regular,2,0.0002232142857142857
C00323,2,Working Professional,18-25,North Indian,Regular,2,0.0002232142857142857
C00324,10,Young Professional,26-35,Burgers,Occasional,1,0.00011160714285714285
C00325,2,Student,26-35,Biryani,Frequent,4,0.0004464285714285714
C00326,10,Young Professional,56+,Burgers,Regular,2,0.0002232142857142857
C00327,1,Student,26-35,South Indian,Regular,2,0.0002232142857142857
C00328,8,Family,18-25,South Indian,Regular,2,0.0002232142857142857
C00329,1,Family,56+,North Indian,Occasional,1,0.00011160714285714285
C00330,9,Working Professional,46-55,Healthy,Occasional,1,0.00011160714285714285
C00331,6,Young Professional,18-25,Momos,Occasional,1,0.00011160714285714285
C00332,7,Student,46-55,Burgers,Regular,2,0.0002232142857142857
C00333,10,Student,26-35,Burgers,Occasional,1,0.00011160714285714285
C00334,7,Working Professional,26-35,North Indian,Occasional,1,0.00011160714285714285
C00335,10,Working Professional,46-55,Biryani,Occasional,1,0.00011160714285714285
C00336,3,Family,26-35,Pizza,Occasional,1,0.00011160714285714285
C00337,2,Student,18-25,Burgers,Frequent,4,0.0004464285714285714
C00338,9,Student,26-35,Momos,Regular,2,0.0002232142857142857
C00339,8,Student,36-45,South Indian,Occasional,1,0.00011160714285714285
C00340,10,Student,18-25,Cafe,Occasional,1,0.00011160714285714285
C00341,7,Working Professional,26-35,Biryani,Occasional,1,0.00011160714285714285
C00342,9,Family,36-45,North Indian,Occasional,1,0.00011160714285714285
C00343,4,Young Professional,26-35,Chinese,Occasional,1,0.00011160714285714285
C00344,4,Young Professional,36-45,Pizza,Occasional,1,0.00011160714285714285
C00345,1,Student,46-55,Healthy,Occasional,1,0.00011160714285714285
C00346,8,Working Professional,26-35,Pizza,Regular,2,0.0002232142857142857
C00347,3,Student,26-35,Biryani,Regular,2,0.0002232142857142857
C00348,7,Student,18-25,Pizza,Occasional,1,0.00011160714285714285
C00349,2,Working Professional,26-35,Chinese,Occasional,1,0.00011160714285714285
C00350,2,Student,46-55,Chinese,Regular,2,0.0002232142857142857
C00351,7,Student,26-35,Biryani,Regular,2,0.0002232142857142857
C00352,6,Young Professional,26-35,Cafe,Frequent,4,0.0004464285714285714
C00353,3,Working Professional,26-35,Cafe,Regular,2,0.0002232142857142857
C00354,9,Working Professional,26-35,Chinese,Occasional,1,0.00011160714285714285
C00355,10,Student,18-25,Biryani,Occasional,1,0.00011160714285714285
C00356,6,Student,36-45,South Indian,Regular,2,0.0002232142857142857
C00357,10,Young Professional,18-25,Cafe,Occasional,1,0.00011160714285714285
C00358,10,Student,36-45,Cafe,Regular,2,0.0002232142857142857
C00359,6,Working Professional,26-35,North Indian,Frequent,4,0.0004464285714285714
C00360,1,Student,26-35,North Indian,Regular,2,0.0002232142857142857
C00361,4,Working Professional,18-25,Pizza,Occasional,1,0.00011160714285714285
C00362,10,Student,36-45,Cafe,Regular,2,0.0002232142857142857
C00363,6,Young Professional,18-25,Momos,Occasional,1,0.00011160714285714285
C00364,6,Young Professional,18-25,Desserts,Regular,2,0.0002232142857142857
C00365,5,Family,26-35,Desserts,Frequent,4,0.0004464285714285714
C00366,1,Student,36-45,Cafe,Occasional,1,0.00011160714285714285
C00367,8,Young Professional,18-25,Pizza,Frequent,4,0.0004464285714285714
C00368,5,Working Professional,18-25,South Indian,Frequent,4,0.0004464285714285714
C00369,5,Working Professional,36-45,Momos,Occasional,1,0.00011160714285714285
C00370,7,Family,36-45,Biryani,Occasional,1,0.00011160714285714285
C00371,4,Student,18-25,Momos,Occasional,1,0.00011160714285714285
C00372,6,Student,26-35,Cafe,Occasional,1,0.00011160714285714285
C00373,4,Family,26-35,Pizza,Occasional,1,0.00011160714285714285
C00374,3,Student,26-35,Biryani,Regular,2,0.0002232142857142857
C00375,7,Working Professional,46-55,Healthy,Occasional,1,0.00011160714285714285
C00376,8,Working Professional,18-25,Cafe,Occasional,1,0.00011160714285714285
C00377,4,Young Professional,36-45,Cafe,Regular,2,0.0002232142857142857
C00378,2,Young Professional,26-35,Biryani,Occasional,1,0.00011160714285714285
C00379,10,Young Professional,26-35,South Indian,Regular,2,0.0002232142857142857
C00380,3,Student,36-45,Burgers,Occasional,1,0.00011160714285714285
C00381,1,Student,46-55,Momos,Occasional,1,0.00011160714285714285
C00382,8,Working Professional,18-25,Cafe,Regular,2,0.0002232142857142857
C00383,3,Student,18-25,Biryani,Regular,2,0.0002232142857142857
C00384,10,Student,18-25,Chinese,Frequent,4,0.0004464285714285714
C00385,7,Working Professional,56+,North Indian,Regular,2,0.0002232142857142857
C00386,10,Working Professional,36-45,North Indian,Regular,2,0.0002232142857142857
C00387,5,Young Professional,26-35,Desserts,Occasional,1,0.00011160714285714285
C00388,10,Student,18-25,Burgers,Occasional,1,0.00011160714285714285
C00389,5,Student,46-55,Pizza,Regular,2,0.0002232142857142857
C00390,7,Student,36-45,South Indian,Regular,2,0.0002232142857142857
C00391,9,Young Professional,36-45,Biryani,Frequent,4,0.0004464285714285714
C00392,5,Family,26-35,Biryani,Occasional,1,0.00011160714285714285
C00393,1,Young Professional,18-25,Cafe,Occasional,1,0.00011160714285714285
C00394,10,Young Professional,26-35,Pizza,Regular,2,0.0002232142857142857
C00395,10,Working Professional,36-45,North Indian,Occasional,1,0.00011160714285714285
C00396,1,Working Professional,18-25,Biryani,Frequent,4,0.0004464285714285714
C00397,2,Working Professional,26-35,Chinese,Frequent,4,0.0004464285714285714
C00398,6,Working Professional,18-25,Burgers,Occasional,1,0.00011160714285714285
C00399,9,Working Professional,36-45,Chinese,Regular,2,0.0002232142857142857
C00400,8,Working Professional,26-35,Pizza,Regular,2,0.0002232142857142857
C00401,5,Young Professional,18-25,Burgers,Occasional,1,0.00011160714285714285
C00402,1,Young Professional,26-35,Cafe,Frequent,4,0.0004464285714285714
C00403,7,Family,26-35,South Indian,Regular,2,0.0002232142857142857
C00404,5,Family,18-25,Pizza,Regular,2,0.0002232142857142857
C00405,6,Family,46-55,South Indian,Occasional,1,0.00011160714285714285
C00406,7,Student,18-25,Cafe,Frequent,4,0.0004464285714285714
C00407,3,Student,26-35,Burgers,Occasional,1,0.00011160714285714285
C00408,10,Family,18-25,North Indian,Occasional,1,0.00011160714285714285
C00409,3,Family,18-25,North Indian,Frequent,4,0.0004464285714285714
C00410,5,Student,18-25,Burgers,Occasional,1,0.00011160714285714285
C00411,6,Young Professional,18-25,Biryani,Occasional,1,0.00011160714285714285
C00412,9,Student,26-35,Chinese,Frequent,4,0.0004464285714285714
C00413,5,Student,18-25,Chinese,Frequent,4,0.0004464285714285714
C00414,1,Family,36-45,Pizza,Regular,2,0.0002232142857142857
C00415,4,Student,18-25,Momos,Regular,2,0.0002232142857142857
C00416,5,Student,18-25,Desserts,Occasional,1,0.00011160714285714285
C00417,10,Working Professional,26-35,Pizza,Occasional,1,0.00011160714285714285
C00418,10,Family,46-55,Momos,Occasional,1,0.00011160714285714285
C00419,5,Working Professional,26-35,Biryani,Regular,2,0.0002232142857142857
C00420,7,Family,36-45,North Indian,Regular,2,0.0002232142857142857
C00421,4,Working Professional,18-25,North Indian,Regular,2,0.0002232142857142857
C00422,1,Student,46-55,Biryani,Regular,2,0.0002232142857142857
C00423,5,Young Professional,18-25,Biryani,Occasional,1,0.00011160714285714285
C00424,7,Student,18-25,Momos,Occasional,1,0.00011160714285714285
C00425,10,Young Professional,26-35,Biryani,Occasional,1,0.00011160714285714285
C00426,10,Working Professional,26-35,Healthy,Regular,2,0.0002232142857142857
C00427,6,Young Professional,56+,Burgers,Occasional,1,0.00011160714285714285
C00428,5,Student,18-25,Chinese,Frequent,4,0.0004464285714285714
C00429,4,Working Professional,56+,Pizza,Occasional,1,0.00011160714285714285
C00430,2,Student,26-35,Biryani,Occasional,1,0.00011160714285714285
C00431,4,Student,26-35,Biryani,Occasional,1,0.00011160714285714285
C00432,10,Family,18-25,North Indian,Regular,2,0.0002232142857142857
C00433,10,Student,18-25,Momos,Regular,2,0.0002232142857142857
C00434,3,Working Professional,46-55,Burgers,Occasional,1,0.00011160714285714285
C00435,10,Student,26-35,North Indian,Occasional,1,0.00011160714285714285
C00436,1,Working Professional,36-45,Biryani,Regular,2,0.0002232142857142857
C00437,8,Family,56+,North Indian,Occasional,1,0.00011160714285714285
C00438,5,Working Professional,18-25,South Indian,Regular,2,0.0002232142857142857
C00439,4,Family,26-35,Chinese,Regular,2,0.0002232142857142857
C00440,8,Family,36-45,Biryani,Occasional,1,0.00011160714285714285
C00441,7,Young Professional,18-25,Biryani,Occasional,1,0.00011160714285714285
C00442,2,Working Professional,18-25,Chinese,Frequent,4,0.0004464285714285714
C00443,1,Family,26-35,Desserts,Occasional,1,0.00011160714285714285
C00444,4,Young Professional,26-35,Pizza,Occasional,1,0.00011160714285714285
C00445,8,Family,36-45,North Indian,Regular,2,0.0002232142857142857
C00446,2,Working Professional,18-25,Pizza,Frequent,4,0.0004464285714285714
C00447,3,Family,56+,North Indian,Frequent,4,0.0004464285714285714
C00448,1,Family,18-25,Biryani,Regular,2,0.0002232142857142857
C00449,1,Family,26-35,Chinese,Occasional,1,0.00011160714285714285
C00450,3,Student,26-35,Chinese,Occasional,1,0.00011160714285714285
C00451,5,Student,18-25,Momos,Regular,2,0.0002232142857142857
C00452,3,Young Professional,18-25,Pizza,Regular,2,0.0002232142857142857
C00453,1,Student,36-45,Momos,Occasional,1,0.00011160714285714285
C00454,1,Family,46-55,Chinese,Frequent,4,0.0004464285714285714
C00455,8,Working Professional,18-25,Healthy,Occasional,1,0.00011160714285714285
C00456,10,Working Professional,26-35,North Indian,Occasional,1,0.00011160714285714285
C00457,2,Student,26-35,Biryani,Occasional,1,0.00011160714285714285
C00458,3,Student,18-25,Momos,Occasional,1,0.00011160714285714285
C00459,2,Young Professional,36-45,Pizza,Occasional,1,0.00011160714285714285
C00460,3,Young Professional,36-45,North Indian,Occasional,1,0.00011160714285714285
C00461,7,Family,26-35,North Indian,Occasional,1,0.00011160714285714285
C00462,1,Working Professional,56+,North Indian,Regular,2,0.0002232142857142857
C00463,10,Family,18-25,Momos,Regular,2,0.0002232142857142857
C00464,8,Family,36-45,Biryani,Regular,2,0.0002232142857142857
C00465,10,Working Professional,26-35,North Indian,Frequent,4,0.0004464285714285714
C00466,10,Student,26-35,Momos,Occasional,1,0.00011160714285714285
C00467,10,Family,26-35,Chinese,Occasional,1,0.00011160714285714285
C00468,2,Family,18-25,Pizza,Frequent,4,0.0004464285714285714
C00469,3,Young Professional,36-45,Pizza,Occasional,1,0.00011160714285714285
C00470,9,Student,36-45,Chinese,Frequent,4,0.0004464285714285714
C00471,7,Family,18-25,North Indian,Occasional,1,0.00011160714285714285
C00472,4,Working Professional,46-55,Biryani,Frequent,4,0.0004464285714285714
C00473,10,Working Professional,26-35,Pizza,Occasional,1,0.00011160714285714285
C00474,5,Student,36-45,Biryani,Frequent,4,0.0004464285714285714
C00475,2,Working Professional,18-25,North Indian,Regular,2,0.0002232142857142857
C00476,8,Working Professional,18-25,Healthy,Frequent,4,0.0004464285714285714
C00477,4,Working Professional,26-35,Biryani,Occasional,1,0.00011160714285714285
C00478,9,Family,26-35,Desserts,Regular,2,0.0002232142857142857
C00479,5,Family,26-35,South Indian,Frequent,4,0.0004464285714285714
C00480,9,Working Professional,26-35,Cafe,Regular,2,0.0002232142857142857
C00481,4,Young Professional,18-25,Momos,Regular,2,0.0002232142857142857
C00482,10,Working Professional,26-35,Cafe,Regular,2,0.0002232142857142857
C00483,5,Student,36-45,Momos,Occasional,1,0.00011160714285714285
C00484,9,Family,36-45,Biryani,Regular,2,0.0002232142857142857
C00485,8,Student,18-25,Chinese,Regular,2,0.0002232142857142857
C00486,3,Working Professional,18-25,Cafe,Frequent,4,0.0004464285714285714
C00487,1,Student,36-45,Burgers,Occasional,1,0.00011160714285714285
C00488,3,Student,18-25,Momos,Occasional,1,0.00011160714285714285
C00489,4,Young Professional,18-25,Chinese,Frequent,4,0.0004464285714285714
C00490,2,Student,18-25,Burgers,Frequent,4,0.0004464285714285714
C00491,1,Working Professional,26-35,Chinese,Occasional,1,0.00011160714285714285
C00492,7,Student,26-35,Momos,Regular,2,0.0002232142857142857
C00493,8,Family,26-35,Pizza,Occasional,1,0.00011160714285714285
C00494,7,Working Professional,18-25,Biryani,Occasional,1,0.00011160714285714285
C00495,5,Family,36-45,Biryani,Occasional,1,0.00011160714285714285
C00496,1,Working Professional,18-25,Cafe,Occasional,1,0.00011160714285714285
C00497,7,Student,46-55,Momos,Regular,2,0.0002232142857142857
C00498,7,Working Professional,26-35,North Indian,Occasional,1,0.00011160714285714285
C00499,9,Student,26-35,Burgers,Frequent,4,0.0004464285714285714
C00500,3,Working Professional,18-25,Biryani,Frequent,4,0.0004464285714285714
C00501,9,Working Professional,18-25,North Indian,Regular,2,0.0002232142857142857
C00502,1,Young Professional,26-35,Burgers,Regular,2,0.0002232142857142857
C00503,1,Student,26-35,Chinese,Occasional,1,0.00011160714285714285
C00504,4,Family,18-25,Chinese,Regular,2,0.0002232142857142857
C00505,9,Student,56+,Momos,Regular,2,0.0002232142857142857
C00506,6,Working Professional,56+,Pizza,Occasional,1,0.00011160714285714285
C00507,3,Working Professional,26-35,Pizza,Frequent,4,0.0004464285714285714
C00508,1,Young Professional,56+,Healthy,Regular,2,0.0002232142857142857
C00509,4,Student,18-25,Burgers,Frequent,4,0.0004464285714285714
C00510,9,Student,18-25,South Indian,Regular,2,0.0002232142857142857
C00511,3,Working Professional,18-25,Pizza,Regular,2,0.0002232142857142857
C00512,9,Student,26-35,Pizza,Occasional,1,0.00011160714285714285
C00513,7,Student,18-25,Cafe,Frequent,4,0.0004464285714285714
C00514,4,Working Professional,56+,Chinese,Frequent,4,0.0004464285714285714
C00515,3,Student,18-25,Cafe,Occasional,1,0.00011160714285714285
C00516,10,Student,26-35,Desserts,Occasional,1,0.00011160714285714285
C00517,5,Family,36-45,Biryani,Occasional,1,0.00011160714285714285
C00518,5,Working Professional,18-25,North Indian,Regular,2,0.0002232142857142857
C00519,3,Student,18-25,Pizza,Frequent,4,0.0004464285714285714
C00520,9,Student,26-35,Biryani,Occasional,1,0.00011160714285714285
C00521,4,Family,18-25,Desserts,Regular,2,0.0002232142857142857
C00522,5,Student,18-25,Chinese,Occasional,1,0.00011160714285714285
C00523,4,Working Professional,18-25,Momos,Frequent,4,0.0004464285714285714
C00524,5,Student,26-35,Momos,Regular,2,0.0002232142857142857
C00525,7,Working Professional,56+,Chinese,Regular,2,0.0002232142857142857
C00526,9,Working Professional,46-55,Chinese,Occasional,1,0.00011160714285714285
C00527,7,Family,18-25,North Indian,Occasional,1,0.00011160714285714285
C00528,5,Young Professional,26-35,Cafe,Occasional,1,0.00011160714285714285
C00529,10,Family,26-35,North Indian,Occasional,1,0.00011160714285714285
C00530,10,Student,56+,Pizza,Frequent,4,0.0004464285714285714
C00531,7,Student,18-25,Healthy,Regular,2,0.0002232142857142857
C00532,10,Working Professional,26-35,Healthy,Frequent,4,0.0004464285714285714
C00533,5,Student,36-45,Burgers,Frequent,4,0.0004464285714285714
C00534,3,Student,56+,Pizza,Regular,2,0.0002232142857142857
C00535,7,Family,18-25,Biryani,Regular,2,0.0002232142857142857
C00536,2,Working Professional,18-25,North Indian,Frequent,4,0.0004464285714285714
C00537,9,Working Professional,18-25,North Indian,Regular,2,0.0002232142857142857
C00538,10,Working Professional,18-25,Chinese,Occasional,1,0.00011160714285714285
C00539,10,Working Professional,26-35,Biryani,Occasional,1,0.00011160714285714285
C00540,1,Student,36-45,Burgers,Occasional,1,0.00011160714285714285
C00541,6,Young Professional,26-35,Chinese,Frequent,4,0.0004464285714285714
C00542,7,Student,18-25,Burgers,Regular,2,0.0002232142857142857
C00543,8,Family,18-25,North Indian,Occasional,1,0.00011160714285714285
C00544,10,Family,18-25,Pizza,Regular,2,0.0002232142857142857
C00545,9,Family,18-25,North Indian,Regular,2,0.0002232142857142857
C00546,2,Working Professional,36-45,Biryani,Occasional,1,0.00011160714285714285
C00547,10,Student,18-25,Burgers,Occasional,1,0.00011160714285714285
C00548,2,Working Professional,18-25,South Indian,Regular,2,0.0002232142857142857
C00549,5,Family,26-35,South Indian,Regular,2,0.0002232142857142857
C00550,5,Working Professional,26-35,Healthy,Regular,2,0.0002232142857142857
C00551,6,Young Professional,26-35,Chinese,Regular,2,0.0002232142857142857
C00552,3,Working Professional,36-45,Chinese,Frequent,4,0.0004464285714285714
C00553,8,Student,18-25,Burgers,Regular,2,0.0002232142857142857
C00554,1,Student,36-45,Chinese,Regular,2,0.0002232142857142857
C00555,6,Working Professional,26-35,Pizza,Frequent,4,0.0004464285714285714
C00556,4,Working Professional,26-35,Desserts,Occasional,1,0.00011160714285714285
C00557,1,Family,46-55,North Indian,Occasional,1,0.00011160714285714285
C00558,7,Family,18-25,Chinese,Occasional,1,0.00011160714285714285
C00559,9,Young Professional,26-35,Healthy,Regular,2,0.0002232142857142857
C00560,4,Young Professional,18-25,Burgers,Regular,2,0.0002232142857142857
C00561,4,Young Professional,26-35,Cafe,Regular,2,0.0002232142857142857
C00562,6,Student,36-45,Pizza,Occasional,1,0.00011160714285714285
C00563,3,Family,46-55,Pizza,Occasional,1,0.00011160714285714285
C00564,6,Student,46-55,Cafe,Occasional,1,0.00011160714285714285
C00565,7,Student,26-35,South Indian,Occasional,1,0.00011160714285714285
C00566,10,Family,18-25,Burgers,Regular,2,0.0002232142857142857
C00567,10,Working Professional,36-45,North Indian,Occasional,1,0.00011160714285714285
C00568,3,Student,36-45,Chinese,Occasional,1,0.00011160714285714285
C00569,7,Student,18-25,South Indian,Frequent,4,0.0004464285714285714
C00570,3,Student,26-35,Chinese,Occasional,1,0.00011160714285714285
C00571,2,Young Professional,46-55,Burgers,Regular,2,0.0002232142857142857
C00572,10,Student,26-35,Chinese,Regular,2,0.0002232142857142857
C00573,4,Student,26-35,Pizza,Occasional,1,0.00011160714285714285
C00574,8,Working Professional,46-55,South Indian,Regular,2,0.0002232142857142857
C00575,9,Working Professional,18-25,Healthy,Frequent,4,0.0004464285714285714
C00576,7,Young Professional,18-25,Burgers,Frequent,4,0.0004464285714285714
C00577,1,Student,36-45,Chinese,Occasional,1,0.00011160714285714285
C00578,3,Working Professional,26-35,North Indian,Frequent,4,0.0004464285714285714
C00579,9,Family,36-45,Burgers,Occasional,1,0.00011160714285714285
C00580,1,Young Professional,18-25,Chinese,Occasional,1,0.00011160714285714285
C00581,9,Family,18-25,Desserts,Occasional,1,0.00011160714285714285
C00582,8,Young Professional,18-25,Biryani,Frequent,4,0.0004464285714285714
C00583,1,Student,56+,Momos,Occasional,1,0.00011160714285714285
C00584,6,Working Professional,26-35,Biryani,Occasional,1,0.00011160714285714285
C00585,5,Working Professional,26-35,Chinese,Regular,2,0.0002232142857142857
C00586,6,Young Professional,18-25,Biryani,Occasional,1,0.00011160714285714285
C00587,10,Student,18-25,Chinese,Occasional,1,0.00011160714285714285
C00588,5,Student,26-35,Pizza,Occasional,1,0.00011160714285714285
C00589,6,Working Professional,18-25,Pizza,Occasional,1,0.00011160714285714285
C00590,5,Student,26-35,Chinese,Occasional,1,0.00011160714285714285
C00591,5,Student,26-35,Biryani,Occasional,1,0.00011160714285714285
C00592,4,Young Professional,36-45,Chinese,Regular,2,0.0002232142857142857
C00593,3,Working Professional,36-45,Biryani,Occasional,1,0.00011160714285714285
C00594,3,Family,26-35,South Indian,Occasional,1,0.00011160714285714285
C00595,4,Family,18-25,Biryani,Frequent,4,0.0004464285714285714
C00596,9,Working Professional,36-45,Healthy,Occasional,1,0.00011160714285714285
C00597,2,Student,36-45,Biryani,Regular,2,0.0002232142857142857
C00598,9,Student,18-25,Pizza,Occasional,1,0.00011160714285714285
C00599,1,Working Professional,46-55,Pizza,Occasional,1,0.00011160714285714285
C00600,1,Family,18-25,South Indian,Occasional,1,0.00011160714285714285
C00601,5,Working Professional,18-25,Chinese,Occasional,1,0.00011160714285714285
C00602,6,Student,18-25,South Indian,Occasional,1,0.00011160714285714285
C00603,6,Working Professional,46-55,South Indian,Occasional,1,0.00011160714285714285
C00604,3,Young Professional,26-35,Momos,Occasional,1,0.00011160714285714285
C00605,7,Young Professional,36-45,North Indian,Occasional,1,0.00011160714285714285
C00606,9,Young Professional,18-25,Healthy,Occasional,1,0.00011160714285714285
C00607,10,Family,26-35,Momos,Occasional,1,0.00011160714285714285
C00608,8,Working Professional,26-35,South Indian,Occasional,1,0.00011160714285714285
C00609,6,Family,36-45,North Indian,Regular,2,0.0002232142857142857
C00610,8,Student,18-25,Burgers,Regular,2,0.0002232142857142857
C00611,5,Family,18-25,Pizza,Occasional,1,0.00011160714285714285
C00612,8,Family,18-25,North Indian,Regular,2,0.0002232142857142857
C00613,10,Student,46-55,Momos,Regular,2,0.0002232142857142857
C00614,4,Family,26-35,Pizza,Occasional,1,0.00011160714285714285
C00615,10,Young Professional,26-35,Pizza,Frequent,4,0.0004464285714285714
C00616,8,Student,26-35,Chinese,Frequent,4,0.0004464285714285714
C00617,10,Young Professional,56+,Chinese,Occasional,1,0.00011160714285714285
C00618,2,Student,46-55,Burgers,Occasional,1,0.00011160714285714285
C00619,5,Working Professional,36-45,Chinese,Regular,2,0.0002232142857142857
C00620,9,Working Professional,18-25,Desserts,Regular,2,0.0002232142857142857
C00621,4,Working Professional,18-25,North Indian,Occasional,1,0.00011160714285714285
C00622,6,Young Professional,46-55,North Indian,Occasional,1,0.00011160714285714285
C00623,1,Young Professional,26-35,Chinese,Occasional,1,0.00011160714285714285
C00624,9,Family,18-25,Pizza,Occasional,1,0.00011160714285714285
C00625,1,Student,26-35,Pizza,Regular,2,0.0002232142857142857
C00626,5,Young Professional,46-55,Pizza,Occasional,1,0.00011160714285714285
C00627,4,Student,26-35,Momos,Occasional,1,0.00011160714285714285
C00628,3,Young Professional,26-35,North Indian,Regular,2,0.0002232142857142857
C00629,6,Working Professional,36-45,North Indian,Occasional,1,0.00011160714285714285
C00630,2,Student,26-35,Chinese,Occasional,1,0.00011160714285714285
C00631,3,Family,18-25,Pizza,Regular,2,0.0002232142857142857
C00632,5,Student,56+,Pizza,Frequent,4,0.0004464285714285714
C00633,9,Student,56+,Biryani,Regular,2,0.0002232142857142857
C00634,2,Working Professional,46-55,Chinese,Regular,2,0.0002232142857142857
C00635,10,Student,36-45,Pizza,Occasional,1,0.00011160714285714285
C00636,8,Student,18-25,Cafe,Occasional,1,0.00011160714285714285
C00637,2,Student,46-55,Pizza,Regular,2,0.0002232142857142857
C00638,5,Working Professional,18-25,Healthy,Occasional,1,0.00011160714285714285
C00639,7,Student,36-45,Pizza,Occasional,1,0.00011160714285714285
C00640,8,Family,46-55,Pizza,Occasional,1,0.00011160714285714285
C00641,1,Student,26-35,Burgers,Occasional,1,0.00011160714285714285
C00642,6,Young Professional,36-45,Chinese,Occasional,1,0.00011160714285714285
C00643,1,Young Professional,36-45,Burgers,Occasional,1,0.00011160714285714285
C00644,2,Student,18-25,Desserts,Occasional,1,0.00011160714285714285
C00645,1,Family,36-45,Healthy,Occasional,1,0.00011160714285714285
C00646,5,Young Professional,18-25,Burgers,Frequent,4,0.0004464285714285714
C00647,10,Young Professional,26-35,North Indian,Regular,2,0.0002232142857142857
C00648,9,Working Professional,18-25,Healthy,Regular,2,0.0002232142857142857
C00649,6,Student,26-35,Biryani,Regular,2,0.0002232142857142857
C00650,1,Family,46-55,Pizza,Occasional,1,0.00011160714285714285
C00651,1,Family,56+,Desserts,Occasional,1,0.00011160714285714285
C00652,2,Family,26-35,Biryani,Regular,2,0.0002232142857142857
C00653,9,Working Professional,26-35,Chinese,Regular,2,0.0002232142857142857
C00654,3,Young Professional,26-35,Chinese,Regular,2,0.0002232142857142857
C00655,1,Young Professional,56+,North Indian,Occasional,1,0.00011160714285714285
C00656,5,Student,26-35,Chinese,Occasional,1,0.00011160714285714285
C00657,7,Student,36-45,Chinese,Occasional,1,0.00011160714285714285
C00658,6,Student,46-55,Pizza,Occasional,1,0.00011160714285714285
C00659,1,Young Professional,26-35,Cafe,Regular,2,0.0002232142857142857
C00660,5,Family,46-55,Biryani,Regular,2,0.0002232142857142857
C00661,5,Family,46-55,Pizza,Occasional,1,0.00011160714285714285
C00662,6,Working Professional,46-55,North Indian,Frequent,4,0.0004464285714285714
C00663,3,Working Professional,18-25,North Indian,Regular,2,0.0002232142857142857
C00664,5,Working Professional,26-35,South Indian,Occasional,1,0.00011160714285714285
C00665,7,Working Professional,46-55,South Indian,Occasional,1,0.00011160714285714285
C00666,5,Family,26-35,Biryani,Occasional,1,0.00011160714285714285
C00667,5,Young Professional,26-35,Cafe,Occasional,1,0.00011160714285714285
C00668,5,Young Professional,18-25,Chinese,Occasional,1,0.00011160714285714285
C00669,10,Young Professional,18-25,Chinese,Occasional,1,0.00011160714285714285
C00670,10,Working Professional,26-35,Pizza,Occasional,1,0.00011160714285714285
C00671,3,Working Professional,26-35,Pizza,Occasional,1,0.00011160714285714285
C00672,1,Family,26-35,Biryani,Frequent,4,0.0004464285714285714
C00673,5,Young Professional,26-35,Biryani,Occasional,1,0.00011160714285714285
C00674,9,Student,26-35,South Indian,Regular,2,0.0002232142857142857
C00675,1,Working Professional,36-45,Healthy,Occasional,1,0.00011160714285714285
C00676,3,Student,26-35,Momos,Frequent,4,0.0004464285714285714
C00677,4,Family,26-35,Pizza,Occasional,1,0.00011160714285714285
C00678,1,Working Professional,26-35,Biryani,Occasional,1,0.00011160714285714285
C00679,1,Working Professional,18-25,Chinese,Frequent,4,0.0004464285714285714
C00680,8,Student,26-35,Momos,Frequent,4,0.0004464285714285714
C00681,2,Working Professional,26-35,Pizza,Regular,2,0.0002232142857142857
C00682,8,Young Professional,26-35,Burgers,Occasional,1,0.00011160714285714285
C00683,7,Student,26-35,South Indian,Occasional,1,0.00011160714285714285
C00684,10,Family,36-45,Pizza,Regular,2,0.0002232142857142857
C00685,10,Family,18-25,Chinese,Frequent,4,0.0004464285714285714
C00686,2,Young Professional,46-55,Healthy,Regular,2,0.0002232142857142857
C00687,6,Student,18-25,South Indian,Regular,2,0.0002232142857142857
C00688,6,Young Professional,56+,Burgers,Occasional,1,0.00011160714285714285
C00689,3,Working Professional,26-35,Healthy,Regular,2,0.0002232142857142857
C00690,2,Young Professional,26-35,Cafe,Occasional,1,0.00011160714285714285
C00691,1,Young Professional,18-25,Burgers,Occasional,1,0.00011160714285714285
C00692,6,Student,18-25,Chinese,Occasional,1,0.00011160714285714285
C00693,5,Student,18-25,Chinese,Regular,2,0.0002232142857142857
C00694,9,Student,18-25,Biryani,Occasional,1,0.00011160714285714285
C00695,1,Working Professional,36-45,North Indian,Occasional,1,0.00011160714285714285
C00696,7,Student,26-35,Chinese,Regular,2,0.0002232142857142857
C00697,5,Student,36-45,Cafe,Occasional,1,0.00011160714285714285
C00698,5,Working Professional,18-25,Desserts,Regular,2,0.0002232142857142857
C00699,2,Student,46-55,Momos,Occasional,1,0.00011160714285714285
C00700,3,Student,26-35,Momos,Occasional,1,0.00011160714285714285
C00701,7,Working Professional,18-25,South Indian,Regular,2,0.0002232142857142857
C00702,6,Student,26-35,Chinese,Occasional,1,0.00011160714285714285
C00703,2,Working Professional,18-25,Biryani,Occasional,1,0.00011160714285714285
C00704,6,Working Professional,18-25,Healthy,Occasional,1,0.00011160714285714285
C00705,2,Working Professional,26-35,Momos,Occasional,1,0.00011160714285714285
C00706,2,Young Professional,36-45,Momos,Frequent,4,0.0004464285714285714
C00707,2,Working Professional,46-55,North Indian,Occasional,1,0.00011160714285714285
C00708,3,Working Professional,26-35,Chinese,Regular,2,0.0002232142857142857
C00709,2,Working Professional,56+,Chinese,Occasional,1,0.00011160714285714285
C00710,4,Young Professional,46-55,Burgers,Regular,2,0.0002232142857142857
C00711,9,Young Professional,46-55,Chinese,Regular,2,0.0002232142857142857
C00712,6,Young Professional,26-35,North Indian,Regular,2,0.0002232142857142857
C00713,1,Family,18-25,Biryani,Occasional,1,0.00011160714285714285
C00714,8,Student,18-25,Chinese,Occasional,1,0.00011160714285714285
C00715,7,Student,26-35,Momos,Occasional,1,0.00011160714285714285
C00716,10,Student,26-35,Momos,Frequent,4,0.0004464285714285714
C00717,3,Young Professional,18-25,Cafe,Regular,2,0.0002232142857142857
C00718,1,Family,26-35,Biryani,Frequent,4,0.0004464285714285714
C00719,5,Family,18-25,Chinese,Occasional,1,0.00011160714285714285
C00720,4,Working Professional,36-45,Chinese,Regular,2,0.0002232142857142857
C00721,10,Young Professional,18-25,Cafe,Frequent,4,0.0004464285714285714
C00722,8,Student,26-35,Pizza,Occasional,1,0.00011160714285714285
C00723,1,Student,36-45,Momos,Occasional,1,0.00011160714285714285
C00724,10,Working Professional,18-25,South Indian,Regular,2,0.0002232142857142857
C00725,1,Working Professional,26-35,Chinese,Regular,2,0.0002232142857142857
C00726,4,Working Professional,36-45,North Indian,Regular,2,0.0002232142857142857
C00727,8,Young Professional,18-25,Cafe,Occasional,1,0.00011160714285714285
C00728,5,Student,18-25,South Indian,Regular,2,0.0002232142857142857
C00729,2,Working Professional,26-35,North Indian,Occasional,1,0.00011160714285714285
C00730,6,Working Professional,26-35,North Indian,Occasional,1,0.00011160714285714285
C00731,5,Student,26-35,Chinese,Occasional,1,0.00011160714285714285
C00732,2,Young Professional,18-25,Biryani,Regular,2,0.0002232142857142857
C00733,3,Family,26-35,North Indian,Regular,2,0.0002232142857142857
C00734,9,Family,18-25,Biryani,Regular,2,0.0002232142857142857
C00735,7,Young Professional,46-55,Chinese,Occasional,1,0.00011160714285714285
C00736,7,Family,26-35,North Indian,Frequent,4,0.0004464285714285714
C00737,6,Student,46-55,Biryani,Occasional,1,0.00011160714285714285
C00738,8,Family,26-35,North Indian,Regular,2,0.0002232142857142857
C00739,4,Working Professional,36-45,Chinese,Occasional,1,0.00011160714285714285
C00740,8,Student,26-35,Chinese,Occasional,1,0.00011160714285714285
C00741,4,Student,26-35,Chinese,Occasional,1,0.00011160714285714285
C00742,8,Family,26-35,North Indian,Occasional,1,0.00011160714285714285
C00743,9,Family,36-45,North Indian,Regular,2,0.0002232142857142857
C00744,3,Student,26-35,Biryani,Regular,2,0.0002232142857142857
C00745,3,Family,26-35,North Indian,Occasional,1,0.00011160714285714285
C00746,2,Young Professional,26-35,Pizza,Frequent,4,0.0004464285714285714
C00747,10,Student,46-55,Biryani,Occasional,1,0.00011160714285714285
C00748,3,Student,36-45,Pizza,Regular,2,0.0002232142857142857
C00749,3,Family,26-35,Chinese,Frequent,4,0.0004464285714285714
C00750,5,Student,36-45,Pizza,Regular,2,0.0002232142857142857
C00751,5,Family,26-35,North Indian,Occasional,1,0.00011160714285714285
C00752,2,Student,46-55,Biryani,Frequent,4,0.0004464285714285714
C00753,10,Working Professional,46-55,Pizza,Regular,2,0.0002232142857142857
C00754,6,Family,26-35,Biryani,Occasional,1,0.00011160714285714285
C00755,5,Family,26-35,Cafe,Occasional,1,0.00011160714285714285
C00756,6,Young Professional,36-45,Momos,Regular,2,0.0002232142857142857
C00757,1,Young Professional,26-35,Pizza,Regular,2,0.0002232142857142857
C00758,5,Family,56+,South Indian,Regular,2,0.0002232142857142857
C00759,9,Family,18-25,Biryani,Frequent,4,0.0004464285714285714
C00760,10,Student,18-25,Burgers,Regular,2,0.0002232142857142857
C00761,2,Working Professional,18-25,Biryani,Occasional,1,0.00011160714285714285
C00762,1,Student,26-35,South Indian,Occasional,1,0.00011160714285714285
C00763,10,Young Professional,46-55,Biryani,Occasional,1,0.00011160714285714285
C00764,9,Working Professional,18-25,Healthy,Regular,2,0.0002232142857142857
C00765,10,Working Professional,36-45,Pizza,Occasional,1,0.00011160714285714285
C00766,9,Student,36-45,Biryani,Regular,2,0.0002232142857142857
C00767,9,Family,36-45,Cafe,Regular,2,0.0002232142857142857
C00768,6,Young Professional,26-35,Pizza,Frequent,4,0.0004464285714285714
C00769,8,Working Professional,36-45,Biryani,Occasional,1,0.00011160714285714285
C00770,1,Young Professional,18-25,Burgers,Regular,2,0.0002232142857142857
C00771,10,Student,36-45,Healthy,Occasional,1,0.00011160714285714285
C00772,4,Working Professional,18-25,Healthy,Regular,2,0.0002232142857142857
C00773,1,Young Professional,26-35,Pizza,Occasional,1,0.00011160714285714285
C00774,8,Working Professional,36-45,Pizza,Occasional,1,0.00011160714285714285
C00775,1,Young Professional,18-25,Cafe,Regular,2,0.0002232142857142857
C00776,3,Student,18-25,Cafe,Occasional,1,0.00011160714285714285
C00777,4,Student,36-45,Momos,Occasional,1,0.00011160714285714285
C00778,8,Young Professional,26-35,Biryani,Regular,2,0.0002232142857142857
C00779,6,Student,26-35,Chinese,Regular,2,0.0002232142857142857
C00780,10,Young Professional,18-25,Pizza,Regular,2,0.0002232142857142857
C00781,7,Young Professional,18-25,Burgers,Regular,2,0.0002232142857142857
C00782,8,Student,26-35,Biryani,Regular,2,0.0002232142857142857
C00783,2,Working Professional,18-25,Chinese,Occasional,1,0.00011160714285714285
C00784,10,Student,46-55,Pizza,Occasional,1,0.00011160714285714285
C00785,8,Working Professional,18-25,Biryani,Occasional,1,0.00011160714285714285
C00786,3,Student,26-35,Biryani,Frequent,4,0.0004464285714285714
C00787,7,Student,18-25,Pizza,Regular,2,0.0002232142857142857
C00788,3,Working Professional,18-25,Healthy,Occasional,1,0.00011160714285714285
C00789,7,Working Professional,36-45,Desserts,Occasional,1,0.00011160714285714285
C00790,2,Young Professional,26-35,Healthy,Frequent,4,0.0004464285714285714
C00791,10,Young Professional,18-25,Burgers,Occasional,1,0.00011160714285714285
C00792,6,Family,18-25,Biryani,Regular,2,0.0002232142857142857
C00793,3,Working Professional,18-25,Chinese,Regular,2,0.0002232142857142857
C00794,3,Young Professional,36-45,Momos,Regular,2,0.0002232142857142857
C00795,9,Working Professional,26-35,Chinese,Occasional,1,0.00011160714285714285
C00796,7,Family,18-25,North Indian,Frequent,4,0.0004464285714285714
C00797,5,Young Professional,26-35,Healthy,Frequent,4,0.0004464285714285714
C00798,10,Working Professional,36-45,Chinese,Regular,2,0.0002232142857142857
C00799,7,Family,46-55,Burgers,Regular,2,0.0002232142857142857
C00800,9,Young Professional,46-55,South Indian,Frequent,4,0.0004464285714285714
C00801,1,Young Professional,26-35,North Indian,Regular,2,0.0002232142857142857
C00802,7,Family,18-25,Desserts,Occasional,1,0.00011160714285714285
C00803,6,Student,18-25,Chinese,Regular,2,0.0002232142857142857
C00804,10,Working Professional,36-45,North Indian,Regular,2,0.0002232142857142857
C00805,9,Student,56+,Momos,Occasional,1,0.00011160714285714285
C00806,1,Family,26-35,Pizza,Regular,2,0.0002232142857142857
C00807,4,Student,26-35,Momos,Frequent,4,0.0004464285714285714
C00808,9,Young Professional,26-35,Chinese,Frequent,4,0.0004464285714285714
C00809,4,Student,26-35,Biryani,Occasional,1,0.00011160714285714285
C00810,10,Student,18-25,Pizza,Occasional,1,0.00011160714285714285
C00811,3,Working Professional,26-35,Healthy,Frequent,4,0.0004464285714285714
C00812,9,Family,18-25,Chinese,Regular,2,0.0002232142857142857
C00813,2,Student,18-25,Chinese,Occasional,1,0.00011160714285714285
C00814,4,Working Professional,36-45,Biryani,Frequent,4,0.0004464285714285714
C00815,6,Working Professional,18-25,North Indian,Frequent,4,0.0004464285714285714
C00816,2,Student,18-25,Biryani,Regular,2,0.0002232142857142857
C00817,8,Student,18-25,Momos,Regular,2,0.0002232142857142857
C00818,8,Young Professional,46-55,Desserts,Occasional,1,0.00011160714285714285
C00819,1,Working Professional,36-45,Chinese,Occasional,1,0.00011160714285714285
C00820,3,Student,18-25,Momos,Occasional,1,0.00011160714285714285
C00821,10,Young Professional,26-35,Momos,Regular,2,0.0002232142857142857
C00822,9,Young Professional,18-25,Momos,Occasional,1,0.00011160714285714285
C00823,5,Family,26-35,Chinese,Occasional,1,0.00011160714285714285
C00824,6,Working Professional,36-45,North Indian,Occasional,1,0.00011160714285714285
C00825,4,Young Professional,46-55,Pizza,Regular,2,0.0002232142857142857
C00826,10,Young Professional,26-35,Desserts,Frequent,4,0.0004464285714285714
C00827,2,Family,56+,North Indian,Occasional,1,0.00011160714285714285
C00828,8,Working Professional,56+,Chinese,Occasional,1,0.00011160714285714285
C00829,6,Working Professional,46-55,North Indian,Regular,2,0.0002232142857142857
C00830,5,Family,26-35,North Indian,Occasional,1,0.00011160714285714285
C00831,9,Student,26-35,Pizza,Occasional,1,0.00011160714285714285
C00832,1,Working Professional,26-35,North Indian,Occasional,1,0.00011160714285714285
C00833,5,Young Professional,18-25,Momos,Occasional,1,0.00011160714285714285
C00834,6,Family,18-25,Pizza,Occasional,1,0.00011160714285714285
C00835,5,Working Professional,36-45,Cafe,Occasional,1,0.00011160714285714285
C00836,6,Family,26-35,Cafe,Occasional,1,0.00011160714285714285
C00837,6,Student,46-55,Chinese,Frequent,4,0.0004464285714285714
C00838,7,Working Professional,18-25,Momos,Occasional,1,0.00011160714285714285
C00839,4,Family,18-25,North Indian,Regular,2,0.0002232142857142857
C00840,8,Student,36-45,Biryani,Regular,2,0.0002232142857142857
C00841,7,Student,26-35,Cafe,Occasional,1,0.00011160714285714285
C00842,9,Young Professional,18-25,Momos,Regular,2,0.0002232142857142857
C00843,7,Student,56+,Cafe,Occasional,1,0.00011160714285714285
C00844,3,Student,36-45,Momos,Frequent,4,0.0004464285714285714
C00845,3,Young Professional,26-35,Pizza,Occasional,1,0.00011160714285714285
C00846,8,Family,36-45,South Indian,Occasional,1,0.00011160714285714285
C00847,5,Family,36-45,North Indian,Occasional,1,0.00011160714285714285
C00848,4,Young Professional,36-45,Chinese,Frequent,4,0.0004464285714285714
C00849,8,Student,36-45,Burgers,Regular,2,0.0002232142857142857
C00850,6,Family,18-25,Pizza,Regular,2,0.0002232142857142857
C00851,2,Working Professional,26-35,Biryani,Occasional,1,0.00011160714285714285
C00852,4,Young Professional,18-25,Desserts,Regular,2,0.0002232142857142857
C00853,4,Working Professional,18-25,Healthy,Occasional,1,0.00011160714285714285
C00854,6,Family,46-55,Chinese,Frequent,4,0.0004464285714285714
C00855,6,Working Professional,26-35,Biryani,Occasional,1,0.00011160714285714285
C00856,1,Working Professional,36-45,Chinese,Occasional,1,0.00011160714285714285
C00857,8,Family,46-55,Chinese,Occasional,1,0.00011160714285714285
C00858,6,Family,46-55,North Indian,Occasional,1,0.00011160714285714285
C00859,3,Family,46-55,Biryani,Regular,2,0.0002232142857142857
C00860,9,Working Professional,26-35,Chinese,Occasional,1,0.00011160714285714285
C00861,2,Working Professional,26-35,Biryani,Regular,2,0.0002232142857142857
C00862,8,Family,18-25,Pizza,Occasional,1,0.00011160714285714285
C00863,10,Young Professional,26-35,Cafe,Regular,2,0.0002232142857142857
C00864,3,Family,26-35,North Indian,Occasional,1,0.00011160714285714285
C00865,5,Young Professional,26-35,Burgers,Occasional,1,0.00011160714285714285
C00866,6,Young Professional,36-45,Momos,Regular,2,0.0002232142857142857
C00867,10,Working Professional,56+,Pizza,Occasional,1,0.00011160714285714285
C00868,6,Family,36-45,North Indian,Occasional,1,0.00011160714285714285
C00869,4,Young Professional,26-35,Pizza,Frequent,4,0.0004464285714285714
C00870,3,Family,26-35,Chinese,Frequent,4,0.0004464285714285714
C00871,4,Young Professional,18-25,Burgers,Occasional,1,0.00011160714285714285
C00872,1,Family,18-25,Pizza,Occasional,1,0.00011160714285714285
C00873,4,Working Professional,36-45,North Indian,Regular,2,0.0002232142857142857
C00874,1,Student,18-25,Pizza,Occasional,1,0.00011160714285714285
C00875,1,Working Professional,36-45,North Indian,Occasional,1,0.00011160714285714285
C00876,10,Young Professional,26-35,Burgers,Occasional,1,0.00011160714285714285
C00877,6,Family,18-25,North Indian,Regular,2,0.0002232142857142857
C00878,5,Working Professional,18-25,Cafe,Regular,2,0.0002232142857142857
C00879,4,Young Professional,26-35,Chinese,Occasional,1,0.00011160714285714285
C00880,3,Working Professional,26-35,Pizza,Occasional,1,0.00011160714285714285
C00881,1,Working Professional,36-45,Chinese,Occasional,1,0.00011160714285714285
C00882,6,Family,36-45,Pizza,Regular,2,0.0002232142857142857
C00883,2,Family,26-35,Cafe,Occasional,1,0.00011160714285714285
C00884,8,Student,36-45,Pizza,Occasional,1,0.00011160714285714285
C00885,10,Working Professional,26-35,Chinese,Regular,2,0.0002232142857142857
C00886,5,Working Professional,56+,Chinese,Occasional,1,0.00011160714285714285
C00887,7,Working Professional,18-25,Chinese,Regular,2,0.0002232142857142857
C00888,10,Working Professional,36-45,Chinese,Occasional,1,0.00011160714285714285
C00889,2,Working Professional,26-35,Chinese,Occasional,1,0.00011160714285714285
C00890,8,Student,18-25,Pizza,Occasional,1,0.00011160714285714285
C00891,2,Working Professional,18-25,Chinese,Regular,2,0.0002232142857142857
C00892,4,Student,26-35,Chinese,Frequent,4,0.0004464285714285714
C00893,1,Working Professional,18-25,Pizza,Regular,2,0.0002232142857142857
C00894,5,Young Professional,18-25,Chinese,Occasional,1,0.00011160714285714285
C00895,9,Family,56+,North Indian,Regular,2,0.0002232142857142857
C00896,1,Working Professional,36-45,Pizza,Occasional,1,0.00011160714285714285
C00897,9,Student,36-45,Momos,Occasional,1,0.00011160714285714285
C00898,8,Student,36-45,Biryani,Frequent,4,0.0004464285714285714
C00899,6,Working Professional,56+,Biryani,Occasional,1,0.00011160714285714285
C00900,7,Student,26-35,Pizza,Occasional,1,0.00011160714285714285
C00901,3,Working Professional,18-25,Chinese,Occasional,1,0.00011160714285714285
C00902,1,Student,46-55,Chinese,Occasional,1,0.00011160714285714285
C00903,5,Young Professional,36-45,Chinese,Occasional,1,0.00011160714285714285
C00904,2,Working Professional,26-35,Biryani,Regular,2,0.0002232142857142857
C00905,5,Student,26-35,Momos,Occasional,1,0.00011160714285714285
C00906,8,Young Professional,26-35,Pizza,Frequent,4,0.0004464285714285714
C00907,9,Working Professional,46-55,Healthy,Regular,2,0.0002232142857142857
C00908,2,Student,26-35,Pizza,Occasional,1,0.00011160714285714285
C00909,3,Working Professional,56+,Chinese,Occasional,1,0.00011160714285714285
C00910,3,Working Professional,46-55,South Indian,Occasional,1,0.00011160714285714285
C00911,1,Family,26-35,Chinese,Regular,2,0.0002232142857142857
C00912,8,Student,26-35,Chinese,Occasional,1,0.00011160714285714285
C00913,6,Working Professional,26-35,Pizza,Regular,2,0.0002232142857142857
C00914,8,Student,18-25,Momos,Occasional,1,0.00011160714285714285
C00915,9,Student,18-25,Momos,Regular,2,0.0002232142857142857
C00916,5,Young Professional,36-45,Biryani,Occasional,1,0.00011160714285714285
C00917,3,Family,26-35,North Indian,Occasional,1,0.00011160714285714285
C00918,5,Working Professional,18-25,South Indian,Frequent,4,0.0004464285714285714
C00919,5,Working Professional,18-25,Pizza,Regular,2,0.0002232142857142857
C00920,5,Student,46-55,Chinese,Occasional,1,0.00011160714285714285
C00921,3,Young Professional,26-35,Healthy,Frequent,4,0.0004464285714285714
C00922,10,Student,46-55,Biryani,Occasional,1,0.00011160714285714285
C00923,4,Student,26-35,Chinese,Frequent,4,0.0004464285714285714
C00924,9,Working Professional,26-35,Desserts,Regular,2,0.0002232142857142857
C00925,10,Working Professional,18-25,Healthy,Occasional,1,0.00011160714285714285
C00926,9,Working Professional,26-35,Desserts,Occasional,1,0.00011160714285714285
C00927,2,Student,26-35,Momos,Occasional,1,0.00011160714285714285
C00928,8,Working Professional,18-25,North Indian,Regular,2,0.0002232142857142857
C00929,8,Working Professional,26-35,North Indian,Regular,2,0.0002232142857142857
C00930,7,Student,26-35,Momos,Occasional,1,0.00011160714285714285
C00931,8,Young Professional,36-45,Cafe,Occasional,1,0.00011160714285714285
C00932,3,Student,36-45,Chinese,Regular,2,0.0002232142857142857
C00933,6,Working Professional,26-35,Healthy,Frequent,4,0.0004464285714285714
C00934,1,Family,26-35,North Indian,Regular,2,0.0002232142857142857
C00935,7,Student,56+,Biryani,Occasional,1,0.00011160714285714285
C00936,1,Family,46-55,North Indian,Occasional,1,0.00011160714285714285
C00937,9,Young Professional,56+,Chinese,Occasional,1,0.00011160714285714285
C00938,1,Student,26-35,Momos,Frequent,4,0.0004464285714285714
C00939,1,Young Professional,36-45,Pizza,Occasional,1,0.00011160714285714285
C00940,7,Working Professional,26-35,Burgers,Regular,2,0.0002232142857142857
C00941,2,Student,18-25,Biryani,Occasional,1,0.00011160714285714285
C00942,5,Working Professional,36-45,Chinese,Regular,2,0.0002232142857142857
C00943,8,Working Professional,36-45,Biryani,Regular,2,0.0002232142857142857
C00944,8,Family,18-25,Biryani,Regular,2,0.0002232142857142857
C00945,3,Family,18-25,South Indian,Occasional,1,0.00011160714285714285
C00946,7,Young Professional,46-55,Momos,Occasional,1,0.00011160714285714285
C00947,3,Young Professional,18-25,South Indian,Occasional,1,0.00011160714285714285
C00948,6,Family,18-25,Biryani,Frequent,4,0.0004464285714285714
C00949,6,Family,26-35,Chinese,Frequent,4,0.0004464285714285714
C00950,3,Working Professional,18-25,Chinese,Regular,2,0.0002232142857142857
C00951,7,Working Professional,46-55,Healthy,Regular,2,0.0002232142857142857
C00952,3,Student,26-35,Momos,Regular,2,0.0002232142857142857
C00953,8,Family,26-35,Biryani,Occasional,1,0.00011160714285714285
C00954,10,Working Professional,46-55,Biryani,Frequent,4,0.0004464285714285714
C00955,4,Student,26-35,Chinese,Occasional,1,0.00011160714285714285
C00956,1,Student,26-35,Momos,Occasional,1,0.00011160714285714285
C00957,4,Working Professional,36-45,Pizza,Regular,2,0.0002232142857142857
C00958,7,Working Professional,26-35,Desserts,Occasional,1,0.00011160714285714285
C00959,4,Working Professional,26-35,South Indian,Occasional,1,0.00011160714285714285
C00960,6,Family,36-45,North Indian,Regular,2,0.0002232142857142857
C00961,9,Working Professional,36-45,Biryani,Occasional,1,0.00011160714285714285
C00962,1,Family,36-45,Pizza,Regular,2,0.0002232142857142857
C00963,5,Student,56+,Momos,Occasional,1,0.00011160714285714285
C00964,7,Student,36-45,Biryani,Occasional,1,0.00011160714285714285
C00965,1,Working Professional,36-45,Biryani,Occasional,1,0.00011160714285714285
C00966,4,Working Professional,46-55,Biryani,Occasional,1,0.00011160714285714285
C00967,6,Student,18-25,Burgers,Regular,2,0.0002232142857142857
C00968,2,Working Professional,26-35,Chinese,Occasional,1,0.00011160714285714285
C00969,10,Student,36-45,Cafe,Regular,2,0.0002232142857142857
C00970,5,Working Professional,26-35,North Indian,Occasional,1,0.00011160714285714285
C00971,10,Working Professional,18-25,Cafe,Regular,2,0.0002232142857142857
C00972,1,Family,26-35,South Indian,Frequent,4,0.0004464285714285714
C00973,6,Young Professional,26-35,Chinese,Regular,2,0.0002232142857142857
C00974,6,Student,26-35,Momos,Occasional,1,0.00011160714285714285
C00975,4,Young Professional,46-55,Chinese,Occasional,1,0.00011160714285714285
C00976,8,Working Professional,46-55,Biryani,Occasional,1,0.00011160714285714285
C00977,4,Family,36-45,Desserts,Regular,2,0.0002232142857142857
C00978,8,Family,46-55,Desserts,Occasional,1,0.00011160714285714285
C00979,8,Family,26-35,Biryani,Occasional,1,0.00011160714285714285
C00980,5,Working Professional,26-35,South Indian,Regular,2,0.0002232142857142857
C00981,4,Working Professional,26-35,Momos,Occasional,1,0.00011160714285714285
C00982,2,Student,26-35,Momos,Regular,2,0.0002232142857142857
C00983,3,Student,18-25,Chinese,Occasional,1,0.00011160714285714285
C00984,3,Working Professional,26-35,North Indian,Occasional,1,0.00011160714285714285
C00985,4,Working Professional,36-45,Burgers,Regular,2,0.0002232142857142857
C00986,4,Working Professional,26-35,Pizza,Occasional,1,0.00011160714285714285
C00987,10,Student,56+,Pizza,Regular,2,0.0002232142857142857
C00988,5,Family,26-35,South Indian,Occasional,1,0.00011160714285714285
C00989,4,Young Professional,18-25,Cafe,Occasional,1,0.00011160714285714285
C00990,10,Young Professional,26-35,Momos,Regular,2,0.0002232142857142857
C00991,8,Working Professional,36-45,Chinese,Regular,2,0.0002232142857142857
C00992,6,Family,26-35,North Indian,Regular,2,0.0002232142857142857
C00993,6,Young Professional,18-25,Burgers,Occasional,1,0.00011160714285714285
C00994,8,Working Professional,26-35,Chinese,Regular,2,0.0002232142857142857
C00995,7,Working Professional,46-55,Chinese,Occasional,1,0.00011160714285714285
C00996,10,Young Professional,26-35,Biryani,Occasional,1,0.00011160714285714285
C00997,10,Working Professional,46-55,Biryani,Frequent,4,0.0004464285714285714
C00998,8,Working Professional,46-55,Healthy,Occasional,1,0.00011160714285714285
C00999,2,Student,18-25,Chinese,Frequent,4,0.0004464285714285714
C01000,9,Student,36-45,Burgers,Occasional,1,0.00011160714285714285
C01001,1,Young Professional,26-35,Biryani,Occasional,1,0.00011160714285714285
C01002,8,Family,18-25,South Indian,Regular,2,0.0002232142857142857
C01003,4,Working Professional,36-45,North Indian,Frequent,4,0.0004464285714285714
C01004,4,Student,36-45,Chinese,Regular,2,0.0002232142857142857
C01005,5,Working Professional,18-25,Healthy,Regular,2,0.0002232142857142857
C01006,8,Working Professional,46-55,Biryani,Regular,2,0.0002232142857142857
C01007,5,Student,36-45,Momos,Regular,2,0.0002232142857142857
C01008,8,Young Professional,46-55,Desserts,Regular,2,0.0002232142857142857
C01009,10,Student,26-35,North Indian,Occasional,1,0.00011160714285714285
C01010,1,Working Professional,46-55,North Indian,Occasional,1,0.00011160714285714285
C01011,10,Family,26-35,Momos,Occasional,1,0.00011160714285714285
C01012,9,Student,18-25,Biryani,Frequent,4,0.0004464285714285714
C01013,6,Young Professional,36-45,Pizza,Frequent,4,0.0004464285714285714
C01014,3,Family,36-45,North Indian,Occasional,1,0.00011160714285714285
C01015,8,Family,26-35,Biryani,Regular,2,0.0002232142857142857
C01016,9,Student,26-35,Pizza,Frequent,4,0.0004464285714285714
C01017,6,Student,18-25,Biryani,Occasional,1,0.00011160714285714285
C01018,7,Student,26-35,Burgers,Regular,2,0.0002232142857142857
C01019,1,Working Professional,26-35,Healthy,Frequent,4,0.0004464285714285714
C01020,5,Family,26-35,Chinese,Occasional,1,0.00011160714285714285
C01021,5,Young Professional,26-35,South Indian,Regular,2,0.0002232142857142857
C01022,10,Family,56+,Chinese,Occasional,1,0.00011160714285714285
C01023,4,Young Professional,26-35,Burgers,Frequent,4,0.0004464285714285714
C01024,6,Family,36-45,North Indian,Frequent,4,0.0004464285714285714
C01025,7,Working Professional,46-55,Healthy,Frequent,4,0.0004464285714285714
C01026,9,Student,26-35,Momos,Occasional,1,0.00011160714285714285
C01027,1,Family,18-25,Healthy,Frequent,4,0.0004464285714285714
C01028,6,Student,18-25,Biryani,Regular,2,0.0002232142857142857
C01029,7,Student,36-45,Momos,Occasional,1,0.00011160714285714285
C01030,3,Working Professional,18-25,Chinese,Regular,2,0.0002232142857142857
C01031,8,Young Professional,26-35,Biryani,Occasional,1,0.00011160714285714285
C01032,5,Student,18-25,Burgers,Regular,2,0.0002232142857142857
C01033,9,Family,18-25,Chinese,Occasional,1,0.00011160714285714285
C01034,5,Young Professional,26-35,Cafe,Occasional,1,0.00011160714285714285
C01035,9,Working Professional,56+,North Indian,Occasional,1,0.00011160714285714285
C01036,10,Student,26-35,Biryani,Regular,2,0.0002232142857142857
C01037,4,Student,46-55,Pizza,Occasional,1,0.00011160714285714285
C01038,9,Family,56+,North Indian,Regular,2,0.0002232142857142857
C01039,5,Family,18-25,North Indian,Occasional,1,0.00011160714285714285
C01040,10,Young Professional,26-35,Burgers,Occasional,1,0.00011160714285714285
C01041,9,Working Professional,36-45,South Indian,Regular,2,0.0002232142857142857
C01042,3,Student,46-55,Pizza,Regular,2,0.0002232142857142857
C01043,4,Student,26-35,Biryani,Occasional,1,0.00011160714285714285
C01044,9,Family,56+,South Indian,Regular,2,0.0002232142857142857
C01045,10,Student,18-25,Momos,Frequent,4,0.0004464285714285714
C01046,6,Working Professional,18-25,Healthy,Regular,2,0.0002232142857142857
C01047,2,Working Professional,26-35,North Indian,Occasional,1,0.00011160714285714285
C01048,7,Student,26-35,Chinese,Occasional,1,0.00011160714285714285
C01049,2,Student,18-25,Momos,Frequent,4,0.0004464285714285714
C01050,2,Working Professional,26-35,Chinese,Occasional,1,0.00011160714285714285
C01051,1,Student,18-25,Pizza,Frequent,4,0.0004464285714285714
C01052,3,Student,26-35,North Indian,Regular,2,0.0002232142857142857
C01053,6,Family,46-55,North Indian,Frequent,4,0.0004464285714285714
C01054,8,Young Professional,46-55,Biryani,Regular,2,0.0002232142857142857
C01055,9,Student,36-45,Chinese,Frequent,4,0.0004464285714285714
C01056,7,Family,26-35,North Indian,Occasional,1,0.00011160714285714285
C01057,4,Working Professional,26-35,Chinese,Regular,2,0.0002232142857142857
C01058,6,Working Professional,18-25,North Indian,Occasional,1,0.00011160714285714285
C01059,5,Young Professional,26-35,Burgers,Occasional,1,0.00011160714285714285
C01060,8,Family,18-25,Pizza,Regular,2,0.0002232142857142857
C01061,1,Young Professional,36-45,Pizza,Frequent,4,0.0004464285714285714
C01062,1,Student,46-55,Momos,Frequent,4,0.0004464285714285714
C01063,6,Student,26-35,Burgers,Regular,2,0.0002232142857142857
C01064,10,Young Professional,36-45,Burgers,Occasional,1,0.00011160714285714285
C01065,2,Working Professional,18-25,Healthy,Occasional,1,0.00011160714285714285
C01066,5,Student,26-35,Cafe,Regular,2,0.0002232142857142857
C01067,1,Family,36-45,Chinese,Occasional,1,0.00011160714285714285
C01068,7,Young Professional,26-35,Cafe,Occasional,1,0.00011160714285714285
C01069,1,Young Professional,18-25,Chinese,Occasional,1,0.00011160714285714285
C01070,4,Working Professional,46-55,Cafe,Occasional,1,0.00011160714285714285
C01071,9,Young Professional,36-45,Healthy,Occasional,1,0.00011160714285714285
C01072,1,Student,46-55,Biryani,Occasional,1,0.00011160714285714285
C01073,4,Student,36-45,Momos,Occasional,1,0.00011160714285714285
C01074,6,Family,56+,Chinese,Occasional,1,0.00011160714285714285
C01075,6,Student,18-25,Desserts,Frequent,4,0.0004464285714285714
C01076,8,Working Professional,18-25,Pizza,Occasional,1,0.00011160714285714285
C01077,1,Family,26-35,Biryani,Occasional,1,0.00011160714285714285
C01078,7,Working Professional,18-25,Biryani,Regular,2,0.0002232142857142857
C01079,1,Student,26-35,Cafe,Occasional,1,0.00011160714285714285
C01080,7,Student,26-35,Momos,Frequent,4,0.0004464285714285714
C01081,3,Working Professional,26-35,South Indian,Regular,2,0.0002232142857142857
C01082,8,Working Professional,18-25,Biryani,Occasional,1,0.00011160714285714285
C01083,3,Family,46-55,South Indian,Occasional,1,0.00011160714285714285
C01084,1,Family,18-25,Healthy,Frequent,4,0.0004464285714285714
C01085,8,Working Professional,26-35,Momos,Frequent,4,0.0004464285714285714
C01086,3,Young Professional,36-45,Chinese,Occasional,1,0.00011160714285714285
C01087,2,Student,36-45,South Indian,Regular,2,0.0002232142857142857
C01088,1,Student,26-35,Burgers,Occasional,1,0.00011160714285714285
C01089,3,Young Professional,18-25,Burgers,Frequent,4,0.0004464285714285714
C01090,2,Working Professional,26-35,North Indian,Occasional,1,0.00011160714285714285
C01091,2,Young Professional,18-25,Pizza,Frequent,4,0.0004464285714285714
C01092,6,Working Professional,18-25,Chinese,Regular,2,0.0002232142857142857
C01093,1,Family,36-45,Biryani,Regular,2,0.0002232142857142857
C01094,2,Working Professional,26-35,Healthy,Regular,2,0.0002232142857142857
C01095,6,Working Professional,26-35,Biryani,Occasional,1,0.00011160714285714285
C01096,3,Working Professional,26-35,Cafe,Occasional,1,0.00011160714285714285
C01097,4,Family,56+,Chinese,Occasional,1,0.00011160714285714285
C01098,1,Working Professional,56+,Healthy,Occasional,1,0.00011160714285714285
C01099,8,Young Professional,26-35,Cafe,Regular,2,0.0002232142857142857
C01100,7,Student,18-25,Chinese,Occasional,1,0.00011160714285714285
C01101,7,Student,26-35,Burgers,Occasional,1,0.00011160714285714285
C01102,3,Working Professional,18-25,North Indian,Frequent,4,0.0004464285714285714
C01103,10,Family,26-35,Cafe,Frequent,4,0.0004464285714285714
C01104,10,Young Professional,26-35,Chinese,Frequent,4,0.0004464285714285714
C01105,3,Working Professional,26-35,Healthy,Frequent,4,0.0004464285714285714
C01106,2,Family,26-35,Chinese,Occasional,1,0.00011160714285714285
C01107,1,Working Professional,18-25,Chinese,Occasional,1,0.00011160714285714285
C01108,7,Family,26-35,Chinese,Regular,2,0.0002232142857142857
C01109,7,Young Professional,26-35,Burgers,Regular,2,0.0002232142857142857
C01110,2,Student,26-35,Cafe,Occasional,1,0.00011160714285714285
C01111,7,Working Professional,36-45,North Indian,Regular,2,0.0002232142857142857
C01112,8,Young Professional,26-35,Chinese,Occasional,1,0.00011160714285714285
C01113,1,Young Professional,26-35,Pizza,Occasional,1,0.00011160714285714285
C01114,9,Working Professional,26-35,Burgers,Regular,2,0.0002232142857142857
C01115,7,Working Professional,18-25,South Indian,Regular,2,0.0002232142857142857
C01116,3,Student,18-25,Biryani,Regular,2,0.0002232142857142857
C01117,8,Working Professional,26-35,Biryani,Occasional,1,0.00011160714285714285
C01118,7,Young Professional,18-25,Momos,Frequent,4,0.0004464285714285714
C01119,8,Family,36-45,North Indian,Occasional,1,0.00011160714285714285
C01120,6,Student,36-45,Momos,Occasional,1,0.00011160714285714285
C01121,9,Student,46-55,North Indian,Frequent,4,0.0004464285714285714
C01122,5,Student,56+,Momos,Frequent,4,0.0004464285714285714
C01123,3,Student,18-25,Pizza,Frequent,4,0.0004464285714285714
C01124,3,Student,56+,Biryani,Regular,2,0.0002232142857142857
C01125,1,Working Professional,36-45,Healthy,Regular,2,0.0002232142857142857
C01126,8,Student,26-35,Momos,Regular,2,0.0002232142857142857
C01127,2,Student,18-25,Momos,Occasional,1,0.00011160714285714285
C01128,3,Working Professional,46-55,Biryani,Occasional,1,0.00011160714285714285
C01129,8,Student,18-25,Cafe,Occasional,1,0.00011160714285714285
C01130,8,Student,46-55,Burgers,Occasional,1,0.00011160714285714285
C01131,4,Working Professional,18-25,Cafe,Regular,2,0.0002232142857142857
C01132,4,Student,26-35,Biryani,Occasional,1,0.00011160714285714285
C01133,5,Working Professional,26-35,Momos,Occasional,1,0.00011160714285714285
C01134,6,Student,18-25,Burgers,Occasional,1,0.00011160714285714285
C01135,5,Family,18-25,Pizza,Regular,2,0.0002232142857142857
C01136,7,Young Professional,26-35,Biryani,Occasional,1,0.00011160714285714285
C01137,2,Family,18-25,Pizza,Frequent,4,0.0004464285714285714
C01138,7,Working Professional,26-35,Biryani,Occasional,1,0.00011160714285714285
C01139,10,Young Professional,26-35,Chinese,Occasional,1,0.00011160714285714285
C01140,7,Family,36-45,Chinese,Regular,2,0.0002232142857142857
C01141,1,Student,36-45,Pizza,Regular,2,0.0002232142857142857
C01142,7,Working Professional,18-25,Cafe,Occasional,1,0.00011160714285714285
C01143,5,Young Professional,26-35,Pizza,Regular,2,0.0002232142857142857
C01144,3,Working Professional,18-25,Chinese,Regular,2,0.0002232142857142857
C01145,3,Student,46-55,Burgers,Occasional,1,0.00011160714285714285
C01146,4,Family,46-55,Burgers,Frequent,4,0.0004464285714285714
C01147,2,Young Professional,26-35,North Indian,Regular,2,0.0002232142857142857
C01148,2,Student,18-25,Chinese,Regular,2,0.0002232142857142857
C01149,1,Working Professional,46-55,Chinese,Frequent,4,0.0004464285714285714
C01150,5,Student,46-55,Chinese,Frequent,4,0.0004464285714285714
C01151,4,Family,46-55,North Indian,Regular,2,0.0002232142857142857
C01152,10,Student,46-55,Cafe,Regular,2,0.0002232142857142857
C01153,2,Working Professional,26-35,Momos,Regular,2,0.0002232142857142857
C01154,3,Young Professional,18-25,Pizza,Regular,2,0.0002232142857142857
C01155,7,Working Professional,26-35,Chinese,Regular,2,0.0002232142857142857
C01156,7,Family,26-35,North Indian,Regular,2,0.0002232142857142857
C01157,4,Working Professional,26-35,Chinese,Occasional,1,0.00011160714285714285
C01158,5,Student,26-35,Burgers,Frequent,4,0.0004464285714285714
C01159,5,Family,18-25,North Indian,Frequent,4,0.0004464285714285714
C01160,6,Student,26-35,Chinese,Occasional,1,0.00011160714285714285
C01161,9,Working Professional,26-35,Pizza,Regular,2,0.0002232142857142857
C01162,2,Student,18-25,North Indian,Occasional,1,0.00011160714285714285
C01163,5,Family,26-35,South Indian,Occasional,1,0.00011160714285714285
C01164,3,Young Professional,36-45,Healthy,Regular,2,0.0002232142857142857
C01165,4,Young Professional,36-45,Burgers,Occasional,1,0.00011160714285714285
C01166,10,Working Professional,26-35,Biryani,Regular,2,0.0002232142857142857
C01167,6,Student,26-35,Pizza,Regular,2,0.0002232142857142857
C01168,8,Working Professional,18-25,Biryani,Regular,2,0.0002232142857142857
C01169,1,Young Professional,36-45,Chinese,Occasional,1,0.00011160714285714285
C01170,10,Student,26-35,Momos,Occasional,1,0.00011160714285714285
C01171,8,Young Professional,26-35,Momos,Regular,2,0.0002232142857142857
C01172,7,Working Professional,46-55,Momos,Frequent,4,0.0004464285714285714
C01173,1,Young Professional,26-35,North Indian,Regular,2,0.0002232142857142857
C01174,2,Young Professional,18-25,Burgers,Occasional,1,0.00011160714285714285
C01175,3,Young Professional,18-25,Burgers,Regular,2,0.0002232142857142857
C01176,1,Working Professional,26-35,Pizza,Regular,2,0.0002232142857142857
C01177,9,Student,26-35,Healthy,Regular,2,0.0002232142857142857
C01178,8,Working Professional,46-55,Cafe,Occasional,1,0.00011160714285714285
C01179,2,Working Professional,26-35,Biryani,Regular,2,0.0002232142857142857
C01180,9,Student,36-45,Pizza,Regular,2,0.0002232142857142857
C01181,7,Working Professional,26-35,Healthy,Frequent,4,0.0004464285714285714
C01182,9,Working Professional,26-35,Desserts,Occasional,1,0.00011160714285714285
C01183,6,Family,26-35,North Indian,Regular,2,0.0002232142857142857
C01184,6,Family,26-35,Chinese,Frequent,4,0.0004464285714285714
C01185,4,Student,26-35,Momos,Occasional,1,0.00011160714285714285
C01186,10,Young Professional,18-25,Burgers,Frequent,4,0.0004464285714285714
C01187,10,Student,46-55,Chinese,Regular,2,0.0002232142857142857
C01188,2,Working Professional,26-35,Biryani,Occasional,1,0.00011160714285714285
C01189,7,Working Professional,18-25,North Indian,Occasional,1,0.00011160714285714285
C01190,5,Young Professional,18-25,Healthy,Regular,2,0.0002232142857142857
C01191,6,Student,18-25,Pizza,Occasional,1,0.00011160714285714285
C01192,2,Working Professional,26-35,Chinese,Regular,2,0.0002232142857142857
C01193,5,Family,18-25,Biryani,Occasional,1,0.00011160714285714285
C01194,10,Student,18-25,Pizza,Regular,2,0.0002232142857142857
C01195,4,Family,26-35,Pizza,Occasional,1,0.00011160714285714285
C01196,9,Young Professional,36-45,Biryani,Frequent,4,0.0004464285714285714
C01197,6,Young Professional,18-25,Chinese,Frequent,4,0.0004464285714285714
C01198,2,Student,26-35,Chinese,Frequent,4,0.0004464285714285714
C01199,1,Student,36-45,Chinese,Regular,2,0.0002232142857142857
C01200,5,Working Professional,56+,Chinese,Occasional,1,0.00011160714285714285
C01201,9,Working Professional,36-45,North Indian,Regular,2,0.0002232142857142857
C01202,6,Student,18-25,Chinese,Occasional,1,0.00011160714285714285
C01203,10,Student,36-45,Biryani,Occasional,1,0.00011160714285714285
C01204,7,Young Professional,26-35,Chinese,Occasional,1,0.00011160714285714285
C01205,5,Young Professional,18-25,Chinese,Occasional,1,0.00011160714285714285
C01206,10,Student,46-55,Momos,Regular,2,0.0002232142857142857
C01207,6,Working Professional,26-35,South Indian,Regular,2,0.0002232142857142857
C01208,5,Working Professional,56+,Burgers,Occasional,1,0.00011160714285714285
C01209,9,Student,36-45,Momos,Occasional,1,0.00011160714285714285
C01210,6,Family,26-35,North Indian,Frequent,4,0.0004464285714285714
C01211,8,Family,36-45,Desserts,Occasional,1,0.00011160714285714285
C01212,2,Young Professional,26-35,Chinese,Occasional,1,0.00011160714285714285
C01213,9,Family,26-35,Pizza,Occasional,1,0.00011160714285714285
C01214,5,Working Professional,46-55,Healthy,Regular,2,0.0002232142857142857
C01215,7,Family,36-45,Momos,Regular,2,0.0002232142857142857
C01216,10,Student,46-55,Biryani,Occasional,1,0.00011160714285714285
C01217,1,Working Professional,46-55,Cafe,Occasional,1,0.00011160714285714285
C01218,10,Working Professional,56+,South Indian,Regular,2,0.0002232142857142857
C01219,5,Student,36-45,Pizza,Regular,2,0.0002232142857142857
C01220,10,Student,26-35,Burgers,Occasional,1,0.00011160714285714285
C01221,2,Student,18-25,Chinese,Frequent,4,0.0004464285714285714
C01222,6,Young Professional,36-45,Chinese,Occasional,1,0.00011160714285714285
C01223,1,Student,18-25,Burgers,Occasional,1,0.00011160714285714285
C01224,3,Student,18-25,Burgers,Frequent,4,0.0004464285714285714
C01225,5,Working Professional,18-25,Pizza,Occasional,1,0.00011160714285714285
C01226,4,Family,46-55,Pizza,Regular,2,0.0002232142857142857
C01227,3,Student,46-55,North Indian,Occasional,1,0.00011160714285714285
C01228,10,Young Professional,26-35,Biryani,Occasional,1,0.00011160714285714285
C01229,5,Young Professional,26-35,Pizza,Frequent,4,0.0004464285714285714
C01230,8,Working Professional,36-45,North Indian,Occasional,1,0.00011160714285714285
C01231,4,Family,26-35,North Indian,Frequent,4,0.0004464285714285714
C01232,1,Student,26-35,Pizza,Occasional,1,0.00011160714285714285
C01233,7,Working Professional,26-35,North Indian,Occasional,1,0.00011160714285714285
C01234,8,Family,26-35,North Indian,Occasional,1,0.00011160714285714285
C01235,3,Student,26-35,Chinese,Regular,2,0.0002232142857142857
C01236,6,Student,26-35,Burgers,Occasional,1,0.00011160714285714285
C01237,2,Working Professional,26-35,North Indian,Frequent,4,0.0004464285714285714
C01238,7,Student,56+,Biryani,Occasional,1,0.00011160714285714285
C01239,8,Young Professional,18-25,Burgers,Frequent,4,0.0004464285714285714
C01240,6,Student,26-35,Biryani,Occasional,1,0.00011160714285714285
C01241,6,Family,26-35,Burgers,Frequent,4,0.0004464285714285714
C01242,5,Working Professional,18-25,North Indian,Regular,2,0.0002232142857142857
C01243,8,Family,26-35,South Indian,Regular,2,0.0002232142857142857
C01244,1,Working Professional,18-25,Biryani,Regular,2,0.0002232142857142857
C01245,10,Working Professional,26-35,Chinese,Regular,2,0.0002232142857142857
C01246,4,Young Professional,26-35,Biryani,Regular,2,0.0002232142857142857
C01247,4,Working Professional,36-45,Biryani,Occasional,1,0.00011160714285714285
C01248,3,Working Professional,26-35,North Indian,Occasional,1,0.00011160714285714285
C01249,3,Working Professional,18-25,Chinese,Frequent,4,0.0004464285714285714
C01250,4,Family,36-45,North Indian,Regular,2,0.0002232142857142857
C01251,1,Working Professional,18-25,Biryani,Regular,2,0.0002232142857142857
C01252,2,Young Professional,46-55,Chinese,Occasional,1,0.00011160714285714285
C01253,9,Student,46-55,Burgers,Occasional,1,0.00011160714285714285
C01254,10,Working Professional,26-35,Cafe,Occasional,1,0.00011160714285714285
C01255,2,Family,46-55,Chinese,Regular,2,0.0002232142857142857
C01256,5,Family,36-45,Biryani,Occasional,1,0.00011160714285714285
C01257,9,Young Professional,46-55,Pizza,Occasional,1,0.00011160714285714285
C01258,9,Young Professional,36-45,Pizza,Occasional,1,0.00011160714285714285
C01259,8,Working Professional,18-25,North Indian,Occasional,1,0.00011160714285714285
C01260,1,Student,46-55,Cafe,Regular,2,0.0002232142857142857
C01261,1,Student,18-25,Pizza,Occasional,1,0.00011160714285714285
C01262,9,Family,18-25,Biryani,Regular,2,0.0002232142857142857
C01263,8,Young Professional,18-25,Pizza,Occasional,1,0.00011160714285714285
C01264,10,Student,26-35,Burgers,Occasional,1,0.00011160714285714285
C01265,9,Student,26-35,Cafe,Occasional,1,0.00011160714285714285
C01266,7,Student,36-45,Pizza,Occasional,1,0.00011160714285714285
C01267,3,Young Professional,46-55,Momos,Occasional,1,0.00011160714285714285
C01268,3,Working Professional,18-25,South Indian,Occasional,1,0.00011160714285714285
C01269,2,Working Professional,56+,Desserts,Regular,2,0.0002232142857142857
C01270,5,Working Professional,46-55,Pizza,Occasional,1,0.00011160714285714285
C01271,3,Young Professional,18-25,Biryani,Regular,2,0.0002232142857142857
C01272,6,Family,26-35,North Indian,Frequent,4,0.0004464285714285714
C01273,2,Family,36-45,Desserts,Regular,2,0.0002232142857142857
C01274,3,Student,26-35,Pizza,Occasional,1,0.00011160714285714285
C01275,5,Working Professional,36-45,Pizza,Occasional,1,0.00011160714285714285
C01276,1,Family,36-45,North Indian,Occasional,1,0.00011160714285714285
C01277,1,Young Professional,26-35,Pizza,Occasional,1,0.00011160714285714285
C01278,10,Student,18-25,North Indian,Frequent,4,0.0004464285714285714
C01279,9,Student,26-35,Chinese,Occasional,1,0.00011160714285714285
C01280,7,Student,18-25,Chinese,Occasional,1,0.00011160714285714285
C01281,1,Working Professional,26-35,Momos,Regular,2,0.0002232142857142857
C01282,8,Young Professional,36-45,Burgers,Regular,2,0.0002232142857142857
C01283,3,Student,26-35,South Indian,Regular,2,0.0002232142857142857
C01284,8,Working Professional,56+,Biryani,Occasional,1,0.00011160714285714285
C01285,5,Working Professional,26-35,Burgers,Occasional,1,0.00011160714285714285
C01286,1,Student,36-45,Pizza,Regular,2,0.0002232142857142857
C01287,7,Working Professional,36-45,Cafe,Occasional,1,0.00011160714285714285
C01288,5,Student,56+,South Indian,Occasional,1,0.00011160714285714285
C01289,6,Working Professional,36-45,Pizza,Occasional,1,0.00011160714285714285
C01290,6,Family,18-25,Biryani,Occasional,1,0.00011160714285714285
C01291,8,Working Professional,56+,Biryani,Occasional,1,0.00011160714285714285
C01292,9,Student,36-45,Momos,Occasional,1,0.00011160714285714285
C01293,2,Young Professional,18-25,Chinese,Regular,2,0.0002232142857142857
C01294,9,Family,36-45,Biryani,Regular,2,0.0002232142857142857
C01295,10,Family,46-55,North Indian,Regular,2,0.0002232142857142857
C01296,9,Student,26-35,Biryani,Occasional,1,0.00011160714285714285
C01297,10,Student,26-35,Momos,Occasional,1,0.00011160714285714285
C01298,10,Student,36-45,Burgers,Occasional,1,0.00011160714285714285
C01299,7,Student,36-45,Momos,Regular,2,0.0002232142857142857
C01300,1,Working Professional,26-35,Healthy,Regular,2,0.0002232142857142857
C01301,7,Young Professional,18-25,Cafe,Occasional,1,0.00011160714285714285
C01302,10,Working Professional,18-25,Pizza,Frequent,4,0.0004464285714285714
C01303,5,Student,36-45,Momos,Occasional,1,0.00011160714285714285
C01304,6,Working Professional,36-45,Healthy,Regular,2,0.0002232142857142857
C01305,10,Student,18-25,Momos,Regular,2,0.0002232142857142857
C01306,7,Family,26-35,Pizza,Frequent,4,0.0004464285714285714
C01307,5,Working Professional,18-25,Pizza,Regular,2,0.0002232142857142857
C01308,7,Family,36-45,North Indian,Regular,2,0.0002232142857142857
C01309,9,Young Professional,18-25,Cafe,Occasional,1,0.00011160714285714285
C01310,3,Student,18-25,Biryani,Regular,2,0.0002232142857142857
C01311,8,Working Professional,18-25,North Indian,Occasional,1,0.00011160714285714285
C01312,2,Young Professional,26-35,Burgers,Frequent,4,0.0004464285714285714
C01313,7,Family,26-35,Biryani,Regular,2,0.0002232142857142857
C01314,2,Working Professional,18-25,Biryani,Regular,2,0.0002232142857142857
C01315,4,Young Professional,46-55,Chinese,Occasional,1,0.00011160714285714285
C01316,7,Student,18-25,Chinese,Regular,2,0.0002232142857142857
C01317,3,Young Professional,26-35,Pizza,Regular,2,0.0002232142857142857
C01318,2,Student,46-55,Momos,Regular,2,0.0002232142857142857
C01319,10,Working Professional,26-35,Chinese,Occasional,1,0.00011160714285714285
C01320,7,Young Professional,26-35,Momos,Occasional,1,0.00011160714285714285
C01321,1,Student,18-25,Chinese,Occasional,1,0.00011160714285714285
C01322,8,Working Professional,36-45,Biryani,Occasional,1,0.00011160714285714285
C01323,3,Working Professional,26-35,North Indian,Frequent,4,0.0004464285714285714
C01324,2,Young Professional,36-45,North Indian,Occasional,1,0.00011160714285714285
C01325,3,Young Professional,18-25,Desserts,Frequent,4,0.0004464285714285714
C01326,5,Family,26-35,Momos,Occasional,1,0.00011160714285714285
C01327,8,Working Professional,36-45,North Indian,Occasional,1,0.00011160714285714285
C01328,10,Young Professional,56+,Pizza,Regular,2,0.0002232142857142857
C01329,7,Working Professional,18-25,Biryani,Regular,2,0.0002232142857142857
C01330,7,Working Professional,36-45,Chinese,Occasional,1,0.00011160714285714285
C01331,7,Family,26-35,Biryani,Regular,2,0.0002232142857142857
C01332,8,Working Professional,26-35,North Indian,Regular,2,0.0002232142857142857
C01333,1,Student,18-25,Momos,Occasional,1,0.00011160714285714285
C01334,4,Student,26-35,North Indian,Frequent,4,0.0004464285714285714
C01335,6,Student,26-35,Chinese,Frequent,4,0.0004464285714285714
C01336,9,Young Professional,26-35,Biryani,Regular,2,0.0002232142857142857
C01337,2,Working Professional,18-25,Momos,Occasional,1,0.00011160714285714285
C01338,1,Family,18-25,Biryani,Regular,2,0.0002232142857142857
C01339,10,Working Professional,46-55,Cafe,Occasional,1,0.00011160714285714285
C01340,2,Student,56+,Chinese,Occasional,1,0.00011160714285714285
C01341,7,Working Professional,36-45,Pizza,Occasional,1,0.00011160714285714285
C01342,3,Family,18-25,Pizza,Occasional,1,0.00011160714285714285
C01343,10,Family,26-35,Pizza,Frequent,4,0.0004464285714285714
C01344,2,Young Professional,36-45,Biryani,Regular,2,0.0002232142857142857
C01345,7,Family,56+,South Indian,Regular,2,0.0002232142857142857
C01346,2,Working Professional,26-35,North Indian,Occasional,1,0.00011160714285714285
C01347,3,Family,36-45,North Indian,Occasional,1,0.00011160714285714285
C01348,7,Young Professional,56+,Desserts,Occasional,1,0.00011160714285714285
C01349,4,Family,46-55,Desserts,Frequent,4,0.0004464285714285714
C01350,1,Student,18-25,Cafe,Occasional,1,0.00011160714285714285
C01351,5,Working Professional,18-25,Healthy,Frequent,4,0.0004464285714285714
C01352,9,Family,26-35,South Indian,Regular,2,0.0002232142857142857
C01353,8,Family,26-35,South Indian,Occasional,1,0.00011160714285714285
C01354,9,Student,18-25,Biryani,Regular,2,0.0002232142857142857
C01355,10,Young Professional,18-25,Chinese,Occasional,1,0.00011160714285714285
C01356,9,Young Professional,36-45,Momos,Frequent,4,0.0004464285714285714
C01357,7,Student,26-35,Pizza,Frequent,4,0.0004464285714285714
C01358,4,Young Professional,26-35,Pizza,Occasional,1,0.00011160714285714285
C01359,5,Student,26-35,Biryani,Occasional,1,0.00011160714285714285
C01360,1,Student,36-45,North Indian,Regular,2,0.0002232142857142857
C01361,1,Student,36-45,Chinese,Frequent,4,0.0004464285714285714
C01362,3,Student,18-25,Desserts,Occasional,1,0.00011160714285714285
C01363,8,Young Professional,36-45,Biryani,Regular,2,0.0002232142857142857
C01364,2,Student,26-35,Cafe,Regular,2,0.0002232142857142857
C01365,4,Student,18-25,Biryani,Regular,2,0.0002232142857142857
C01366,2,Student,36-45,Biryani,Occasional,1,0.00011160714285714285
C01367,5,Student,26-35,Biryani,Regular,2,0.0002232142857142857
C01368,9,Student,26-35,Momos,Frequent,4,0.0004464285714285714
C01369,1,Family,26-35,North Indian,Occasional,1,0.00011160714285714285
C01370,5,Student,26-35,Chinese,Occasional,1,0.00011160714285714285
C01371,9,Young Professional,26-35,Burgers,Frequent,4,0.0004464285714285714
C01372,1,Young Professional,36-45,Momos,Occasional,1,0.00011160714285714285
C01373,9,Student,18-25,North Indian,Frequent,4,0.0004464285714285714
C01374,8,Young Professional,56+,North Indian,Occasional,1,0.00011160714285714285
C01375,4,Student,26-35,Biryani,Occasional,1,0.00011160714285714285
C01376,10,Student,18-25,Chinese,Frequent,4,0.0004464285714285714
C01377,5,Student,18-25,Pizza,Occasional,1,0.00011160714285714285
C01378,5,Working Professional,26-35,Chinese,Regular,2,0.0002232142857142857
C01379,6,Working Professional,26-35,Burgers,Occasional,1,0.00011160714285714285
C01380,7,Family,18-25,North Indian,Regular,2,0.0002232142857142857
C01381,8,Working Professional,18-25,Pizza,Occasional,1,0.00011160714285714285
C01382,8,Family,36-45,Pizza,Occasional,1,0.00011160714285714285
C01383,2,Student,18-25,Burgers,Frequent,4,0.0004464285714285714
C01384,9,Family,46-55,Desserts,Occasional,1,0.00011160714285714285
C01385,7,Student,36-45,Momos,Regular,2,0.0002232142857142857
C01386,4,Student,26-35,Pizza,Occasional,1,0.00011160714285714285
C01387,4,Student,26-35,Pizza,Regular,2,0.0002232142857142857
C01388,8,Student,18-25,Momos,Occasional,1,0.00011160714285714285
C01389,4,Working Professional,36-45,Healthy,Frequent,4,0.0004464285714285714
C01390,6,Young Professional,18-25,Burgers,Occasional,1,0.00011160714285714285
C01391,5,Student,26-35,North Indian,Occasional,1,0.00011160714285714285
C01392,3,Family,26-35,Pizza,Occasional,1,0.00011160714285714285
C01393,10,Family,18-25,North Indian,Occasional,1,0.00011160714285714285
C01394,2,Young Professional,26-35,Cafe,Regular,2,0.0002232142857142857
C01395,9,Student,36-45,Chinese,Occasional,1,0.00011160714285714285
C01396,10,Working Professional,26-35,South Indian,Regular,2,0.0002232142857142857
C01397,9,Young Professional,46-55,Pizza,Occasional,1,0.00011160714285714285
C01398,1,Family,46-55,North Indian,Occasional,1,0.00011160714285714285
C01399,10,Working Professional,26-35,North Indian,Regular,2,0.0002232142857142857
C01400,3,Student,26-35,Burgers,Regular,2,0.0002232142857142857
C01401,8,Student,26-35,Momos,Occasional,1,0.00011160714285714285
C01402,6,Working Professional,26-35,North Indian,Occasional,1,0.00011160714285714285
C01403,5,Family,18-25,Chinese,Occasional,1,0.00011160714285714285
C01404,5,Student,56+,Biryani,Regular,2,0.0002232142857142857
C01405,6,Working Professional,26-35,Pizza,Regular,2,0.0002232142857142857
C01406,7,Working Professional,26-35,North Indian,Occasional,1,0.00011160714285714285
C01407,1,Working Professional,26-35,North Indian,Regular,2,0.0002232142857142857
C01408,9,Family,26-35,South Indian,Regular,2,0.0002232142857142857
C01409,3,Young Professional,36-45,Burgers,Regular,2,0.0002232142857142857
C01410,4,Working Professional,26-35,Pizza,Frequent,4,0.0004464285714285714
C01411,10,Young Professional,18-25,Burgers,Occasional,1,0.00011160714285714285
C01412,1,Student,18-25,Chinese,Occasional,1,0.00011160714285714285
C01413,10,Student,46-55,Chinese,Occasional,1,0.00011160714285714285
C01414,3,Student,26-35,Cafe,Occasional,1,0.00011160714285714285
C01415,2,Student,56+,Momos,Regular,2,0.0002232142857142857
C01416,2,Student,18-25,Pizza,Frequent,4,0.0004464285714285714
C01417,1,Student,18-25,Biryani,Occasional,1,0.00011160714285714285
C01418,8,Young Professional,18-25,Chinese,Occasional,1,0.00011160714285714285
C01419,3,Student,26-35,Desserts,Occasional,1,0.00011160714285714285
C01420,3,Family,26-35,North Indian,Frequent,4,0.0004464285714285714
C01421,6,Student,18-25,Biryani,Occasional,1,0.00011160714285714285
C01422,8,Young Professional,26-35,North Indian,Regular,2,0.0002232142857142857
C01423,9,Family,26-35,North Indian,Occasional,1,0.00011160714285714285
C01424,9,Student,18-25,Momos,Occasional,1,0.00011160714285714285
C01425,4,Family,26-35,Biryani,Frequent,4,0.0004464285714285714
C01426,5,Working Professional,36-45,Biryani,Frequent,4,0.0004464285714285714
C01427,2,Family,18-25,Pizza,Occasional,1,0.00011160714285714285
C01428,9,Working Professional,18-25,Healthy,Frequent,4,0.0004464285714285714
C01429,8,Family,26-35,Chinese,Regular,2,0.0002232142857142857
C01430,3,Family,36-45,South Indian,Frequent,4,0.0004464285714285714
C01431,9,Working Professional,46-55,Momos,Occasional,1,0.00011160714285714285
C01432,3,Student,26-35,Momos,Regular,2,0.0002232142857142857
C01433,9,Young Professional,18-25,Pizza,Occasional,1,0.00011160714285714285
C01434,2,Working Professional,46-55,Biryani,Regular,2,0.0002232142857142857
C01435,10,Working Professional,56+,Biryani,Occasional,1,0.00011160714285714285
C01436,9,Student,36-45,South Indian,Occasional,1,0.00011160714285714285
C01437,8,Working Professional,56+,North Indian,Occasional,1,0.00011160714285714285
C01438,9,Young Professional,36-45,Biryani,Regular,2,0.0002232142857142857
C01439,5,Student,36-45,Cafe,Occasional,1,0.00011160714285714285
C01440,2,Working Professional,26-35,North Indian,Regular,2,0.0002232142857142857
C01441,8,Family,26-35,Chinese,Frequent,4,0.0004464285714285714
C01442,6,Young Professional,18-25,North Indian,Occasional,1,0.00011160714285714285
C01443,8,Working Professional,36-45,North Indian,Regular,2,0.0002232142857142857
C01444,5,Working Professional,46-55,North Indian,Occasional,1,0.00011160714285714285
C01445,10,Young Professional,26-35,Healthy,Frequent,4,0.0004464285714285714
C01446,2,Family,26-35,North Indian,Occasional,1,0.00011160714285714285
C01447,6,Student,18-25,Chinese,Regular,2,0.0002232142857142857
C01448,5,Student,18-25,Biryani,Regular,2,0.0002232142857142857
C01449,5,Working Professional,18-25,Chinese,Frequent,4,0.0004464285714285714
C01450,1,Student,26-35,Burgers,Regular,2,0.0002232142857142857
C01451,2,Student,46-55,North Indian,Occasional,1,0.00011160714285714285
C01452,8,Young Professional,18-25,Momos,Regular,2,0.0002232142857142857
C01453,3,Student,18-25,North Indian,Frequent,4,0.0004464285714285714
C01454,10,Family,26-35,Chinese,Regular,2,0.0002232142857142857
C01455,3,Student,18-25,Desserts,Occasional,1,0.00011160714285714285
C01456,8,Family,46-55,Burgers,Frequent,4,0.0004464285714285714
C01457,8,Family,26-35,Cafe,Regular,2,0.0002232142857142857
C01458,2,Student,18-25,Cafe,Regular,2,0.0002232142857142857
C01459,8,Working Professional,18-25,Biryani,Occasional,1,0.00011160714285714285
C01460,1,Student,18-25,South Indian,Regular,2,0.0002232142857142857
C01461,6,Young Professional,26-35,Pizza,Occasional,1,0.00011160714285714285
C01462,8,Young Professional,18-25,Momos,Regular,2,0.0002232142857142857
C01463,3,Working Professional,26-35,Pizza,Occasional,1,0.00011160714285714285
C01464,8,Working Professional,26-35,South Indian,Regular,2,0.0002232142857142857
C01465,1,Working Professional,18-25,Cafe,Frequent,4,0.0004464285714285714
C01466,9,Family,18-25,Desserts,Occasional,1,0.00011160714285714285
C01467,9,Working Professional,26-35,Healthy,Frequent,4,0.0004464285714285714
C01468,5,Student,36-45,Chinese,Occasional,1,0.00011160714285714285
C01469,10,Working Professional,46-55,North Indian,Frequent,4,0.0004464285714285714
C01470,4,Student,18-25,Cafe,Regular,2,0.0002232142857142857
C01471,6,Family,18-25,Biryani,Regular,2,0.0002232142857142857
C01472,7,Student,18-25,Pizza,Regular,2,0.0002232142857142857
C01473,5,Family,26-35,South Indian,Frequent,4,0.0004464285714285714
C01474,10,Student,26-35,North Indian,Occasional,1,0.00011160714285714285
C01475,9,Student,46-55,Biryani,Occasional,1,0.00011160714285714285
C01476,3,Family,36-45,Desserts,Regular,2,0.0002232142857142857
C01477,7,Young Professional,18-25,Chinese,Regular,2,0.0002232142857142857
C01478,10,Family,26-35,Chinese,Regular,2,0.0002232142857142857
C01479,10,Student,46-55,Momos,Regular,2,0.0002232142857142857
C01480,5,Student,26-35,Biryani,Occasional,1,0.00011160714285714285
C01481,7,Young Professional,26-35,Healthy,Regular,2,0.0002232142857142857
C01482,2,Working Professional,56+,Pizza,Occasional,1,0.00011160714285714285
C01483,4,Student,36-45,Pizza,Regular,2,0.0002232142857142857
C01484,2,Young Professional,36-45,Biryani,Occasional,1,0.00011160714285714285
C01485,7,Young Professional,18-25,Momos,Occasional,1,0.00011160714285714285
C01486,2,Young Professional,26-35,Pizza,Occasional,1,0.00011160714285714285
C01487,1,Young Professional,18-25,Cafe,Occasional,1,0.00011160714285714285
C01488,9,Young Professional,26-35,Momos,Regular,2,0.0002232142857142857
C01489,1,Student,18-25,Chinese,Occasional,1,0.00011160714285714285
C01490,8,Student,46-55,Burgers,Occasional,1,0.00011160714285714285
C01491,2,Working Professional,36-45,Biryani,Occasional,1,0.00011160714285714285
C01492,8,Working Professional,26-35,North Indian,Occasional,1,0.00011160714285714285
C01493,3,Working Professional,18-25,South Indian,Occasional,1,0.00011160714285714285
C01494,6,Working Professional,18-25,Biryani,Occasional,1,0.00011160714285714285
C01495,3,Working Professional,36-45,Biryani,Regular,2,0.0002232142857142857
C01496,7,Working Professional,26-35,South Indian,Regular,2,0.0002232142857142857
C01497,10,Student,36-45,Biryani,Regular,2,0.0002232142857142857
C01498,9,Student,26-35,Chinese,Occasional,1,0.00011160714285714285
C01499,2,Working Professional,26-35,Momos,Occasional,1,0.00011160714285714285
C01500,5,Family,36-45,Biryani,Frequent,4,0.0004464285714285714
C01501,6,Student,26-35,Chinese,Regular,2,0.0002232142857142857
C01502,4,Working Professional,26-35,Biryani,Occasional,1,0.00011160714285714285
C01503,4,Family,36-45,Momos,Occasional,1,0.00011160714285714285
C01504,4,Working Professional,18-25,Biryani,Occasional,1,0.00011160714285714285
C01505,2,Student,18-25,Momos,Occasional,1,0.00011160714285714285
C01506,4,Working Professional,26-35,Healthy,Occasional,1,0.00011160714285714285
C01507,1,Student,18-25,North Indian,Regular,2,0.0002232142857142857
C01508,6,Young Professional,36-45,North Indian,Regular,2,0.0002232142857142857
C01509,1,Student,36-45,Pizza,Regular,2,0.0002232142857142857
C01510,10,Family,46-55,Pizza,Regular,2,0.0002232142857142857
C01511,6,Student,26-35,Momos,Regular,2,0.0002232142857142857
C01512,1,Working Professional,18-25,Pizza,Regular,2,0.0002232142857142857
C01513,6,Working Professional,18-25,North Indian,Frequent,4,0.0004464285714285714
C01514,10,Student,36-45,Pizza,Occasional,1,0.00011160714285714285
C01515,8,Working Professional,18-25,Healthy,Occasional,1,0.00011160714285714285
C01516,2,Student,36-45,Pizza,Occasional,1,0.00011160714285714285
C01517,2,Working Professional,36-45,Desserts,Regular,2,0.0002232142857142857
C01518,4,Family,26-35,North Indian,Frequent,4,0.0004464285714285714
C01519,3,Working Professional,26-35,Biryani,Occasional,1,0.00011160714285714285
C01520,4,Young Professional,26-35,Pizza,Frequent,4,0.0004464285714285714
C01521,7,Family,46-55,North Indian,Occasional,1,0.00011160714285714285
C01522,1,Working Professional,18-25,Momos,Frequent,4,0.0004464285714285714
C01523,6,Student,46-55,Momos,Occasional,1,0.00011160714285714285
C01524,3,Working Professional,26-35,Desserts,Occasional,1,0.00011160714285714285
C01525,10,Family,56+,Chinese,Occasional,1,0.00011160714285714285
C01526,7,Student,18-25,Chinese,Occasional,1,0.00011160714285714285
C01527,10,Young Professional,18-25,Healthy,Occasional,1,0.00011160714285714285
C01528,2,Student,36-45,Biryani,Occasional,1,0.00011160714285714285
C01529,2,Young Professional,46-55,Pizza,Regular,2,0.0002232142857142857
C01530,4,Student,26-35,Burgers,Regular,2,0.0002232142857142857
C01531,1,Young Professional,36-45,Cafe,Occasional,1,0.00011160714285714285
C01532,3,Working Professional,46-55,Biryani,Regular,2,0.0002232142857142857
C01533,9,Student,18-25,Pizza,Regular,2,0.0002232142857142857
C01534,7,Student,26-35,Burgers,Occasional,1,0.00011160714285714285
C01535,7,Working Professional,46-55,Cafe,Occasional,1,0.00011160714285714285
C01536,4,Young Professional,26-35,Biryani,Occasional,1,0.00011160714285714285
C01537,2,Student,26-35,Momos,Occasional,1,0.00011160714285714285
C01538,4,Student,36-45,Desserts,Regular,2,0.0002232142857142857
C01539,6,Working Professional,26-35,Biryani,Occasional,1,0.00011160714285714285
C01540,3,Working Professional,18-25,Pizza,Regular,2,0.0002232142857142857
C01541,1,Working Professional,56+,Cafe,Regular,2,0.0002232142857142857
C01542,8,Family,26-35,Biryani,Occasional,1,0.00011160714285714285
C01543,5,Student,36-45,Chinese,Regular,2,0.0002232142857142857
C01544,5,Young Professional,36-45,Pizza,Occasional,1,0.00011160714285714285
C01545,4,Working Professional,18-25,Biryani,Frequent,4,0.0004464285714285714
C01546,6,Student,18-25,Pizza,Occasional,1,0.00011160714285714285
C01547,3,Family,26-35,North Indian,Regular,2,0.0002232142857142857
C01548,9,Family,26-35,South Indian,Regular,2,0.0002232142857142857
C01549,5,Working Professional,36-45,Pizza,Occasional,1,0.00011160714285714285
C01550,3,Family,26-35,South Indian,Regular,2,0.0002232142857142857
C01551,1,Student,26-35,Momos,Frequent,4,0.0004464285714285714
C01552,10,Working Professional,18-25,Cafe,Regular,2,0.0002232142857142857
C01553,6,Young Professional,26-35,Pizza,Regular,2,0.0002232142857142857
C01554,2,Student,26-35,Chinese,Frequent,4,0.0004464285714285714
C01555,3,Working Professional,26-35,Biryani,Occasional,1,0.00011160714285714285
C01556,1,Young Professional,18-25,Momos,Occasional,1,0.00011160714285714285
C01557,9,Young Professional,26-35,Burgers,Regular,2,0.0002232142857142857
C01558,8,Working Professional,18-25,North Indian,Occasional,1,0.00011160714285714285
C01559,2,Working Professional,26-35,North Indian,Regular,2,0.0002232142857142857
C01560,8,Working Professional,36-45,Healthy,Frequent,4,0.0004464285714285714
C01561,9,Young Professional,18-25,Pizza,Occasional,1,0.00011160714285714285
C01562,1,Young Professional,26-35,Momos,Occasional,1,0.00011160714285714285
C01563,5,Student,26-35,Burgers,Regular,2,0.0002232142857142857
C01564,8,Working Professional,18-25,Desserts,Occasional,1,0.00011160714285714285
C01565,2,Working Professional,18-25,Cafe,Regular,2,0.0002232142857142857
C01566,4,Family,46-55,South Indian,Occasional,1,0.00011160714285714285
C01567,7,Family,26-35,North Indian,Regular,2,0.0002232142857142857
C01568,3,Family,56+,Chinese,Occasional,1,0.00011160714285714285
C01569,5,Young Professional,26-35,North Indian,Regular,2,0.0002232142857142857
C01570,8,Student,26-35,Momos,Occasional,1,0.00011160714285714285
C01571,10,Student,26-35,Burgers,Regular,2,0.0002232142857142857
C01572,3,Working Professional,26-35,Chinese,Occasional,1,0.00011160714285714285
C01573,4,Working Professional,18-25,Healthy,Regular,2,0.0002232142857142857
C01574,9,Student,26-35,Momos,Frequent,4,0.0004464285714285714
C01575,7,Student,26-35,Biryani,Occasional,1,0.00011160714285714285
C01576,1,Family,18-25,North Indian,Occasional,1,0.00011160714285714285
C01577,4,Young Professional,18-25,Cafe,Occasional,1,0.00011160714285714285
C01578,4,Working Professional,18-25,Biryani,Regular,2,0.0002232142857142857
C01579,9,Working Professional,26-35,North Indian,Regular,2,0.0002232142857142857
C01580,6,Student,36-45,Biryani,Regular,2,0.0002232142857142857
C01581,9,Family,46-55,Biryani,Occasional,1,0.00011160714285714285
C01582,6,Family,18-25,Biryani,Occasional,1,0.00011160714285714285
C01583,6,Working Professional,18-25,Chinese,Regular,2,0.0002232142857142857
C01584,5,Student,26-35,Momos,Occasional,1,0.00011160714285714285
C01585,5,Student,46-55,Cafe,Frequent,4,0.0004464285714285714
C01586,2,Student,18-25,Momos,Occasional,1,0.00011160714285714285
C01587,8,Working Professional,36-45,Chinese,Regular,2,0.0002232142857142857
C01588,8,Young Professional,26-35,Pizza,Occasional,1,0.00011160714285714285
C01589,1,Young Professional,18-25,Pizza,Occasional,1,0.00011160714285714285
C01590,8,Working Professional,26-35,Chinese,Regular,2,0.0002232142857142857
C01591,5,Family,18-25,Desserts,Regular,2,0.0002232142857142857
C01592,2,Young Professional,46-55,Biryani,Frequent,4,0.0004464285714285714
C01593,2,Student,26-35,Chinese,Occasional,1,0.00011160714285714285
C01594,6,Working Professional,26-35,Desserts,Occasional,1,0.00011160714285714285
C01595,9,Young Professional,26-35,Cafe,Regular,2,0.0002232142857142857
C01596,1,Working Professional,26-35,Healthy,Regular,2,0.0002232142857142857
C01597,6,Young Professional,26-35,Biryani,Occasional,1,0.00011160714285714285
C01598,9,Young Professional,18-25,Momos,Occasional,1,0.00011160714285714285
C01599,8,Family,26-35,Biryani,Occasional,1,0.00011160714285714285
C01600,6,Young Professional,18-25,Burgers,Frequent,4,0.0004464285714285714
C01601,3,Family,36-45,North Indian,Occasional,1,0.00011160714285714285
C01602,8,Family,18-25,Biryani,Occasional,1,0.00011160714285714285
C01603,9,Working Professional,26-35,Healthy,Occasional,1,0.00011160714285714285
C01604,1,Student,18-25,Biryani,Occasional,1,0.00011160714285714285
C01605,9,Working Professional,46-55,North Indian,Occasional,1,0.00011160714285714285
C01606,6,Family,26-35,Pizza,Regular,2,0.0002232142857142857
C01607,6,Student,26-35,Burgers,Occasional,1,0.00011160714285714285
C01608,4,Student,46-55,Burgers,Regular,2,0.0002232142857142857
C01609,1,Student,26-35,Momos,Occasional,1,0.00011160714285714285
C01610,10,Family,56+,Momos,Regular,2,0.0002232142857142857
C01611,8,Young Professional,18-25,Pizza,Frequent,4,0.0004464285714285714
C01612,2,Young Professional,26-35,Healthy,Regular,2,0.0002232142857142857
C01613,1,Working Professional,36-45,Burgers,Regular,2,0.0002232142857142857
C01614,2,Young Professional,46-55,Cafe,Occasional,1,0.00011160714285714285
C01615,1,Family,18-25,Momos,Occasional,1,0.00011160714285714285
C01616,1,Working Professional,46-55,Cafe,Regular,2,0.0002232142857142857
C01617,9,Working Professional,26-35,South Indian,Frequent,4,0.0004464285714285714
C01618,1,Student,36-45,Cafe,Regular,2,0.0002232142857142857
C01619,4,Young Professional,26-35,Cafe,Regular,2,0.0002232142857142857
C01620,10,Working Professional,18-25,Chinese,Regular,2,0.0002232142857142857
C01621,6,Working Professional,46-55,Chinese,Occasional,1,0.00011160714285714285
C01622,7,Family,46-55,North Indian,Occasional,1,0.00011160714285714285
C01623,2,Working Professional,26-35,Chinese,Regular,2,0.0002232142857142857
C01624,6,Student,18-25,Biryani,Frequent,4,0.0004464285714285714
C01625,7,Family,18-25,North Indian,Occasional,1,0.00011160714285714285
C01626,10,Student,26-35,Momos,Regular,2,0.0002232142857142857
C01627,10,Family,18-25,North Indian,Occasional,1,0.00011160714285714285
C01628,2,Working Professional,26-35,North Indian,Regular,2,0.0002232142857142857
C01629,2,Family,26-35,South Indian,Occasional,1,0.00011160714285714285
C01630,10,Family,36-45,North Indian,Occasional,1,0.00011160714285714285
C01631,7,Working Professional,18-25,Pizza,Regular,2,0.0002232142857142857
C01632,1,Working Professional,26-35,Momos,Occasional,1,0.00011160714285714285
C01633,8,Family,26-35,North Indian,Regular,2,0.0002232142857142857
C01634,3,Family,26-35,Pizza,Regular,2,0.0002232142857142857
C01635,6,Family,26-35,North Indian,Frequent,4,0.0004464285714285714
C01636,9,Young Professional,26-35,Healthy,Occasional,1,0.00011160714285714285
C01637,6,Student,36-45,Chinese,Occasional,1,0.00011160714285714285
C01638,9,Working Professional,46-55,North Indian,Occasional,1,0.00011160714285714285
C01639,7,Young Professional,36-45,Healthy,Frequent,4,0.0004464285714285714
C01640,9,Working Professional,46-55,North Indian,Frequent,4,0.0004464285714285714
C01641,2,Student,36-45,Cafe,Regular,2,0.0002232142857142857
C01642,8,Working Professional,36-45,Pizza,Regular,2,0.0002232142857142857
C01643,8,Student,18-25,Biryani,Regular,2,0.0002232142857142857
C01644,2,Student,26-35,Momos,Regular,2,0.0002232142857142857
C01645,4,Young Professional,26-35,Cafe,Occasional,1,0.00011160714285714285
C01646,7,Working Professional,18-25,Biryani,Regular,2,0.0002232142857142857
C01647,4,Student,26-35,Chinese,Occasional,1,0.00011160714285714285
C01648,4,Young Professional,18-25,Chinese,Regular,2,0.0002232142857142857
C01649,6,Young Professional,36-45,South Indian,Regular,2,0.0002232142857142857
C01650,10,Working Professional,26-35,Healthy,Regular,2,0.0002232142857142857
C01651,6,Student,26-35,Chinese,Occasional,1,0.00011160714285714285
C01652,10,Young Professional,56+,Biryani,Occasional,1,0.00011160714285714285
C01653,3,Family,26-35,North Indian,Occasional,1,0.00011160714285714285
C01654,9,Family,26-35,Biryani,Occasional,1,0.00011160714285714285
C01655,10,Young Professional,26-35,Burgers,Occasional,1,0.00011160714285714285
C01656,2,Family,46-55,Biryani,Frequent,4,0.0004464285714285714
C01657,6,Student,26-35,Burgers,Regular,2,0.0002232142857142857
C01658,7,Family,26-35,Pizza,Occasional,1,0.00011160714285714285
C01659,9,Working Professional,18-25,Pizza,Occasional,1,0.00011160714285714285
C01660,3,Family,26-35,Healthy,Occasional,1,0.00011160714285714285
C01661,10,Family,18-25,North Indian,Regular,2,0.0002232142857142857
C01662,3,Student,36-45,Cafe,Regular,2,0.0002232142857142857
C01663,7,Working Professional,46-55,Biryani,Frequent,4,0.0004464285714285714
C01664,4,Working Professional,36-45,Cafe,Occasional,1,0.00011160714285714285
C01665,8,Working Professional,36-45,Healthy,Frequent,4,0.0004464285714285714
C01666,7,Family,26-35,Biryani,Frequent,4,0.0004464285714285714
C01667,5,Working Professional,36-45,South Indian,Occasional,1,0.00011160714285714285
C01668,7,Family,26-35,Momos,Frequent,4,0.0004464285714285714
C01669,3,Student,36-45,Burgers,Occasional,1,0.00011160714285714285
C01670,2,Family,18-25,Desserts,Regular,2,0.0002232142857142857
C01671,6,Young Professional,18-25,Cafe,Occasional,1,0.00011160714285714285
C01672,2,Family,26-35,Biryani,Frequent,4,0.0004464285714285714
C01673,3,Working Professional,26-35,Cafe,Frequent,4,0.0004464285714285714
C01674,6,Young Professional,18-25,Burgers,Regular,2,0.0002232142857142857
C01675,5,Student,36-45,Burgers,Regular,2,0.0002232142857142857
C01676,8,Student,18-25,South Indian,Occasional,1,0.00011160714285714285
C01677,9,Working Professional,18-25,South Indian,Occasional,1,0.00011160714285714285
C01678,3,Student,36-45,Biryani,Occasional,1,0.00011160714285714285
C01679,10,Young Professional,26-35,North Indian,Occasional,1,0.00011160714285714285
C01680,3,Student,36-45,Biryani,Regular,2,0.0002232142857142857
C01681,3,Family,26-35,Chinese,Occasional,1,0.00011160714285714285
C01682,6,Family,56+,North Indian,Frequent,4,0.0004464285714285714
C01683,1,Student,26-35,Chinese,Regular,2,0.0002232142857142857
C01684,7,Family,18-25,Chinese,Regular,2,0.0002232142857142857
C01685,1,Student,26-35,Biryani,Occasional,1,0.00011160714285714285
C01686,5,Working Professional,18-25,North Indian,Frequent,4,0.0004464285714285714
C01687,10,Student,46-55,Biryani,Frequent,4,0.0004464285714285714
C01688,8,Young Professional,18-25,Burgers,Occasional,1,0.00011160714285714285
C01689,4,Young Professional,26-35,Momos,Regular,2,0.0002232142857142857
C01690,5,Student,18-25,Burgers,Regular,2,0.0002232142857142857
C01691,4,Student,46-55,Healthy,Occasional,1,0.00011160714285714285
C01692,4,Family,26-35,Healthy,Regular,2,0.0002232142857142857
C01693,8,Student,56+,South Indian,Occasional,1,0.00011160714285714285
C01694,2,Young Professional,18-25,North Indian,Occasional,1,0.00011160714285714285
C01695,1,Working Professional,18-25,Biryani,Occasional,1,0.00011160714285714285
C01696,3,Working Professional,18-25,North Indian,Occasional,1,0.00011160714285714285
C01697,9,Young Professional,36-45,Momos,Occasional,1,0.00011160714285714285
C01698,4,Working Professional,46-55,Chinese,Occasional,1,0.00011160714285714285
C01699,10,Young Professional,18-25,Biryani,Frequent,4,0.0004464285714285714
C01700,5,Young Professional,18-25,North Indian,Regular,2,0.0002232142857142857
C01701,2,Student,36-45,Pizza,Frequent,4,0.0004464285714285714
C01702,4,Student,18-25,Biryani,Occasional,1,0.00011160714285714285
C01703,2,Young Professional,18-25,Burgers,Occasional,1,0.00011160714285714285
C01704,2,Young Professional,18-25,Pizza,Regular,2,0.0002232142857142857
C01705,4,Student,18-25,Burgers,Occasional,1,0.00011160714285714285
C01706,6,Young Professional,18-25,North Indian,Occasional,1,0.00011160714285714285
C01707,7,Working Professional,18-25,South Indian,Regular,2,0.0002232142857142857
C01708,10,Student,26-35,Momos,Occasional,1,0.00011160714285714285
C01709,3,Young Professional,46-55,Burgers,Regular,2,0.0002232142857142857
C01710,3,Student,26-35,Chinese,Regular,2,0.0002232142857142857
C01711,10,Young Professional,36-45,Pizza,Occasional,1,0.00011160714285714285
C01712,6,Student,18-25,Pizza,Occasional,1,0.00011160714285714285
C01713,3,Family,36-45,Pizza,Regular,2,0.0002232142857142857
C01714,2,Student,26-35,Burgers,Occasional,1,0.00011160714285714285
C01715,8,Working Professional,36-45,Chinese,Occasional,1,0.00011160714285714285
C01716,5,Family,18-25,Pizza,Frequent,4,0.0004464285714285714
C01717,1,Student,46-55,South Indian,Occasional,1,0.00011160714285714285
C01718,3,Working Professional,18-25,South Indian,Regular,2,0.0002232142857142857
C01719,10,Working Professional,26-35,Biryani,Frequent,4,0.0004464285714285714
C01720,8,Student,56+,Momos,Occasional,1,0.00011160714285714285
C01721,4,Young Professional,26-35,Pizza,Occasional,1,0.00011160714285714285
C01722,7,Working Professional,26-35,Biryani,Occasional,1,0.00011160714285714285
C01723,10,Working Professional,46-55,South Indian,Occasional,1,0.00011160714285714285
C01724,2,Working Professional,26-35,Chinese,Occasional,1,0.00011160714285714285
C01725,7,Working Professional,18-25,Cafe,Regular,2,0.0002232142857142857
C01726,5,Student,56+,Burgers,Occasional,1,0.00011160714285714285
C01727,5,Working Professional,18-25,Biryani,Regular,2,0.0002232142857142857
C01728,6,Working Professional,46-55,Momos,Frequent,4,0.0004464285714285714
C01729,9,Family,18-25,North Indian,Regular,2,0.0002232142857142857
C01730,6,Young Professional,36-45,Pizza,Regular,2,0.0002232142857142857
C01731,8,Working Professional,26-35,Healthy,Occasional,1,0.00011160714285714285
C01732,7,Student,56+,Biryani,Regular,2,0.0002232142857142857
C01733,9,Student,26-35,Burgers,Regular,2,0.0002232142857142857
C01734,4,Student,18-25,South Indian,Occasional,1,0.00011160714285714285
C01735,2,Student,26-35,Desserts,Occasional,1,0.00011160714285714285
C01736,7,Working Professional,18-25,Cafe,Frequent,4,0.0004464285714285714
C01737,6,Student,36-45,Momos,Occasional,1,0.00011160714285714285
C01738,1,Student,46-55,Momos,Occasional,1,0.00011160714285714285
C01739,9,Student,26-35,Momos,Occasional,1,0.00011160714285714285
C01740,9,Student,36-45,Pizza,Occasional,1,0.00011160714285714285
C01741,2,Student,18-25,Chinese,Regular,2,0.0002232142857142857
C01742,3,Student,26-35,Pizza,Regular,2,0.0002232142857142857
C01743,5,Working Professional,26-35,North Indian,Regular,2,0.0002232142857142857
C01744,5,Working Professional,26-35,Chinese,Occasional,1,0.00011160714285714285
C01745,1,Student,18-25,Burgers,Occasional,1,0.00011160714285714285
C01746,8,Working Professional,36-45,Momos,Occasional,1,0.00011160714285714285
C01747,8,Working Professional,18-25,South Indian,Occasional,1,0.00011160714285714285
C01748,4,Student,36-45,Biryani,Occasional,1,0.00011160714285714285
C01749,7,Student,18-25,Pizza,Regular,2,0.0002232142857142857
C01750,10,Working Professional,46-55,North Indian,Occasional,1,0.00011160714285714285
C01751,3,Family,18-25,Chinese,Regular,2,0.0002232142857142857
C01752,6,Student,26-35,Biryani,Occasional,1,0.00011160714285714285
C01753,10,Student,18-25,Biryani,Occasional,1,0.00011160714285714285
C01754,10,Young Professional,36-45,Momos,Occasional,1,0.00011160714285714285
C01755,9,Student,26-35,Momos,Frequent,4,0.0004464285714285714
C01756,1,Student,36-45,Burgers,Regular,2,0.0002232142857142857
C01757,5,Young Professional,18-25,Biryani,Frequent,4,0.0004464285714285714
C01758,4,Young Professional,36-45,Chinese,Occasional,1,0.00011160714285714285
C01759,8,Working Professional,18-25,Biryani,Occasional,1,0.00011160714285714285
C01760,1,Working Professional,18-25,Chinese,Regular,2,0.0002232142857142857
C01761,9,Student,26-35,Biryani,Occasional,1,0.00011160714285714285
C01762,6,Student,18-25,Burgers,Regular,2,0.0002232142857142857
C01763,4,Working Professional,18-25,North Indian,Occasional,1,0.00011160714285714285
C01764,9,Student,46-55,South Indian,Occasional,1,0.00011160714285714285
C01765,5,Working Professional,56+,Pizza,Occasional,1,0.00011160714285714285
C01766,5,Young Professional,36-45,North Indian,Occasional,1,0.00011160714285714285
C01767,5,Young Professional,18-25,Chinese,Regular,2,0.0002232142857142857
C01768,1,Student,18-25,South Indian,Occasional,1,0.00011160714285714285
C01769,1,Family,26-35,Pizza,Occasional,1,0.00011160714285714285
C01770,8,Working Professional,18-25,North Indian,Occasional,1,0.00011160714285714285
C01771,8,Young Professional,46-55,Momos,Occasional,1,0.00011160714285714285
C01772,6,Student,18-25,Cafe,Regular,2,0.0002232142857142857
C01773,4,Student,56+,Chinese,Frequent,4,0.0004464285714285714
C01774,2,Student,26-35,Pizza,Frequent,4,0.0004464285714285714
C01775,2,Working Professional,36-45,Biryani,Regular,2,0.0002232142857142857
C01776,9,Working Professional,18-25,Pizza,Occasional,1,0.00011160714285714285
C01777,5,Family,46-55,Chinese,Regular,2,0.0002232142857142857
C01778,4,Family,18-25,North Indian,Occasional,1,0.00011160714285714285
C01779,10,Student,36-45,Burgers,Occasional,1,0.00011160714285714285
C01780,1,Working Professional,36-45,Chinese,Regular,2,0.0002232142857142857
C01781,7,Student,18-25,Chinese,Occasional,1,0.00011160714285714285
C01782,3,Young Professional,26-35,Burgers,Frequent,4,0.0004464285714285714
C01783,6,Young Professional,26-35,Biryani,Occasional,1,0.00011160714285714285
C01784,5,Young Professional,26-35,Burgers,Regular,2,0.0002232142857142857
C01785,5,Young Professional,26-35,Chinese,Regular,2,0.0002232142857142857
C01786,5,Student,26-35,Chinese,Frequent,4,0.0004464285714285714
C01787,1,Student,26-35,Momos,Regular,2,0.0002232142857142857
C01788,1,Working Professional,36-45,Pizza,Regular,2,0.0002232142857142857
C01789,3,Young Professional,26-35,North Indian,Occasional,1,0.00011160714285714285
C01790,10,Student,18-25,Chinese,Regular,2,0.0002232142857142857
C01791,4,Student,46-55,Burgers,Occasional,1,0.00011160714285714285
C01792,5,Young Professional,46-55,Pizza,Regular,2,0.0002232142857142857
C01793,2,Student,26-35,North Indian,Regular,2,0.0002232142857142857
C01794,8,Working Professional,26-35,Desserts,Regular,2,0.0002232142857142857
C01795,2,Family,26-35,Pizza,Occasional,1,0.00011160714285714285
C01796,9,Student,36-45,Chinese,Occasional,1,0.00011160714285714285
C01797,2,Student,36-45,South Indian,Regular,2,0.0002232142857142857
C01798,9,Family,18-25,Pizza,Occasional,1,0.00011160714285714285
C01799,7,Family,36-45,North Indian,Occasional,1,0.00011160714285714285
C01800,8,Young Professional,18-25,South Indian,Occasional,1,0.00011160714285714285
C01801,2,Working Professional,18-25,North Indian,Frequent,4,0.0004464285714285714
C01802,7,Student,36-45,Chinese,Regular,2,0.0002232142857142857
C01803,6,Family,26-35,North Indian,Occasional,1,0.00011160714285714285
C01804,4,Working Professional,26-35,Pizza,Occasional,1,0.00011160714285714285
C01805,7,Student,26-35,Momos,Occasional,1,0.00011160714285714285
C01806,4,Family,46-55,Biryani,Regular,2,0.0002232142857142857
C01807,2,Student,26-35,Burgers,Regular,2,0.0002232142857142857
C01808,10,Student,36-45,Biryani,Occasional,1,0.00011160714285714285
C01809,7,Student,18-25,Momos,Occasional,1,0.00011160714285714285
C01810,8,Working Professional,18-25,Biryani,Occasional,1,0.00011160714285714285
C01811,2,Working Professional,26-35,Chinese,Regular,2,0.0002232142857142857
C01812,5,Working Professional,26-35,North Indian,Regular,2,0.0002232142857142857
C01813,1,Family,36-45,Chinese,Occasional,1,0.00011160714285714285
C01814,7,Young Professional,26-35,Biryani,Occasional,1,0.00011160714285714285
C01815,8,Student,26-35,Chinese,Occasional,1,0.00011160714285714285
C01816,6,Student,18-25,Burgers,Frequent,4,0.0004464285714285714
C01817,5,Student,18-25,Chinese,Occasional,1,0.00011160714285714285
C01818,6,Student,46-55,Pizza,Regular,2,0.0002232142857142857
C01819,2,Family,26-35,Chinese,Regular,2,0.0002232142857142857
C01820,1,Family,18-25,Desserts,Occasional,1,0.00011160714285714285
C01821,7,Family,36-45,Biryani,Occasional,1,0.00011160714285714285
C01822,7,Student,36-45,Burgers,Occasional,1,0.00011160714285714285
C01823,10,Working Professional,36-45,North Indian,Regular,2,0.0002232142857142857
C01824,10,Working Professional,18-25,Biryani,Regular,2,0.0002232142857142857
C01825,2,Student,26-35,Momos,Regular,2,0.0002232142857142857
C01826,2,Family,18-25,Cafe,Regular,2,0.0002232142857142857
C01827,1,Young Professional,36-45,Burgers,Occasional,1,0.00011160714285714285
C01828,10,Working Professional,36-45,Biryani,Frequent,4,0.0004464285714285714
C01829,8,Family,26-35,South Indian,Regular,2,0.0002232142857142857
C01830,8,Working Professional,26-35,South Indian,Occasional,1,0.00011160714285714285
C01831,1,Student,18-25,South Indian,Frequent,4,0.0004464285714285714
C01832,8,Working Professional,18-25,Pizza,Regular,2,0.0002232142857142857
C01833,9,Student,56+,Chinese,Regular,2,0.0002232142857142857
C01834,4,Student,18-25,Pizza,Regular,2,0.0002232142857142857
C01835,1,Family,18-25,Biryani,Regular,2,0.0002232142857142857
C01836,1,Young Professional,56+,Biryani,Regular,2,0.0002232142857142857
C01837,3,Working Professional,26-35,Desserts,Occasional,1,0.00011160714285714285
C01838,5,Working Professional,36-45,Healthy,Occasional,1,0.00011160714285714285
C01839,5,Young Professional,18-25,Pizza,Frequent,4,0.0004464285714285714
C01840,9,Young Professional,26-35,Cafe,Occasional,1,0.00011160714285714285
C01841,10,Family,26-35,North Indian,Occasional,1,0.00011160714285714285
C01842,2,Student,36-45,Pizza,Occasional,1,0.00011160714285714285
C01843,2,Young Professional,18-25,South Indian,Occasional,1,0.00011160714285714285
C01844,6,Student,26-35,North Indian,Regular,2,0.0002232142857142857
C01845,9,Family,36-45,Biryani,Frequent,4,0.0004464285714285714
C01846,1,Student,26-35,Burgers,Occasional,1,0.00011160714285714285
C01847,9,Family,26-35,Momos,Occasional,1,0.00011160714285714285
C01848,9,Student,18-25,Biryani,Occasional,1,0.00011160714285714285
C01849,9,Working Professional,18-25,Biryani,Frequent,4,0.0004464285714285714
C01850,5,Working Professional,36-45,Biryani,Regular,2,0.0002232142857142857
C01851,9,Student,36-45,Chinese,Occasional,1,0.00011160714285714285
C01852,4,Family,56+,Biryani,Regular,2,0.0002232142857142857
C01853,2,Young Professional,36-45,Chinese,Frequent,4,0.0004464285714285714
C01854,6,Young Professional,26-35,Biryani,Regular,2,0.0002232142857142857
C01855,4,Student,46-55,Biryani,Frequent,4,0.0004464285714285714
C01856,6,Family,18-25,Biryani,Occasional,1,0.00011160714285714285
C01857,3,Family,26-35,North Indian,Regular,2,0.0002232142857142857
C01858,6,Working Professional,18-25,Biryani,Occasional,1,0.00011160714285714285
C01859,2,Student,18-25,Burgers,Regular,2,0.0002232142857142857
C01860,2,Family,36-45,South Indian,Regular,2,0.0002232142857142857
C01861,9,Young Professional,26-35,Burgers,Regular,2,0.0002232142857142857
C01862,7,Family,26-35,Biryani,Regular,2,0.0002232142857142857
C01863,3,Working Professional,26-35,Biryani,Occasional,1,0.00011160714285714285
C01864,1,Working Professional,26-35,Pizza,Regular,2,0.0002232142857142857
C01865,8,Student,18-25,Burgers,Frequent,4,0.0004464285714285714
C01866,6,Family,36-45,Biryani,Frequent,4,0.0004464285714285714
C01867,7,Family,26-35,Biryani,Occasional,1,0.00011160714285714285
C01868,9,Student,36-45,Cafe,Occasional,1,0.00011160714285714285
C01869,5,Young Professional,18-25,Biryani,Occasional,1,0.00011160714285714285
C01870,1,Student,18-25,Momos,Regular,2,0.0002232142857142857
C01871,10,Young Professional,26-35,Chinese,Regular,2,0.0002232142857142857
C01872,7,Working Professional,46-55,Healthy,Occasional,1,0.00011160714285714285
C01873,5,Student,26-35,South Indian,Regular,2,0.0002232142857142857
C01874,3,Working Professional,36-45,Chinese,Regular,2,0.0002232142857142857
C01875,9,Working Professional,56+,North Indian,Regular,2,0.0002232142857142857
C01876,1,Student,56+,Cafe,Regular,2,0.0002232142857142857
C01877,1,Working Professional,36-45,North Indian,Regular,2,0.0002232142857142857
C01878,1,Working Professional,36-45,Biryani,Regular,2,0.0002232142857142857
C01879,3,Family,18-25,Biryani,Occasional,1,0.00011160714285714285
C01880,6,Student,46-55,Burgers,Regular,2,0.0002232142857142857
C01881,10,Working Professional,26-35,North Indian,Regular,2,0.0002232142857142857
C01882,3,Student,56+,Burgers,Frequent,4,0.0004464285714285714
C01883,8,Family,18-25,Biryani,Regular,2,0.0002232142857142857
C01884,10,Student,26-35,Chinese,Regular,2,0.0002232142857142857
C01885,2,Young Professional,26-35,Burgers,Occasional,1,0.00011160714285714285
C01886,9,Family,26-35,Pizza,Occasional,1,0.00011160714285714285
C01887,3,Working Professional,18-25,Cafe,Occasional,1,0.00011160714285714285
C01888,5,Working Professional,26-35,North Indian,Occasional,1,0.00011160714285714285
C01889,10,Student,36-45,Healthy,Regular,2,0.0002232142857142857
C01890,8,Student,26-35,Momos,Frequent,4,0.0004464285714285714
C01891,2,Young Professional,18-25,South Indian,Occasional,1,0.00011160714285714285
C01892,6,Young Professional,36-45,Chinese,Occasional,1,0.00011160714285714285
C01893,5,Student,18-25,Biryani,Regular,2,0.0002232142857142857
C01894,10,Working Professional,18-25,Pizza,Occasional,1,0.00011160714285714285
C01895,9,Family,36-45,South Indian,Regular,2,0.0002232142857142857
C01896,5,Family,46-55,South Indian,Regular,2,0.0002232142857142857
C01897,2,Student,26-35,Pizza,Regular,2,0.0002232142857142857
C01898,5,Student,26-35,North Indian,Occasional,1,0.00011160714285714285
C01899,4,Student,26-35,Pizza,Occasional,1,0.00011160714285714285
C01900,7,Young Professional,26-35,Biryani,Regular,2,0.0002232142857142857
C01901,6,Working Professional,18-25,Chinese,Regular,2,0.0002232142857142857
C01902,2,Working Professional,56+,North Indian,Occasional,1,0.00011160714285714285
C01903,5,Young Professional,36-45,Cafe,Regular,2,0.0002232142857142857
C01904,7,Family,36-45,South Indian,Occasional,1,0.00011160714285714285
C01905,7,Young Professional,26-35,Cafe,Regular,2,0.0002232142857142857
C01906,5,Working Professional,36-45,Cafe,Occasional,1,0.00011160714285714285
C01907,9,Student,26-35,Biryani,Frequent,4,0.0004464285714285714
C01908,4,Young Professional,18-25,Cafe,Occasional,1,0.00011160714285714285
C01909,3,Working Professional,18-25,Healthy,Occasional,1,0.00011160714285714285
C01910,4,Student,26-35,Momos,Occasional,1,0.00011160714285714285
C01911,5,Working Professional,46-55,Biryani,Occasional,1,0.00011160714285714285
C01912,6,Student,18-25,Chinese,Frequent,4,0.0004464285714285714
C01913,3,Working Professional,18-25,South Indian,Frequent,4,0.0004464285714285714
C01914,2,Young Professional,26-35,Cafe,Occasional,1,0.00011160714285714285
C01915,4,Young Professional,36-45,Pizza,Occasional,1,0.00011160714285714285
C01916,5,Young Professional,18-25,Healthy,Regular,2,0.0002232142857142857
C01917,4,Student,18-25,Momos,Frequent,4,0.0004464285714285714
C01918,3,Working Professional,26-35,North Indian,Regular,2,0.0002232142857142857
C01919,8,Student,26-35,South Indian,Occasional,1,0.00011160714285714285
C01920,10,Young Professional,18-25,Momos,Occasional,1,0.00011160714285714285
C01921,4,Working Professional,18-25,Biryani,Regular,2,0.0002232142857142857
C01922,2,Family,26-35,North Indian,Occasional,1,0.00011160714285714285
C01923,2,Family,26-35,South Indian,Regular,2,0.0002232142857142857
C01924,1,Working Professional,56+,Cafe,Occasional,1,0.00011160714285714285
C01925,4,Working Professional,36-45,Pizza,Regular,2,0.0002232142857142857
C01926,10,Young Professional,18-25,Pizza,Occasional,1,0.00011160714285714285
C01927,9,Young Professional,26-35,Burgers,Regular,2,0.0002232142857142857
C01928,7,Student,26-35,Pizza,Occasional,1,0.00011160714285714285
C01929,10,Working Professional,18-25,Biryani,Regular,2,0.0002232142857142857
C01930,7,Young Professional,46-55,Momos,Occasional,1,0.00011160714285714285
C01931,7,Student,36-45,Pizza,Regular,2,0.0002232142857142857
C01932,8,Working Professional,18-25,North Indian,Regular,2,0.0002232142857142857
C01933,1,Student,18-25,Biryani,Regular,2,0.0002232142857142857
C01934,10,Working Professional,18-25,South Indian,Regular,2,0.0002232142857142857
C01935,10,Student,18-25,Burgers,Regular,2,0.0002232142857142857
C01936,8,Working Professional,26-35,Biryani,Regular,2,0.0002232142857142857
C01937,4,Student,26-35,Momos,Occasional,1,0.00011160714285714285
C01938,4,Working Professional,56+,North Indian,Regular,2,0.0002232142857142857
C01939,4,Young Professional,18-25,South Indian,Occasional,1,0.00011160714285714285
C01940,6,Young Professional,26-35,Desserts,Occasional,1,0.00011160714285714285
C01941,7,Young Professional,46-55,North Indian,Occasional,1,0.00011160714285714285
C01942,6,Family,26-35,North Indian,Occasional,1,0.00011160714285714285
C01943,1,Student,18-25,Chinese,Regular,2,0.0002232142857142857
C01944,8,Student,18-25,Momos,Regular,2,0.0002232142857142857
C01945,10,Young Professional,26-35,Pizza,Regular,2,0.0002232142857142857
C01946,7,Working Professional,56+,Chinese,Regular,2,0.0002232142857142857
C01947,6,Student,46-55,Pizza,Occasional,1,0.00011160714285714285
C01948,6,Family,46-55,North Indian,Occasional,1,0.00011160714285714285
C01949,5,Student,36-45,Momos,Occasional,1,0.00011160714285714285
C01950,6,Student,26-35,Pizza,Occasional,1,0.00011160714285714285
C01951,9,Young Professional,46-55,Healthy,Occasional,1,0.00011160714285714285
C01952,10,Young Professional,56+,North Indian,Occasional,1,0.00011160714285714285
C01953,9,Working Professional,26-35,Momos,Regular,2,0.0002232142857142857
C01954,10,Young Professional,18-25,Burgers,Regular,2,0.0002232142857142857
C01955,8,Family,26-35,Momos,Frequent,4,0.0004464285714285714
C01956,10,Family,18-25,South Indian,Frequent,4,0.0004464285714285714
C01957,9,Student,18-25,Pizza,Regular,2,0.0002232142857142857
C01958,10,Student,46-55,Burgers,Occasional,1,0.00011160714285714285
C01959,8,Family,46-55,Pizza,Regular,2,0.0002232142857142857
C01960,8,Young Professional,18-25,Burgers,Regular,2,0.0002232142857142857
C01961,1,Family,26-35,Desserts,Occasional,1,0.00011160714285714285
C01962,10,Student,46-55,Momos,Occasional,1,0.00011160714285714285
C01963,5,Student,36-45,Chinese,Regular,2,0.0002232142857142857
C01964,4,Young Professional,26-35,Burgers,Occasional,1,0.00011160714285714285
C01965,2,Student,36-45,Chinese,Regular,2,0.0002232142857142857
C01966,8,Working Professional,46-55,North Indian,Regular,2,0.0002232142857142857
C01967,3,Student,46-55,Pizza,Occasional,1,0.00011160714285714285
C01968,4,Student,26-35,Momos,Occasional,1,0.00011160714285714285
C01969,7,Family,18-25,Burgers,Occasional,1,0.00011160714285714285
C01970,10,Family,46-55,Chinese,Occasional,1,0.00011160714285714285
C01971,9,Working Professional,18-25,Cafe,Occasional,1,0.00011160714285714285
C01972,2,Student,36-45,Cafe,Regular,2,0.0002232142857142857
C01973,3,Young Professional,18-25,Biryani,Occasional,1,0.00011160714285714285
C01974,4,Student,26-35,Pizza,Regular,2,0.0002232142857142857
C01975,10,Working Professional,26-35,Healthy,Occasional,1,0.00011160714285714285
C01976,1,Young Professional,18-25,Chinese,Frequent,4,0.0004464285714285714
C01977,7,Student,46-55,Momos,Occasional,1,0.00011160714285714285
C01978,2,Young Professional,18-25,Pizza,Occasional,1,0.00011160714285714285
C01979,5,Student,46-55,Pizza,Frequent,4,0.0004464285714285714
C01980,1,Working Professional,46-55,Chinese,Regular,2,0.0002232142857142857
C01981,3,Working Professional,26-35,Pizza,Occasional,1,0.00011160714285714285
C01982,2,Young Professional,36-45,Pizza,Regular,2,0.0002232142857142857
C01983,1,Student,18-25,Biryani,Occasional,1,0.00011160714285714285
C01984,7,Working Professional,36-45,Desserts,Occasional,1,0.00011160714285714285
C01985,5,Young Professional,26-35,Burgers,Occasional,1,0.00011160714285714285
C01986,1,Working Professional,26-35,Biryani,Occasional,1,0.00011160714285714285
C01987,6,Working Professional,26-35,North Indian,Regular,2,0.0002232142857142857
C01988,5,Student,36-45,Pizza,Occasional,1,0.00011160714285714285
C01989,3,Family,46-55,Chinese,Occasional,1,0.00011160714285714285
C01990,7,Student,18-25,Momos,Regular,2,0.0002232142857142857
C01991,10,Student,26-35,Momos,Regular,2,0.0002232142857142857
C01992,9,Working Professional,18-25,Momos,Occasional,1,0.00011160714285714285
C01993,9,Working Professional,36-45,Pizza,Regular,2,0.0002232142857142857
C01994,9,Young Professional,18-25,Chinese,Occasional,1,0.00011160714285714285
C01995,2,Young Professional,36-45,Momos,Regular,2,0.0002232142857142857
C01996,3,Family,18-25,South Indian,Regular,2,0.0002232142857142857
C01997,7,Young Professional,26-35,Pizza,Frequent,4,0.0004464285714285714
C01998,5,Family,46-55,North Indian,Occasional,1,0.00011160714285714285
C01999,2,Student,36-45,Chinese,Occasional,1,0.00011160714285714285
C02000,3,Family,36-45,North Indian,Occasional,1,0.00011160714285714285
C02001,10,Student,26-35,Chinese,Occasional,1,0.00011160714285714285
C02002,6,Working Professional,46-55,Chinese,Occasional,1,0.00011160714285714285
C02003,7,Young Professional,26-35,Healthy,Frequent,4,0.0004464285714285714
C02004,9,Working Professional,46-55,Healthy,Occasional,1,0.00011160714285714285
C02005,1,Young Professional,26-35,North Indian,Occasional,1,0.00011160714285714285
C02006,7,Student,26-35,Pizza,Regular,2,0.0002232142857142857
C02007,8,Family,18-25,South Indian,Occasional,1,0.00011160714285714285
C02008,3,Student,26-35,Pizza,Regular,2,0.0002232142857142857
C02009,4,Family,18-25,Biryani,Occasional,1,0.00011160714285714285
C02010,10,Family,46-55,North Indian,Occasional,1,0.00011160714285714285
C02011,6,Working Professional,36-45,Pizza,Occasional,1,0.00011160714285714285
C02012,10,Student,56+,South Indian,Occasional,1,0.00011160714285714285
C02013,7,Student,18-25,Momos,Frequent,4,0.0004464285714285714
C02014,4,Student,18-25,Momos,Occasional,1,0.00011160714285714285
C02015,8,Family,46-55,Biryani,Regular,2,0.0002232142857142857
C02016,5,Young Professional,26-35,Healthy,Occasional,1,0.00011160714285714285
C02017,1,Student,26-35,Pizza,Occasional,1,0.00011160714285714285
C02018,4,Family,46-55,Biryani,Frequent,4,0.0004464285714285714
C02019,3,Young Professional,26-35,Biryani,Occasional,1,0.00011160714285714285
C02020,9,Working Professional,18-25,Cafe,Regular,2,0.0002232142857142857
C02021,8,Family,46-55,Healthy,Frequent,4,0.0004464285714285714
C02022,1,Young Professional,18-25,Pizza,Regular,2,0.0002232142857142857
C02023,6,Student,46-55,Chinese,Frequent,4,0.0004464285714285714
C02024,9,Student,18-25,Chinese,Occasional,1,0.00011160714285714285
C02025,7,Student,36-45,Biryani,Occasional,1,0.00011160714285714285
C02026,4,Young Professional,18-25,Burgers,Occasional,1,0.00011160714285714285
C02027,1,Young Professional,36-45,Pizza,Regular,2,0.0002232142857142857
C02028,2,Family,18-25,Chinese,Frequent,4,0.0004464285714285714
C02029,5,Student,46-55,Momos,Occasional,1,0.00011160714285714285
C02030,5,Working Professional,26-35,Momos,Regular,2,0.0002232142857142857
C02031,8,Student,18-25,Biryani,Occasional,1,0.00011160714285714285
C02032,6,Student,36-45,Chinese,Regular,2,0.0002232142857142857
C02033,8,Family,26-35,Pizza,Occasional,1,0.00011160714285714285
C02034,2,Young Professional,18-25,South Indian,Frequent,4,0.0004464285714285714
C02035,3,Young Professional,18-25,Chinese,Regular,2,0.0002232142857142857
C02036,6,Family,26-35,Healthy,Occasional,1,0.00011160714285714285
C02037,10,Student,18-25,Biryani,Occasional,1,0.00011160714285714285
C02038,3,Student,18-25,Cafe,Occasional,1,0.00011160714285714285
C02039,6,Working Professional,18-25,Chinese,Occasional,1,0.00011160714285714285
C02040,6,Family,26-35,Cafe,Occasional,1,0.00011160714285714285
C02041,2,Young Professional,26-35,Cafe,Frequent,4,0.0004464285714285714
C02042,7,Working Professional,18-25,Biryani,Regular,2,0.0002232142857142857
C02043,2,Working Professional,56+,Healthy,Regular,2,0.0002232142857142857
C02044,6,Student,46-55,Momos,Occasional,1,0.00011160714285714285
C02045,1,Student,18-25,North Indian,Frequent,4,0.0004464285714285714
C02046,3,Working Professional,18-25,Chinese,Regular,2,0.0002232142857142857
C02047,2,Student,46-55,Biryani,Occasional,1,0.00011160714285714285
C02048,7,Working Professional,26-35,Healthy,Regular,2,0.0002232142857142857
C02049,4,Young Professional,26-35,Momos,Regular,2,0.0002232142857142857
C02050,8,Working Professional,26-35,Chinese,Occasional,1,0.00011160714285714285
C02051,6,Student,36-45,South Indian,Occasional,1,0.00011160714285714285
C02052,10,Student,18-25,Chinese,Occasional,1,0.00011160714285714285
C02053,4,Working Professional,36-45,North Indian,Occasional,1,0.00011160714285714285
C02054,5,Working Professional,36-45,Chinese,Frequent,4,0.0004464285714285714
C02055,9,Working Professional,26-35,Pizza,Regular,2,0.0002232142857142857
C02056,7,Working Professional,46-55,Cafe,Regular,2,0.0002232142857142857
C02057,10,Working Professional,18-25,Chinese,Occasional,1,0.00011160714285714285
C02058,9,Family,26-35,Pizza,Occasional,1,0.00011160714285714285
C02059,7,Working Professional,26-35,North Indian,Regular,2,0.0002232142857142857
C02060,1,Young Professional,26-35,Healthy,Regular,2,0.0002232142857142857
C02061,8,Working Professional,18-25,Chinese,Occasional,1,0.00011160714285714285
C02062,4,Student,26-35,Biryani,Regular,2,0.0002232142857142857
C02063,3,Working Professional,18-25,Cafe,Regular,2,0.0002232142857142857
C02064,7,Working Professional,18-25,Chinese,Occasional,1,0.00011160714285714285
C02065,3,Young Professional,18-25,Momos,Occasional,1,0.00011160714285714285
C02066,8,Family,36-45,Cafe,Regular,2,0.0002232142857142857
C02067,6,Young Professional,18-25,Biryani,Occasional,1,0.00011160714285714285
C02068,5,Young Professional,36-45,Burgers,Occasional,1,0.00011160714285714285
C02069,4,Family,18-25,Biryani,Occasional,1,0.00011160714285714285
C02070,8,Working Professional,18-25,Pizza,Occasional,1,0.00011160714285714285
C02071,8,Working Professional,26-35,Chinese,Regular,2,0.0002232142857142857
C02072,1,Young Professional,18-25,Cafe,Regular,2,0.0002232142857142857
C02073,9,Family,26-35,North Indian,Occasional,1,0.00011160714285714285
C02074,5,Student,26-35,Burgers,Frequent,4,0.0004464285714285714
C02075,4,Family,56+,North Indian,Frequent,4,0.0004464285714285714
C02076,6,Student,56+,Pizza,Frequent,4,0.0004464285714285714
C02077,6,Working Professional,26-35,Biryani,Occasional,1,0.00011160714285714285
C02078,2,Student,36-45,Biryani,Occasional,1,0.00011160714285714285
C02079,8,Family,18-25,Chinese,Frequent,4,0.0004464285714285714
C02080,7,Young Professional,26-35,Pizza,Regular,2,0.0002232142857142857
C02081,1,Student,36-45,Burgers,Occasional,1,0.00011160714285714285
C02082,5,Student,18-25,South Indian,Occasional,1,0.00011160714285714285
C02083,6,Student,18-25,Chinese,Occasional,1,0.00011160714285714285
C02084,4,Family,18-25,Pizza,Frequent,4,0.0004464285714285714
C02085,2,Working Professional,26-35,Cafe,Regular,2,0.0002232142857142857
C02086,4,Student,26-35,Chinese,Occasional,1,0.00011160714285714285
C02087,1,Student,26-35,Biryani,Occasional,1,0.00011160714285714285
C02088,7,Working Professional,26-35,North Indian,Regular,2,0.0002232142857142857
C02089,2,Student,26-35,Biryani,Regular,2,0.0002232142857142857
C02090,2,Family,36-45,Chinese,Occasional,1,0.00011160714285714285
C02091,9,Student,18-25,Burgers,Regular,2,0.0002232142857142857
C02092,5,Family,36-45,Chinese,Frequent,4,0.0004464285714285714
C02093,2,Student,36-45,Burgers,Occasional,1,0.00011160714285714285
C02094,9,Working Professional,36-45,Chinese,Regular,2,0.0002232142857142857
C02095,9,Student,36-45,North Indian,Occasional,1,0.00011160714285714285
C02096,1,Family,26-35,North Indian,Regular,2,0.0002232142857142857
C02097,3,Young Professional,18-25,North Indian,Regular,2,0.0002232142857142857
C02098,4,Young Professional,26-35,Cafe,Regular,2,0.0002232142857142857
C02099,7,Working Professional,56+,Biryani,Regular,2,0.0002232142857142857
C02100,10,Working Professional,26-35,North Indian,Occasional,1,0.00011160714285714285
C02101,4,Young Professional,18-25,Pizza,Frequent,4,0.0004464285714285714
C02102,2,Family,18-25,North Indian,Regular,2,0.0002232142857142857
C02103,7,Student,56+,Pizza,Occasional,1,0.00011160714285714285
C02104,6,Young Professional,18-25,Healthy,Regular,2,0.0002232142857142857
C02105,3,Working Professional,18-25,Chinese,Regular,2,0.0002232142857142857
C02106,6,Student,26-35,Momos,Occasional,1,0.00011160714285714285
C02107,6,Student,56+,Chinese,Frequent,4,0.0004464285714285714
C02108,5,Student,26-35,Desserts,Frequent,4,0.0004464285714285714
C02109,4,Working Professional,26-35,Chinese,Occasional,1,0.00011160714285714285
C02110,10,Student,26-35,Pizza,Frequent,4,0.0004464285714285714
C02111,1,Student,18-25,South Indian,Occasional,1,0.00011160714285714285
C02112,10,Student,46-55,Chinese,Occasional,1,0.00011160714285714285
C02113,6,Working Professional,26-35,Pizza,Occasional,1,0.00011160714285714285
C02114,2,Family,26-35,Pizza,Frequent,4,0.0004464285714285714
C02115,3,Working Professional,46-55,Pizza,Regular,2,0.0002232142857142857
C02116,8,Student,56+,Pizza,Occasional,1,0.00011160714285714285
C02117,10,Student,26-35,Pizza,Occasional,1,0.00011160714285714285
C02118,6,Young Professional,18-25,Burgers,Regular,2,0.0002232142857142857
C02119,3,Working Professional,36-45,Pizza,Occasional,1,0.00011160714285714285
C02120,7,Working Professional,26-35,Chinese,Frequent,4,0.0004464285714285714
C02121,4,Student,46-55,Chinese,Regular,2,0.0002232142857142857
C02122,9,Family,46-55,North Indian,Regular,2,0.0002232142857142857
C02123,5,Working Professional,18-25,Healthy,Frequent,4,0.0004464285714285714
C02124,3,Student,56+,Biryani,Occasional,1,0.00011160714285714285
C02125,2,Student,26-35,Biryani,Frequent,4,0.0004464285714285714
C02126,2,Working Professional,26-35,Healthy,Regular,2,0.0002232142857142857
C02127,3,Young Professional,18-25,North Indian,Regular,2,0.0002232142857142857
C02128,2,Young Professional,46-55,North Indian,Occasional,1,0.00011160714285714285
C02129,4,Family,26-35,Chinese,Frequent,4,0.0004464285714285714
C02130,2,Family,26-35,Pizza,Occasional,1,0.00011160714285714285
C02131,10,Student,46-55,Burgers,Occasional,1,0.00011160714285714285
C02132,9,Working Professional,26-35,Chinese,Occasional,1,0.00011160714285714285
C02133,2,Family,26-35,Pizza,Regular,2,0.0002232142857142857
C02134,9,Student,46-55,Cafe,Regular,2,0.0002232142857142857
C02135,6,Young Professional,36-45,Momos,Regular,2,0.0002232142857142857
C02136,1,Student,46-55,Cafe,Frequent,4,0.0004464285714285714
C02137,4,Working Professional,46-55,Healthy,Occasional,1,0.00011160714285714285
C02138,1,Family,26-35,Biryani,Regular,2,0.0002232142857142857
C02139,6,Family,26-35,Chinese,Occasional,1,0.00011160714285714285
C02140,4,Family,18-25,Desserts,Frequent,4,0.0004464285714285714
C02141,3,Student,36-45,Cafe,Regular,2,0.0002232142857142857
C02142,3,Young Professional,26-35,Pizza,Regular,2,0.0002232142857142857
C02143,9,Working Professional,36-45,Momos,Regular,2,0.0002232142857142857
C02144,6,Working Professional,18-25,North Indian,Occasional,1,0.00011160714285714285
C02145,9,Young Professional,18-25,Chinese,Occasional,1,0.00011160714285714285
C02146,5,Family,18-25,Burgers,Regular,2,0.0002232142857142857
C02147,2,Student,18-25,Cafe,Occasional,1,0.00011160714285714285
C02148,8,Family,26-35,Desserts,Occasional,1,0.00011160714285714285
C02149,5,Student,18-25,Burgers,Occasional,1,0.00011160714285714285
C02150,2,Student,18-25,Burgers,Regular,2,0.0002232142857142857
C02151,4,Working Professional,18-25,Momos,Occasional,1,0.00011160714285714285
C02152,9,Young Professional,36-45,North Indian,Occasional,1,0.00011160714285714285
C02153,4,Student,36-45,Cafe,Regular,2,0.0002232142857142857
C02154,4,Family,18-25,Pizza,Regular,2,0.0002232142857142857
C02155,2,Student,36-45,Burgers,Occasional,1,0.00011160714285714285
C02156,6,Family,26-35,North Indian,Occasional,1,0.00011160714285714285
C02157,2,Working Professional,18-25,North Indian,Occasional,1,0.00011160714285714285
C02158,7,Family,26-35,Chinese,Occasional,1,0.00011160714285714285
C02159,3,Student,18-25,Chinese,Occasional,1,0.00011160714285714285
C02160,3,Family,36-45,Momos,Regular,2,0.0002232142857142857
C02161,5,Young Professional,18-25,North Indian,Regular,2,0.0002232142857142857
C02162,3,Family,56+,North Indian,Regular,2,0.0002232142857142857
C02163,2,Working Professional,18-25,Biryani,Occasional,1,0.00011160714285714285
C02164,10,Young Professional,26-35,Burgers,Regular,2,0.0002232142857142857
C02165,9,Student,46-55,Burgers,Occasional,1,0.00011160714285714285
C02166,2,Family,18-25,Biryani,Frequent,4,0.0004464285714285714
C02167,2,Young Professional,26-35,Burgers,Regular,2,0.0002232142857142857
C02168,8,Student,26-35,Momos,Occasional,1,0.00011160714285714285
C02169,9,Working Professional,26-35,Biryani,Regular,2,0.0002232142857142857
C02170,7,Student,18-25,Pizza,Occasional,1,0.00011160714285714285
C02171,3,Working Professional,18-25,Healthy,Regular,2,0.0002232142857142857
C02172,9,Family,26-35,North Indian,Occasional,1,0.00011160714285714285
C02173,3,Working Professional,26-35,North Indian,Occasional,1,0.00011160714285714285
C02174,5,Working Professional,26-35,South Indian,Frequent,4,0.0004464285714285714
C02175,9,Student,18-25,Chinese,Occasional,1,0.00011160714285714285
C02176,3,Working Professional,26-35,Cafe,Regular,2,0.0002232142857142857
C02177,7,Student,26-35,Chinese,Occasional,1,0.00011160714285714285
C02178,1,Young Professional,26-35,Pizza,Regular,2,0.0002232142857142857
C02179,4,Student,26-35,North Indian,Regular,2,0.0002232142857142857
C02180,4,Young Professional,18-25,Desserts,Regular,2,0.0002232142857142857
C02181,7,Working Professional,18-25,Pizza,Occasional,1,0.00011160714285714285
C02182,8,Working Professional,18-25,Chinese,Occasional,1,0.00011160714285714285
C02183,1,Family,26-35,South Indian,Occasional,1,0.00011160714285714285
C02184,5,Working Professional,18-25,Momos,Occasional,1,0.00011160714285714285
C02185,7,Working Professional,26-35,South Indian,Regular,2,0.0002232142857142857
C02186,4,Student,26-35,Pizza,Frequent,4,0.0004464285714285714
C02187,4,Working Professional,26-35,Chinese,Frequent,4,0.0004464285714285714
C02188,4,Student,26-35,Pizza,Regular,2,0.0002232142857142857
C02189,6,Student,18-25,Biryani,Regular,2,0.0002232142857142857
C02190,7,Working Professional,26-35,Pizza,Regular,2,0.0002232142857142857
C02191,2,Student,46-55,Cafe,Occasional,1,0.00011160714285714285
C02192,5,Student,36-45,Pizza,Frequent,4,0.0004464285714285714
C02193,4,Student,36-45,Biryani,Regular,2,0.0002232142857142857
C02194,3,Student,46-55,North Indian,Regular,2,0.0002232142857142857
C02195,7,Student,26-35,Momos,Occasional,1,0.00011160714285714285
C02196,6,Young Professional,18-25,Chinese,Occasional,1,0.00011160714285714285
C02197,7,Student,26-35,North Indian,Occasional,1,0.00011160714285714285
C02198,5,Family,18-25,Biryani,Frequent,4,0.0004464285714285714
C02199,6,Student,26-35,Burgers,Regular,2,0.0002232142857142857
C02200,5,Young Professional,36-45,Chinese,Occasional,1,0.00011160714285714285
C02201,7,Student,36-45,Burgers,Frequent,4,0.0004464285714285714
C02202,2,Young Professional,26-35,Biryani,Occasional,1,0.00011160714285714285
C02203,5,Family,26-35,North Indian,Occasional,1,0.00011160714285714285
C02204,6,Student,26-35,Momos,Occasional,1,0.00011160714285714285
C02205,6,Young Professional,36-45,Chinese,Regular,2,0.0002232142857142857
C02206,5,Working Professional,36-45,Healthy,Frequent,4,0.0004464285714285714
C02207,10,Student,56+,Biryani,Occasional,1,0.00011160714285714285
C02208,7,Family,18-25,Desserts,Frequent,4,0.0004464285714285714
C02209,10,Young Professional,26-35,Healthy,Occasional,1,0.00011160714285714285
C02210,8,Working Professional,18-25,Healthy,Frequent,4,0.0004464285714285714
C02211,7,Working Professional,18-25,Biryani,Regular,2,0.0002232142857142857
C02212,5,Family,46-55,Pizza,Regular,2,0.0002232142857142857
C02213,1,Family,56+,Biryani,Occasional,1,0.00011160714285714285
C02214,5,Young Professional,18-25,Pizza,Frequent,4,0.0004464285714285714
C02215,10,Family,18-25,Biryani,Regular,2,0.0002232142857142857
C02216,2,Student,18-25,Biryani,Occasional,1,0.00011160714285714285
C02217,5,Young Professional,46-55,Pizza,Regular,2,0.0002232142857142857
C02218,5,Student,18-25,Healthy,Occasional,1,0.00011160714285714285
C02219,2,Student,18-25,Desserts,Frequent,4,0.0004464285714285714
C02220,5,Working Professional,18-25,Chinese,Occasional,1,0.00011160714285714285
C02221,4,Working Professional,26-35,North Indian,Regular,2,0.0002232142857142857
C02222,1,Student,46-55,North Indian,Regular,2,0.0002232142857142857
C02223,3,Family,18-25,Biryani,Occasional,1,0.00011160714285714285
C02224,1,Working Professional,26-35,Biryani,Occasional,1,0.00011160714285714285
C02225,5,Working Professional,18-25,Pizza,Occasional,1,0.00011160714285714285
C02226,4,Young Professional,26-35,Cafe,Occasional,1,0.00011160714285714285
C02227,7,Working Professional,36-45,Desserts,Occasional,1,0.00011160714285714285
C02228,5,Student,18-25,Chinese,Regular,2,0.0002232142857142857
C02229,10,Student,18-25,Healthy,Occasional,1,0.00011160714285714285
C02230,4,Young Professional,46-55,Burgers,Occasional,1,0.00011160714285714285
C02231,2,Student,18-25,Burgers,Regular,2,0.0002232142857142857
C02232,4,Working Professional,26-35,Desserts,Occasional,1,0.00011160714285714285
C02233,2,Working Professional,26-35,Healthy,Frequent,4,0.0004464285714285714
C02234,8,Working Professional,18-25,Healthy,Frequent,4,0.0004464285714285714
C02235,3,Student,36-45,Cafe,Regular,2,0.0002232142857142857
C02236,9,Working Professional,46-55,North Indian,Regular,2,0.0002232142857142857
C02237,4,Working Professional,26-35,Pizza,Frequent,4,0.0004464285714285714
C02238,6,Young Professional,18-25,Pizza,Occasional,1,0.00011160714285714285
C02239,10,Student,26-35,Chinese,Occasional,1,0.00011160714285714285
C02240,5,Working Professional,26-35,North Indian,Occasional,1,0.00011160714285714285
C02241,10,Working Professional,26-35,Biryani,Regular,2,0.0002232142857142857
C02242,1,Working Professional,36-45,Pizza,Occasional,1,0.00011160714285714285
C02243,9,Family,18-25,Pizza,Regular,2,0.0002232142857142857
C02244,1,Student,26-35,Burgers,Frequent,4,0.0004464285714285714
C02245,8,Student,26-35,North Indian,Frequent,4,0.0004464285714285714
C02246,9,Family,26-35,Biryani,Regular,2,0.0002232142857142857
C02247,9,Working Professional,36-45,Biryani,Occasional,1,0.00011160714285714285
C02248,1,Working Professional,18-25,North Indian,Regular,2,0.0002232142857142857
C02249,2,Student,26-35,North Indian,Regular,2,0.0002232142857142857
C02250,1,Student,56+,Pizza,Occasional,1,0.00011160714285714285
C02251,10,Student,26-35,Pizza,Occasional,1,0.00011160714285714285
C02252,2,Student,26-35,Momos,Frequent,4,0.0004464285714285714
C02253,10,Working Professional,26-35,South Indian,Regular,2,0.0002232142857142857
C02254,8,Young Professional,56+,Burgers,Regular,2,0.0002232142857142857
C02255,5,Student,56+,Pizza,Frequent,4,0.0004464285714285714
C02256,7,Working Professional,26-35,Biryani,Regular,2,0.0002232142857142857
C02257,2,Student,18-25,Biryani,Regular,2,0.0002232142857142857
C02258,8,Working Professional,46-55,North Indian,Occasional,1,0.00011160714285714285
C02259,6,Student,26-35,Momos,Occasional,1,0.00011160714285714285
C02260,8,Young Professional,26-35,Burgers,Occasional,1,0.00011160714285714285
C02261,1,Family,36-45,Pizza,Regular,2,0.0002232142857142857
C02262,1,Young Professional,26-35,North Indian,Regular,2,0.0002232142857142857
C02263,7,Young Professional,18-25,Pizza,Frequent,4,0.0004464285714285714
C02264,8,Working Professional,36-45,North Indian,Occasional,1,0.00011160714285714285
C02265,3,Working Professional,26-35,Biryani,Regular,2,0.0002232142857142857
C02266,5,Student,26-35,Momos,Regular,2,0.0002232142857142857
C02267,1,Working Professional,18-25,North Indian,Regular,2,0.0002232142857142857
C02268,7,Young Professional,26-35,South Indian,Regular,2,0.0002232142857142857
C02269,5,Student,18-25,Momos,Occasional,1,0.00011160714285714285
C02270,8,Young Professional,26-35,Biryani,Regular,2,0.0002232142857142857
C02271,8,Working Professional,26-35,Cafe,Occasional,1,0.00011160714285714285
C02272,9,Young Professional,46-55,Pizza,Occasional,1,0.00011160714285714285
C02273,7,Young Professional,26-35,Pizza,Occasional,1,0.00011160714285714285
C02274,1,Family,36-45,South Indian,Regular,2,0.0002232142857142857
C02275,3,Family,36-45,Chinese,Frequent,4,0.0004464285714285714
C02276,8,Working Professional,36-45,Biryani,Regular,2,0.0002232142857142857
C02277,3,Young Professional,18-25,Cafe,Regular,2,0.0002232142857142857
C02278,8,Young Professional,46-55,Chinese,Regular,2,0.0002232142857142857
C02279,1,Family,26-35,Biryani,Regular,2,0.0002232142857142857
C02280,5,Family,18-25,Pizza,Occasional,1,0.00011160714285714285
C02281,4,Family,18-25,Desserts,Occasional,1,0.00011160714285714285
C02282,5,Young Professional,36-45,Chinese,Occasional,1,0.00011160714285714285
C02283,8,Working Professional,18-25,Cafe,Occasional,1,0.00011160714285714285
C02284,10,Young Professional,18-25,Chinese,Occasional,1,0.00011160714285714285
C02285,4,Working Professional,36-45,North Indian,Occasional,1,0.00011160714285714285
C02286,4,Student,46-55,Pizza,Occasional,1,0.00011160714285714285
C02287,3,Working Professional,26-35,Chinese,Frequent,4,0.0004464285714285714
C02288,7,Working Professional,18-25,Pizza,Occasional,1,0.00011160714285714285
C02289,3,Student,18-25,Momos,Occasional,1,0.00011160714285714285
C02290,3,Student,26-35,Burgers,Occasional,1,0.00011160714285714285
C02291,10,Working Professional,18-25,Pizza,Regular,2,0.0002232142857142857
C02292,5,Student,26-35,Chinese,Occasional,1,0.00011160714285714285
C02293,5,Working Professional,18-25,Healthy,Occasional,1,0.00011160714285714285
C02294,6,Family,46-55,North Indian,Regular,2,0.0002232142857142857
C02295,8,Young Professional,26-35,Biryani,Occasional,1,0.00011160714285714285
C02296,10,Family,18-25,North Indian,Occasional,1,0.00011160714285714285
C02297,6,Young Professional,46-55,Cafe,Occasional,1,0.00011160714285714285
C02298,1,Family,18-25,Pizza,Occasional,1,0.00011160714285714285
C02299,8,Student,26-35,Biryani,Occasional,1,0.00011160714285714285
C02300,8,Family,46-55,Chinese,Occasional,1,0.00011160714285714285
C02301,9,Family,26-35,North Indian,Regular,2,0.0002232142857142857
C02302,9,Working Professional,26-35,Momos,Regular,2,0.0002232142857142857
C02303,2,Student,26-35,Pizza,Regular,2,0.0002232142857142857
C02304,2,Family,18-25,South Indian,Occasional,1,0.00011160714285714285
C02305,3,Student,18-25,Pizza,Frequent,4,0.0004464285714285714
C02306,1,Family,36-45,Chinese,Occasional,1,0.00011160714285714285
C02307,4,Student,26-35,Burgers,Occasional,1,0.00011160714285714285
C02308,4,Working Professional,18-25,Biryani,Regular,2,0.0002232142857142857
C02309,9,Working Professional,18-25,Chinese,Occasional,1,0.00011160714285714285
C02310,9,Student,46-55,Burgers,Occasional,1,0.00011160714285714285
C02311,9,Working Professional,56+,South Indian,Regular,2,0.0002232142857142857
C02312,10,Family,26-35,Cafe,Frequent,4,0.0004464285714285714
C02313,7,Young Professional,36-45,Pizza,Occasional,1,0.00011160714285714285
C02314,2,Young Professional,36-45,Cafe,Regular,2,0.0002232142857142857
C02315,10,Working Professional,18-25,North Indian,Frequent,4,0.0004464285714285714
C02316,5,Family,18-25,North Indian,Occasional,1,0.00011160714285714285
C02317,4,Working Professional,18-25,North Indian,Occasional,1,0.00011160714285714285
C02318,8,Working Professional,46-55,Biryani,Occasional,1,0.00011160714285714285
C02319,2,Student,36-45,Burgers,Occasional,1,0.00011160714285714285
C02320,6,Working Professional,36-45,Healthy,Occasional,1,0.00011160714285714285
C02321,5,Working Professional,18-25,Biryani,Frequent,4,0.0004464285714285714
C02322,2,Student,26-35,Cafe,Regular,2,0.0002232142857142857
C02323,10,Family,36-45,South Indian,Regular,2,0.0002232142857142857
C02324,1,Family,46-55,North Indian,Occasional,1,0.00011160714285714285
C02325,8,Working Professional,18-25,North Indian,Regular,2,0.0002232142857142857
C02326,2,Student,36-45,Chinese,Frequent,4,0.0004464285714285714
C02327,7,Working Professional,18-25,Chinese,Regular,2,0.0002232142857142857
C02328,9,Working Professional,36-45,Healthy,Occasional,1,0.00011160714285714285
C02329,9,Family,26-35,Pizza,Regular,2,0.0002232142857142857
C02330,8,Working Professional,18-25,Biryani,Occasional,1,0.00011160714285714285
C02331,10,Family,36-45,Pizza,Occasional,1,0.00011160714285714285
C02332,9,Young Professional,18-25,Momos,Occasional,1,0.00011160714285714285
C02333,2,Student,36-45,Chinese,Regular,2,0.0002232142857142857
C02334,6,Young Professional,18-25,Pizza,Regular,2,0.0002232142857142857
C02335,4,Working Professional,36-45,Biryani,Occasional,1,0.00011160714285714285
C02336,4,Student,46-55,Pizza,Occasional,1,0.00011160714285714285
C02337,5,Working Professional,26-35,Healthy,Occasional,1,0.00011160714285714285
C02338,3,Student,26-35,Chinese,Occasional,1,0.00011160714285714285
C02339,1,Student,26-35,Cafe,Occasional,1,0.00011160714285714285
C02340,8,Working Professional,18-25,Momos,Occasional,1,0.00011160714285714285
C02341,5,Family,26-35,Biryani,Regular,2,0.0002232142857142857
C02342,3,Young Professional,36-45,North Indian,Occasional,1,0.00011160714285714285
C02343,10,Family,46-55,Desserts,Occasional,1,0.00011160714285714285
C02344,7,Student,46-55,Chinese,Occasional,1,0.00011160714285714285
C02345,7,Family,26-35,North Indian,Frequent,4,0.0004464285714285714
C02346,1,Family,36-45,Pizza,Regular,2,0.0002232142857142857
C02347,9,Young Professional,36-45,Cafe,Regular,2,0.0002232142857142857
C02348,2,Young Professional,26-35,Desserts,Occasional,1,0.00011160714285714285
C02349,5,Young Professional,18-25,Pizza,Regular,2,0.0002232142857142857
C02350,5,Working Professional,26-35,Pizza,Occasional,1,0.00011160714285714285
C02351,8,Family,46-55,North Indian,Regular,2,0.0002232142857142857
C02352,8,Student,26-35,Pizza,Frequent,4,0.0004464285714285714
C02353,7,Young Professional,36-45,South Indian,Regular,2,0.0002232142857142857
C02354,7,Student,18-25,Momos,Frequent,4,0.0004464285714285714
C02355,6,Student,56+,Burgers,Regular,2,0.0002232142857142857
C02356,6,Student,26-35,Chinese,Occasional,1,0.00011160714285714285
C02357,9,Family,36-45,South Indian,Frequent,4,0.0004464285714285714
C02358,6,Working Professional,18-25,Cafe,Occasional,1,0.00011160714285714285
C02359,2,Working Professional,18-25,Biryani,Regular,2,0.0002232142857142857
C02360,2,Young Professional,36-45,Biryani,Occasional,1,0.00011160714285714285
C02361,5,Young Professional,56+,Cafe,Occasional,1,0.00011160714285714285
C02362,4,Working Professional,26-35,Biryani,Occasional,1,0.00011160714285714285
C02363,2,Student,18-25,Cafe,Occasional,1,0.00011160714285714285
C02364,3,Young Professional,26-35,Cafe,Occasional,1,0.00011160714285714285
C02365,7,Young Professional,18-25,Pizza,Regular,2,0.0002232142857142857
C02366,8,Working Professional,18-25,Chinese,Occasional,1,0.00011160714285714285
C02367,6,Family,36-45,North Indian,Occasional,1,0.00011160714285714285
C02368,5,Student,46-55,North Indian,Regular,2,0.0002232142857142857
C02369,1,Young Professional,18-25,Healthy,Occasional,1,0.00011160714285714285
C02370,8,Family,26-35,Desserts,Regular,2,0.0002232142857142857
C02371,3,Working Professional,18-25,Cafe,Regular,2,0.0002232142857142857
C02372,6,Student,18-25,Burgers,Regular,2,0.0002232142857142857
C02373,3,Young Professional,18-25,Biryani,Regular,2,0.0002232142857142857
C02374,7,Family,26-35,Desserts,Occasional,1,0.00011160714285714285
C02375,7,Student,18-25,Cafe,Regular,2,0.0002232142857142857
C02376,9,Family,26-35,Desserts,Occasional,1,0.00011160714285714285
C02377,5,Family,18-25,North Indian,Occasional,1,0.00011160714285714285
C02378,8,Working Professional,18-25,Chinese,Regular,2,0.0002232142857142857
C02379,10,Family,18-25,Chinese,Occasional,1,0.00011160714285714285
C02380,10,Working Professional,46-55,South Indian,Regular,2,0.0002232142857142857
C02381,8,Young Professional,36-45,Pizza,Regular,2,0.0002232142857142857
C02382,1,Student,46-55,Pizza,Frequent,4,0.0004464285714285714
C02383,5,Student,26-35,North Indian,Frequent,4,0.0004464285714285714
C02384,3,Student,26-35,Cafe,Occasional,1,0.00011160714285714285
C02385,1,Family,26-35,North Indian,Occasional,1,0.00011160714285714285
C02386,4,Family,18-25,Desserts,Regular,2,0.0002232142857142857
C02387,8,Young Professional,36-45,Pizza,Occasional,1,0.00011160714285714285
C02388,3,Family,26-35,South Indian,Regular,2,0.0002232142857142857
C02389,10,Working Professional,26-35,Burgers,Regular,2,0.0002232142857142857
C02390,2,Young Professional,26-35,Pizza,Regular,2,0.0002232142857142857
C02391,9,Student,26-35,Momos,Occasional,1,0.00011160714285714285
C02392,10,Young Professional,56+,Cafe,Occasional,1,0.00011160714285714285
C02393,5,Working Professional,26-35,North Indian,Occasional,1,0.00011160714285714285
C02394,7,Family,26-35,Pizza,Occasional,1,0.00011160714285714285
C02395,2,Family,26-35,South Indian,Frequent,4,0.0004464285714285714
C02396,9,Family,56+,North Indian,Occasional,1,0.00011160714285714285
C02397,9,Student,26-35,Pizza,Occasional,1,0.00011160714285714285
C02398,4,Working Professional,26-35,North Indian,Occasional,1,0.00011160714285714285
C02399,4,Working Professional,18-25,North Indian,Regular,2,0.0002232142857142857
C02400,6,Young Professional,36-45,Cafe,Regular,2,0.0002232142857142857
C02401,10,Working Professional,18-25,Chinese,Occasional,1,0.00011160714285714285
C02402,10,Young Professional,26-35,Burgers,Occasional,1,0.00011160714285714285
C02403,10,Working Professional,46-55,North Indian,Occasional,1,0.00011160714285714285
C02404,6,Working Professional,56+,South Indian,Occasional,1,0.00011160714285714285
C02405,1,Family,26-35,Pizza,Regular,2,0.0002232142857142857
C02406,9,Working Professional,46-55,North Indian,Regular,2,0.0002232142857142857
C02407,2,Young Professional,18-25,Chinese,Occasional,1,0.00011160714285714285
C02408,5,Family,46-55,Biryani,Occasional,1,0.00011160714285714285
C02409,9,Working Professional,26-35,Biryani,Frequent,4,0.0004464285714285714
C02410,4,Student,26-35,Biryani,Occasional,1,0.00011160714285714285
C02411,3,Working Professional,46-55,North Indian,Regular,2,0.0002232142857142857
C02412,7,Student,46-55,Momos,Occasional,1,0.00011160714285714285
C02413,6,Family,18-25,Healthy,Occasional,1,0.00011160714285714285
C02414,8,Student,36-45,Chinese,Occasional,1,0.00011160714285714285
C02415,3,Student,18-25,South Indian,Regular,2,0.0002232142857142857
C02416,5,Student,36-45,South Indian,Frequent,4,0.0004464285714285714
C02417,10,Student,36-45,Pizza,Occasional,1,0.00011160714285714285
C02418,4,Working Professional,18-25,Momos,Occasional,1,0.00011160714285714285
C02419,4,Young Professional,36-45,Cafe,Occasional,1,0.00011160714285714285
C02420,4,Family,26-35,Desserts,Occasional,1,0.00011160714285714285
C02421,10,Family,26-35,South Indian,Occasional,1,0.00011160714285714285
C02422,8,Family,18-25,Momos,Occasional,1,0.00011160714285714285
C02423,6,Student,18-25,Desserts,Regular,2,0.0002232142857142857
C02424,3,Young Professional,36-45,Cafe,Occasional,1,0.00011160714285714285
C02425,10,Student,18-25,Cafe,Occasional,1,0.00011160714285714285
C02426,5,Working Professional,26-35,Pizza,Frequent,4,0.0004464285714285714
C02427,6,Working Professional,36-45,Momos,Occasional,1,0.00011160714285714285
C02428,5,Student,18-25,Momos,Frequent,4,0.0004464285714285714
C02429,6,Family,26-35,Biryani,Occasional,1,0.00011160714285714285
C02430,8,Working Professional,26-35,Desserts,Frequent,4,0.0004464285714285714
C02431,7,Family,36-45,Cafe,Regular,2,0.0002232142857142857
C02432,5,Working Professional,26-35,Chinese,Regular,2,0.0002232142857142857
C02433,10,Student,26-35,Chinese,Frequent,4,0.0004464285714285714
C02434,6,Family,26-35,Biryani,Occasional,1,0.00011160714285714285
C02435,4,Student,36-45,Momos,Frequent,4,0.0004464285714285714
C02436,9,Working Professional,18-25,Biryani,Occasional,1,0.00011160714285714285
C02437,4,Student,56+,Momos,Occasional,1,0.00011160714285714285
C02438,1,Family,26-35,South Indian,Occasional,1,0.00011160714285714285
C02439,7,Family,46-55,South Indian,Regular,2,0.0002232142857142857
C02440,7,Working Professional,26-35,North Indian,Occasional,1,0.00011160714285714285
C02441,4,Young Professional,26-35,Pizza,Regular,2,0.0002232142857142857
C02442,3,Young Professional,46-55,Chinese,Regular,2,0.0002232142857142857
C02443,8,Family,18-25,North Indian,Regular,2,0.0002232142857142857
C02444,5,Family,18-25,Biryani,Regular,2,0.0002232142857142857
C02445,10,Student,18-25,Chinese,Occasional,1,0.00011160714285714285
C02446,7,Family,56+,North Indian,Occasional,1,0.00011160714285714285
C02447,4,Student,26-35,Burgers,Occasional,1,0.00011160714285714285
C02448,4,Student,26-35,Cafe,Occasional,1,0.00011160714285714285
C02449,8,Young Professional,36-45,Pizza,Occasional,1,0.00011160714285714285
C02450,8,Family,26-35,Burgers,Occasional,1,0.00011160714285714285
C02451,2,Working Professional,36-45,Biryani,Occasional,1,0.00011160714285714285
C02452,2,Student,26-35,Cafe,Frequent,4,0.0004464285714285714
C02453,3,Family,36-45,North Indian,Regular,2,0.0002232142857142857
C02454,3,Student,18-25,Biryani,Occasional,1,0.00011160714285714285
C02455,1,Student,18-25,South Indian,Regular,2,0.0002232142857142857
C02456,3,Student,26-35,Burgers,Occasional,1,0.00011160714285714285
C02457,6,Working Professional,26-35,Pizza,Occasional,1,0.00011160714285714285
C02458,8,Family,26-35,Pizza,Regular,2,0.0002232142857142857
C02459,10,Student,26-35,South Indian,Occasional,1,0.00011160714285714285
C02460,6,Family,18-25,South Indian,Occasional,1,0.00011160714285714285
C02461,5,Student,26-35,Burgers,Frequent,4,0.0004464285714285714
C02462,4,Family,26-35,North Indian,Frequent,4,0.0004464285714285714
C02463,3,Young Professional,18-25,Healthy,Regular,2,0.0002232142857142857
C02464,4,Family,26-35,Pizza,Regular,2,0.0002232142857142857
C02465,7,Young Professional,26-35,Biryani,Regular,2,0.0002232142857142857
C02466,1,Young Professional,26-35,South Indian,Occasional,1,0.00011160714285714285
C02467,7,Working Professional,18-25,North Indian,Occasional,1,0.00011160714285714285
C02468,1,Family,46-55,Chinese,Occasional,1,0.00011160714285714285
C02469,2,Young Professional,36-45,Chinese,Occasional,1,0.00011160714285714285
C02470,4,Working Professional,18-25,North Indian,Regular,2,0.0002232142857142857
C02471,1,Student,26-35,Chinese,Occasional,1,0.00011160714285714285
C02472,9,Young Professional,46-55,North Indian,Frequent,4,0.0004464285714285714
C02473,6,Family,26-35,North Indian,Frequent,4,0.0004464285714285714
C02474,1,Student,36-45,South Indian,Regular,2,0.0002232142857142857
C02475,1,Working Professional,18-25,Healthy,Regular,2,0.0002232142857142857
C02476,6,Family,36-45,South Indian,Frequent,4,0.0004464285714285714
C02477,4,Working Professional,26-35,Healthy,Occasional,1,0.00011160714285714285
C02478,4,Family,18-25,Biryani,Regular,2,0.0002232142857142857
C02479,6,Family,26-35,North Indian,Occasional,1,0.00011160714285714285
C02480,7,Family,56+,Pizza,Regular,2,0.0002232142857142857
C02481,9,Working Professional,36-45,Pizza,Occasional,1,0.00011160714285714285
C02482,10,Family,26-35,Biryani,Frequent,4,0.0004464285714285714
C02483,5,Family,18-25,Cafe,Frequent,4,0.0004464285714285714
C02484,9,Family,26-35,Desserts,Occasional,1,0.00011160714285714285
C02485,4,Working Professional,18-25,Biryani,Occasional,1,0.00011160714285714285
C02486,10,Working Professional,18-25,Cafe,Frequent,4,0.0004464285714285714
C02487,2,Young Professional,26-35,Cafe,Occasional,1,0.00011160714285714285
C02488,3,Student,46-55,Burgers,Frequent,4,0.0004464285714285714
C02489,1,Student,36-45,Burgers,Regular,2,0.0002232142857142857
C02490,6,Working Professional,18-25,Healthy,Occasional,1,0.00011160714285714285
C02491,6,Young Professional,26-35,Burgers,Occasional,1,0.00011160714285714285
C02492,1,Student,46-55,Chinese,Occasional,1,0.00011160714285714285
C02493,3,Student,36-45,Biryani,Regular,2,0.0002232142857142857
C02494,5,Student,36-45,Healthy,Occasional,1,0.00011160714285714285
C02495,3,Family,56+,Pizza,Regular,2,0.0002232142857142857
C02496,10,Student,36-45,Momos,Occasional,1,0.00011160714285714285
C02497,3,Working Professional,18-25,North Indian,Regular,2,0.0002232142857142857
C02498,10,Working Professional,26-35,Cafe,Frequent,4,0.0004464285714285714
C02499,3,Young Professional,56+,Chinese,Frequent,4,0.0004464285714285714
C02500,5,Working Professional,26-35,Desserts,Occasional,1,0.00011160714285714285
C02501,5,Student,18-25,South Indian,Regular,2,0.0002232142857142857
C02502,4,Working Professional,26-35,North Indian,Regular,2,0.0002232142857142857
C02503,1,Young Professional,36-45,Biryani,Regular,2,0.0002232142857142857
C02504,5,Family,56+,Biryani,Frequent,4,0.0004464285714285714
C02505,10,Young Professional,26-35,Healthy,Occasional,1,0.00011160714285714285
C02506,5,Young Professional,26-35,Chinese,Occasional,1,0.00011160714285714285
C02507,4,Student,46-55,Momos,Frequent,4,0.0004464285714285714
C02508,6,Family,26-35,Biryani,Occasional,1,0.00011160714285714285
C02509,10,Student,18-25,Chinese,Regular,2,0.0002232142857142857
C02510,4,Working Professional,46-55,Chinese,Frequent,4,0.0004464285714285714
C02511,7,Student,26-35,Momos,Occasional,1,0.00011160714285714285
C02512,7,Working Professional,26-35,Chinese,Frequent,4,0.0004464285714285714
C02513,2,Young Professional,26-35,Pizza,Occasional,1,0.00011160714285714285
C02514,3,Student,18-25,Pizza,Regular,2,0.0002232142857142857
C02515,1,Young Professional,46-55,Biryani,Regular,2,0.0002232142857142857
C02516,8,Student,26-35,Momos,Frequent,4,0.0004464285714285714
C02517,9,Student,26-35,Biryani,Occasional,1,0.00011160714285714285
C02518,4,Young Professional,18-25,South Indian,Occasional,1,0.00011160714285714285
C02519,6,Family,26-35,Biryani,Regular,2,0.0002232142857142857
C02520,9,Family,36-45,Pizza,Regular,2,0.0002232142857142857
C02521,6,Student,36-45,Chinese,Regular,2,0.0002232142857142857
C02522,9,Working Professional,46-55,North Indian,Occasional,1,0.00011160714285714285
C02523,4,Family,26-35,South Indian,Occasional,1,0.00011160714285714285
C02524,8,Family,36-45,Biryani,Occasional,1,0.00011160714285714285
C02525,9,Working Professional,26-35,South Indian,Regular,2,0.0002232142857142857
C02526,4,Young Professional,36-45,Momos,Occasional,1,0.00011160714285714285
C02527,5,Family,36-45,North Indian,Occasional,1,0.00011160714285714285
C02528,8,Young Professional,26-35,Chinese,Frequent,4,0.0004464285714285714
C02529,10,Family,26-35,Pizza,Occasional,1,0.00011160714285714285
C02530,6,Family,18-25,North Indian,Frequent,4,0.0004464285714285714
C02531,7,Student,26-35,Momos,Regular,2,0.0002232142857142857
C02532,3,Working Professional,56+,Biryani,Regular,2,0.0002232142857142857
C02533,7,Young Professional,18-25,Burgers,Occasional,1,0.00011160714285714285
C02534,8,Student,18-25,Pizza,Occasional,1,0.00011160714285714285
C02535,10,Student,18-25,Chinese,Regular,2,0.0002232142857142857
C02536,6,Working Professional,36-45,Cafe,Regular,2,0.0002232142857142857
C02537,10,Student,26-35,Chinese,Regular,2,0.0002232142857142857
C02538,9,Young Professional,18-25,Burgers,Occasional,1,0.00011160714285714285
C02539,6,Young Professional,26-35,North Indian,Regular,2,0.0002232142857142857
C02540,9,Working Professional,26-35,Pizza,Regular,2,0.0002232142857142857
C02541,4,Student,26-35,Chinese,Regular,2,0.0002232142857142857
C02542,8,Family,36-45,Chinese,Regular,2,0.0002232142857142857
C02543,4,Family,26-35,Pizza,Regular,2,0.0002232142857142857
C02544,2,Young Professional,26-35,Momos,Regular,2,0.0002232142857142857
C02545,10,Working Professional,18-25,Healthy,Occasional,1,0.00011160714285714285
C02546,9,Working Professional,18-25,North Indian,Occasional,1,0.00011160714285714285
C02547,5,Working Professional,26-35,Biryani,Occasional,1,0.00011160714285714285
C02548,4,Young Professional,26-35,Cafe,Occasional,1,0.00011160714285714285
C02549,2,Family,26-35,Pizza,Occasional,1,0.00011160714285714285
C02550,1,Family,18-25,Biryani,Occasional,1,0.00011160714285714285
C02551,7,Student,18-25,Biryani,Occasional,1,0.00011160714285714285
C02552,6,Family,46-55,Cafe,Occasional,1,0.00011160714285714285
C02553,2,Family,26-35,North Indian,Regular,2,0.0002232142857142857
C02554,8,Working Professional,36-45,North Indian,Frequent,4,0.0004464285714285714
C02555,4,Working Professional,46-55,Biryani,Occasional,1,0.00011160714285714285
C02556,8,Student,26-35,Biryani,Frequent,4,0.0004464285714285714
C02557,7,Student,36-45,Momos,Regular,2,0.0002232142857142857
C02558,5,Student,26-35,Chinese,Occasional,1,0.00011160714285714285
C02559,10,Student,18-25,Burgers,Occasional,1,0.00011160714285714285
C02560,10,Working Professional,26-35,Biryani,Regular,2,0.0002232142857142857
C02561,8,Student,26-35,Chinese,Regular,2,0.0002232142857142857
C02562,9,Student,26-35,South Indian,Regular,2,0.0002232142857142857
C02563,5,Young Professional,26-35,Chinese,Occasional,1,0.00011160714285714285
C02564,10,Working Professional,26-35,South Indian,Occasional,1,0.00011160714285714285
C02565,5,Family,18-25,Desserts,Occasional,1,0.00011160714285714285
C02566,2,Working Professional,18-25,Biryani,Occasional,1,0.00011160714285714285
C02567,5,Family,18-25,Biryani,Occasional,1,0.00011160714285714285
C02568,3,Student,18-25,Pizza,Occasional,1,0.00011160714285714285
C02569,7,Young Professional,26-35,Healthy,Regular,2,0.0002232142857142857
C02570,10,Student,26-35,Biryani,Frequent,4,0.0004464285714285714
C02571,5,Family,18-25,Desserts,Occasional,1,0.00011160714285714285
C02572,8,Working Professional,46-55,Cafe,Frequent,4,0.0004464285714285714
C02573,1,Family,36-45,South Indian,Occasional,1,0.00011160714285714285
C02574,3,Working Professional,26-35,Chinese,Occasional,1,0.00011160714285714285
C02575,3,Working Professional,36-45,Cafe,Occasional,1,0.00011160714285714285
C02576,9,Student,26-35,Chinese,Regular,2,0.0002232142857142857
C02577,5,Family,18-25,North Indian,Frequent,4,0.0004464285714285714
C02578,9,Young Professional,46-55,Biryani,Regular,2,0.0002232142857142857
C02579,9,Young Professional,18-25,South Indian,Occasional,1,0.00011160714285714285
C02580,1,Student,46-55,Pizza,Regular,2,0.0002232142857142857
C02581,2,Working Professional,26-35,Desserts,Occasional,1,0.00011160714285714285
C02582,5,Young Professional,26-35,Cafe,Frequent,4,0.0004464285714285714
C02583,4,Working Professional,26-35,Biryani,Regular,2,0.0002232142857142857
C02584,10,Family,26-35,Desserts,Occasional,1,0.00011160714285714285
C02585,9,Young Professional,18-25,Momos,Regular,2,0.0002232142857142857
C02586,7,Young Professional,26-35,Momos,Regular,2,0.0002232142857142857
C02587,6,Working Professional,36-45,South Indian,Occasional,1,0.00011160714285714285
C02588,7,Working Professional,26-35,Healthy,Regular,2,0.0002232142857142857
C02589,1,Working Professional,18-25,Cafe,Occasional,1,0.00011160714285714285
C02590,1,Family,26-35,Chinese,Regular,2,0.0002232142857142857
C02591,8,Student,46-55,Cafe,Regular,2,0.0002232142857142857
C02592,2,Student,26-35,Biryani,Regular,2,0.0002232142857142857
C02593,10,Working Professional,26-35,Pizza,Regular,2,0.0002232142857142857
C02594,9,Student,56+,Pizza,Regular,2,0.0002232142857142857
C02595,7,Family,26-35,North Indian,Occasional,1,0.00011160714285714285
C02596,6,Family,26-35,North Indian,Regular,2,0.0002232142857142857
C02597,1,Working Professional,36-45,Chinese,Occasional,1,0.00011160714285714285
C02598,1,Working Professional,36-45,Biryani,Occasional,1,0.00011160714285714285
C02599,2,Young Professional,18-25,Chinese,Occasional,1,0.00011160714285714285
C02600,6,Student,18-25,Pizza,Occasional,1,0.00011160714285714285
C02601,6,Family,36-45,Chinese,Regular,2,0.0002232142857142857
C02602,2,Young Professional,18-25,Desserts,Occasional,1,0.00011160714285714285
C02603,1,Working Professional,46-55,North Indian,Regular,2,0.0002232142857142857
C02604,10,Working Professional,18-25,Healthy,Occasional,1,0.00011160714285714285
C02605,5,Young Professional,26-35,Pizza,Occasional,1,0.00011160714285714285
C02606,5,Student,18-25,Biryani,Regular,2,0.0002232142857142857
C02607,2,Working Professional,36-45,Burgers,Occasional,1,0.00011160714285714285
C02608,6,Working Professional,46-55,Pizza,Occasional,1,0.00011160714285714285
C02609,9,Student,26-35,Chinese,Regular,2,0.0002232142857142857
C02610,2,Young Professional,46-55,Momos,Occasional,1,0.00011160714285714285
C02611,10,Young Professional,18-25,Desserts,Regular,2,0.0002232142857142857
C02612,2,Family,18-25,Chinese,Occasional,1,0.00011160714285714285
C02613,3,Student,46-55,Pizza,Occasional,1,0.00011160714285714285
C02614,7,Student,46-55,Chinese,Regular,2,0.0002232142857142857
C02615,6,Family,46-55,South Indian,Occasional,1,0.00011160714285714285
C02616,8,Student,36-45,Pizza,Occasional,1,0.00011160714285714285
C02617,8,Family,26-35,South Indian,Occasional,1,0.00011160714285714285
C02618,6,Working Professional,18-25,Biryani,Occasional,1,0.00011160714285714285
C02619,10,Family,46-55,Chinese,Regular,2,0.0002232142857142857
C02620,3,Working Professional,26-35,Cafe,Occasional,1,0.00011160714285714285
C02621,3,Working Professional,26-35,Cafe,Regular,2,0.0002232142857142857
C02622,1,Student,36-45,Cafe,Frequent,4,0.0004464285714285714
C02623,7,Working Professional,18-25,Biryani,Occasional,1,0.00011160714285714285
C02624,5,Working Professional,36-45,North Indian,Frequent,4,0.0004464285714285714
C02625,4,Family,18-25,South Indian,Occasional,1,0.00011160714285714285
C02626,10,Family,36-45,Pizza,Frequent,4,0.0004464285714285714
C02627,4,Family,26-35,Biryani,Occasional,1,0.00011160714285714285
C02628,4,Young Professional,26-35,Chinese,Regular,2,0.0002232142857142857
C02629,6,Student,26-35,Cafe,Occasional,1,0.00011160714285714285
C02630,8,Student,18-25,Burgers,Occasional,1,0.00011160714285714285
C02631,8,Working Professional,26-35,North Indian,Regular,2,0.0002232142857142857
C02632,5,Family,26-35,Cafe,Regular,2,0.0002232142857142857
C02633,6,Working Professional,26-35,South Indian,Occasional,1,0.00011160714285714285
C02634,4,Young Professional,18-25,Biryani,Occasional,1,0.00011160714285714285
C02635,9,Working Professional,18-25,South Indian,Regular,2,0.0002232142857142857
C02636,8,Young Professional,18-25,Cafe,Regular,2,0.0002232142857142857
C02637,10,Young Professional,36-45,Momos,Frequent,4,0.0004464285714285714
C02638,10,Student,18-25,Momos,Regular,2,0.0002232142857142857
C02639,1,Working Professional,46-55,Biryani,Frequent,4,0.0004464285714285714
C02640,2,Family,36-45,North Indian,Regular,2,0.0002232142857142857
C02641,9,Student,36-45,Momos,Occasional,1,0.00011160714285714285
C02642,8,Working Professional,46-55,Biryani,Occasional,1,0.00011160714285714285
C02643,3,Family,18-25,Biryani,Regular,2,0.0002232142857142857
C02644,8,Student,36-45,Pizza,Regular,2,0.0002232142857142857
C02645,1,Family,26-35,South Indian,Occasional,1,0.00011160714285714285
C02646,10,Family,46-55,Biryani,Occasional,1,0.00011160714285714285
C02647,4,Student,46-55,South Indian,Frequent,4,0.0004464285714285714
C02648,3,Working Professional,18-25,Cafe,Regular,2,0.0002232142857142857
C02649,6,Student,26-35,Biryani,Occasional,1,0.00011160714285714285
C02650,7,Family,26-35,North Indian,Occasional,1,0.00011160714285714285
C02651,4,Student,36-45,Momos,Occasional,1,0.00011160714285714285
C02652,7,Young Professional,18-25,North Indian,Occasional,1,0.00011160714285714285
C02653,9,Working Professional,18-25,Momos,Occasional,1,0.00011160714285714285
C02654,2,Student,26-35,North Indian,Occasional,1,0.00011160714285714285
C02655,3,Working Professional,26-35,Cafe,Regular,2,0.0002232142857142857
C02656,5,Working Professional,56+,Healthy,Occasional,1,0.00011160714285714285
C02657,3,Working Professional,36-45,Biryani,Regular,2,0.0002232142857142857
C02658,8,Working Professional,26-35,Chinese,Frequent,4,0.0004464285714285714
C02659,10,Working Professional,18-25,Biryani,Occasional,1,0.00011160714285714285
C02660,8,Student,18-25,Desserts,Regular,2,0.0002232142857142857
C02661,8,Student,26-35,Burgers,Occasional,1,0.00011160714285714285
C02662,9,Family,36-45,North Indian,Frequent,4,0.0004464285714285714
C02663,4,Working Professional,26-35,Cafe,Occasional,1,0.00011160714285714285
C02664,5,Working Professional,26-35,Chinese,Regular,2,0.0002232142857142857
C02665,5,Young Professional,46-55,Cafe,Regular,2,0.0002232142857142857
C02666,8,Working Professional,46-55,South Indian,Occasional,1,0.00011160714285714285
C02667,7,Family,18-25,Chinese,Occasional,1,0.00011160714285714285
C02668,9,Working Professional,18-25,Chinese,Regular,2,0.0002232142857142857
C02669,8,Student,26-35,Biryani,Regular,2,0.0002232142857142857
C02670,2,Young Professional,36-45,Momos,Occasional,1,0.00011160714285714285
C02671,10,Working Professional,56+,Cafe,Regular,2,0.0002232142857142857
C02672,4,Family,18-25,Healthy,Occasional,1,0.00011160714285714285
C02673,6,Student,18-25,Pizza,Regular,2,0.0002232142857142857
C02674,2,Family,46-55,Pizza,Occasional,1,0.00011160714285714285
C02675,7,Young Professional,36-45,Chinese,Frequent,4,0.0004464285714285714
C02676,3,Student,56+,Pizza,Occasional,1,0.00011160714285714285
C02677,3,Young Professional,26-35,Chinese,Occasional,1,0.00011160714285714285
C02678,2,Working Professional,26-35,Biryani,Occasional,1,0.00011160714285714285
C02679,8,Family,18-25,Pizza,Occasional,1,0.00011160714285714285
C02680,6,Working Professional,18-25,Chinese,Regular,2,0.0002232142857142857
C02681,1,Young Professional,26-35,Burgers,Occasional,1,0.00011160714285714285
C02682,1,Student,26-35,North Indian,Regular,2,0.0002232142857142857
C02683,7,Student,18-25,Momos,Occasional,1,0.00011160714285714285
C02684,8,Young Professional,46-55,Biryani,Occasional,1,0.00011160714285714285
C02685,5,Family,18-25,Biryani,Occasional,1,0.00011160714285714285
C02686,5,Student,36-45,Biryani,Occasional,1,0.00011160714285714285
C02687,4,Working Professional,18-25,Healthy,Occasional,1,0.00011160714285714285
C02688,6,Working Professional,36-45,North Indian,Occasional,1,0.00011160714285714285
C02689,6,Working Professional,18-25,Momos,Occasional,1,0.00011160714285714285
C02690,3,Student,36-45,Pizza,Occasional,1,0.00011160714285714285
C02691,9,Family,18-25,Biryani,Regular,2,0.0002232142857142857
C02692,7,Student,26-35,South Indian,Regular,2,0.0002232142857142857
C02693,1,Family,36-45,North Indian,Occasional,1,0.00011160714285714285
C02694,7,Young Professional,18-25,Chinese,Occasional,1,0.00011160714285714285
C02695,5,Working Professional,18-25,Healthy,Frequent,4,0.0004464285714285714
C02696,5,Student,46-55,Cafe,Regular,2,0.0002232142857142857
C02697,2,Student,46-55,Desserts,Regular,2,0.0002232142857142857
C02698,4,Working Professional,18-25,Chinese,Occasional,1,0.00011160714285714285
C02699,6,Family,18-25,Biryani,Regular,2,0.0002232142857142857
C02700,10,Working Professional,18-25,South Indian,Regular,2,0.0002232142857142857
C02701,7,Family,18-25,Biryani,Regular,2,0.0002232142857142857
C02702,5,Working Professional,56+,South Indian,Frequent,4,0.0004464285714285714
C02703,9,Working Professional,26-35,Chinese,Occasional,1,0.00011160714285714285
C02704,3,Student,26-35,Burgers,Occasional,1,0.00011160714285714285
C02705,1,Student,56+,Cafe,Regular,2,0.0002232142857142857
C02706,4,Student,26-35,Burgers,Regular,2,0.0002232142857142857
C02707,9,Working Professional,36-45,Momos,Occasional,1,0.00011160714285714285
C02708,4,Young Professional,26-35,Biryani,Occasional,1,0.00011160714285714285
C02709,2,Family,26-35,North Indian,Occasional,1,0.00011160714285714285
C02710,10,Student,26-35,Burgers,Occasional,1,0.00011160714285714285
C02711,5,Student,18-25,Chinese,Regular,2,0.0002232142857142857
C02712,3,Student,18-25,Cafe,Regular,2,0.0002232142857142857
C02713,9,Working Professional,18-25,North Indian,Occasional,1,0.00011160714285714285
C02714,4,Working Professional,18-25,North Indian,Occasional,1,0.00011160714285714285
C02715,6,Working Professional,26-35,Healthy,Occasional,1,0.00011160714285714285
C02716,2,Student,26-35,Desserts,Occasional,1,0.00011160714285714285
C02717,6,Student,26-35,Chinese,Regular,2,0.0002232142857142857
C02718,3,Student,18-25,Momos,Frequent,4,0.0004464285714285714
C02719,9,Student,36-45,Cafe,Regular,2,0.0002232142857142857
C02720,2,Family,18-25,North Indian,Occasional,1,0.00011160714285714285
C02721,9,Student,26-35,Biryani,Frequent,4,0.0004464285714285714
C02722,5,Working Professional,36-45,Biryani,Regular,2,0.0002232142857142857
C02723,8,Working Professional,18-25,Chinese,Regular,2,0.0002232142857142857
C02724,2,Young Professional,36-45,Burgers,Occasional,1,0.00011160714285714285
C02725,6,Young Professional,36-45,Momos,Occasional,1,0.00011160714285714285
C02726,3,Family,18-25,Chinese,Occasional,1,0.00011160714285714285
C02727,10,Student,18-25,North Indian,Occasional,1,0.00011160714285714285
C02728,5,Working Professional,56+,Biryani,Occasional,1,0.00011160714285714285
C02729,8,Family,18-25,Cafe,Occasional,1,0.00011160714285714285
C02730,10,Student,36-45,Chinese,Occasional,1,0.00011160714285714285
C02731,1,Working Professional,26-35,Chinese,Regular,2,0.0002232142857142857
C02732,5,Young Professional,18-25,Pizza,Occasional,1,0.00011160714285714285
C02733,3,Working Professional,18-25,Cafe,Occasional,1,0.00011160714285714285
C02734,4,Student,26-35,Momos,Frequent,4,0.0004464285714285714
C02735,2,Student,26-35,Burgers,Frequent,4,0.0004464285714285714
C02736,9,Working Professional,36-45,Healthy,Regular,2,0.0002232142857142857
C02737,3,Student,46-55,Momos,Frequent,4,0.0004464285714285714
C02738,2,Family,36-45,Momos,Regular,2,0.0002232142857142857
C02739,10,Family,18-25,Chinese,Frequent,4,0.0004464285714285714
C02740,9,Student,46-55,Chinese,Occasional,1,0.00011160714285714285
C02741,7,Young Professional,46-55,Biryani,Occasional,1,0.00011160714285714285
C02742,6,Working Professional,46-55,Burgers,Occasional,1,0.00011160714285714285
C02743,1,Student,26-35,Momos,Occasional,1,0.00011160714285714285
C02744,5,Family,36-45,North Indian,Occasional,1,0.00011160714285714285
C02745,3,Family,26-35,South Indian,Regular,2,0.0002232142857142857
C02746,1,Family,26-35,North Indian,Regular,2,0.0002232142857142857
C02747,4,Young Professional,56+,Biryani,Regular,2,0.0002232142857142857
C02748,2,Family,18-25,Chinese,Occasional,1,0.00011160714285714285
C02749,2,Young Professional,18-25,Desserts,Regular,2,0.0002232142857142857
C02750,3,Working Professional,46-55,Cafe,Regular,2,0.0002232142857142857
C02751,8,Family,18-25,South Indian,Occasional,1,0.00011160714285714285
C02752,8,Young Professional,46-55,Biryani,Regular,2,0.0002232142857142857
C02753,7,Family,36-45,South Indian,Occasional,1,0.00011160714285714285
C02754,6,Student,18-25,Chinese,Occasional,1,0.00011160714285714285
C02755,9,Working Professional,26-35,Biryani,Frequent,4,0.0004464285714285714
C02756,4,Working Professional,36-45,Biryani,Occasional,1,0.00011160714285714285
C02757,1,Student,26-35,Momos,Occasional,1,0.00011160714285714285
C02758,8,Young Professional,46-55,Momos,Frequent,4,0.0004464285714285714
C02759,7,Student,46-55,North Indian,Regular,2,0.0002232142857142857
C02760,7,Student,26-35,Chinese,Occasional,1,0.00011160714285714285
C02761,3,Young Professional,18-25,Healthy,Occasional,1,0.00011160714285714285
C02762,4,Working Professional,46-55,Biryani,Occasional,1,0.00011160714285714285
C02763,10,Student,26-35,Burgers,Regular,2,0.0002232142857142857
C02764,9,Working Professional,18-25,South Indian,Occasional,1,0.00011160714285714285
C02765,6,Family,36-45,Momos,Occasional,1,0.00011160714285714285
C02766,5,Student,46-55,South Indian,Frequent,4,0.0004464285714285714
C02767,3,Young Professional,26-35,Biryani,Regular,2,0.0002232142857142857
C02768,9,Working Professional,26-35,North Indian,Occasional,1,0.00011160714285714285
C02769,5,Working Professional,36-45,Biryani,Regular,2,0.0002232142857142857
C02770,5,Working Professional,36-45,Momos,Regular,2,0.0002232142857142857
C02771,4,Family,46-55,South Indian,Occasional,1,0.00011160714285714285
C02772,4,Student,56+,Biryani,Occasional,1,0.00011160714285714285
C02773,1,Student,26-35,Biryani,Regular,2,0.0002232142857142857
C02774,7,Working Professional,36-45,Healthy,Occasional,1,0.00011160714285714285
C02775,9,Young Professional,56+,Chinese,Regular,2,0.0002232142857142857
C02776,3,Student,18-25,Pizza,Occasional,1,0.00011160714285714285
C02777,2,Family,18-25,Chinese,Occasional,1,0.00011160714285714285
C02778,3,Young Professional,46-55,North Indian,Occasional,1,0.00011160714285714285
C02779,1,Student,18-25,Cafe,Occasional,1,0.00011160714285714285
C02780,6,Student,18-25,Cafe,Occasional,1,0.00011160714285714285
C02781,7,Working Professional,18-25,Biryani,Occasional,1,0.00011160714285714285
C02782,2,Working Professional,26-35,Biryani,Regular,2,0.0002232142857142857
C02783,8,Student,18-25,Biryani,Frequent,4,0.0004464285714285714
C02784,6,Working Professional,26-35,South Indian,Regular,2,0.0002232142857142857
C02785,4,Working Professional,56+,South Indian,Frequent,4,0.0004464285714285714
C02786,5,Working Professional,36-45,Biryani,Occasional,1,0.00011160714285714285
C02787,8,Student,36-45,South Indian,Frequent,4,0.0004464285714285714
C02788,3,Working Professional,18-25,Chinese,Occasional,1,0.00011160714285714285
C02789,3,Family,36-45,Biryani,Frequent,4,0.0004464285714285714
C02790,4,Young Professional,36-45,Momos,Frequent,4,0.0004464285714285714
C02791,1,Young Professional,36-45,Burgers,Regular,2,0.0002232142857142857
C02792,9,Working Professional,18-25,South Indian,Frequent,4,0.0004464285714285714
C02793,8,Working Professional,26-35,Cafe,Regular,2,0.0002232142857142857
C02794,8,Working Professional,46-55,Cafe,Occasional,1,0.00011160714285714285
C02795,10,Student,36-45,Biryani,Occasional,1,0.00011160714285714285
C02796,6,Student,36-45,Chinese,Regular,2,0.0002232142857142857
C02797,7,Family,26-35,Cafe,Occasional,1,0.00011160714285714285
C02798,6,Student,26-35,South Indian,Regular,2,0.0002232142857142857
C02799,9,Student,36-45,Biryani,Frequent,4,0.0004464285714285714
C02800,3,Young Professional,18-25,Biryani,Occasional,1,0.00011160714285714285
C02801,3,Student,36-45,South Indian,Regular,2,0.0002232142857142857
C02802,3,Student,56+,Momos,Frequent,4,0.0004464285714285714
C02803,10,Student,36-45,Burgers,Frequent,4,0.0004464285714285714
C02804,3,Working Professional,18-25,Chinese,Frequent,4,0.0004464285714285714
C02805,9,Family,18-25,North Indian,Regular,2,0.0002232142857142857
C02806,4,Working Professional,36-45,Momos,Frequent,4,0.0004464285714285714
C02807,7,Working Professional,46-55,Biryani,Regular,2,0.0002232142857142857
C02808,9,Family,26-35,Cafe,Occasional,1,0.00011160714285714285
C02809,7,Young Professional,26-35,North Indian,Occasional,1,0.00011160714285714285
C02810,9,Young Professional,18-25,South Indian,Regular,2,0.0002232142857142857
C02811,3,Young Professional,36-45,Desserts,Occasional,1,0.00011160714285714285
C02812,4,Working Professional,36-45,North Indian,Regular,2,0.0002232142857142857
C02813,8,Student,56+,North Indian,Regular,2,0.0002232142857142857
C02814,6,Student,26-35,Chinese,Occasional,1,0.00011160714285714285
C02815,5,Student,36-45,North Indian,Regular,2,0.0002232142857142857
C02816,4,Family,26-35,Biryani,Regular,2,0.0002232142857142857
C02817,8,Young Professional,26-35,Chinese,Occasional,1,0.00011160714285714285
C02818,1,Working Professional,36-45,Pizza,Occasional,1,0.00011160714285714285
C02819,9,Student,18-25,North Indian,Occasional,1,0.00011160714285714285
C02820,1,Working Professional,26-35,Healthy,Occasional,1,0.00011160714285714285
C02821,8,Young Professional,36-45,Burgers,Frequent,4,0.0004464285714285714
C02822,4,Working Professional,26-35,South Indian,Occasional,1,0.00011160714285714285
C02823,9,Young Professional,18-25,Pizza,Regular,2,0.0002232142857142857
C02824,5,Young Professional,26-35,Chinese,Occasional,1,0.00011160714285714285
C02825,3,Young Professional,26-35,North Indian,Occasional,1,0.00011160714285714285
C02826,9,Family,46-55,North Indian,Regular,2,0.0002232142857142857
C02827,9,Family,18-25,Desserts,Regular,2,0.0002232142857142857
C02828,4,Student,36-45,South Indian,Occasional,1,0.00011160714285714285
C02829,4,Student,18-25,Biryani,Occasional,1,0.00011160714285714285
C02830,8,Working Professional,18-25,North Indian,Occasional,1,0.00011160714285714285
C02831,2,Student,18-25,Biryani,Occasional,1,0.00011160714285714285
C02832,9,Young Professional,46-55,Burgers,Regular,2,0.0002232142857142857
C02833,6,Student,18-25,Cafe,Occasional,1,0.00011160714285714285
C02834,9,Young Professional,36-45,Biryani,Occasional,1,0.00011160714285714285
C02835,8,Working Professional,26-35,South Indian,Occasional,1,0.00011160714285714285
C02836,7,Working Professional,56+,Biryani,Frequent,4,0.0004464285714285714
C02837,1,Young Professional,46-55,Biryani,Frequent,4,0.0004464285714285714
C02838,3,Working Professional,36-45,Pizza,Occasional,1,0.00011160714285714285
C02839,2,Working Professional,46-55,North Indian,Regular,2,0.0002232142857142857
C02840,5,Student,26-35,Pizza,Occasional,1,0.00011160714285714285
C02841,5,Family,46-55,North Indian,Occasional,1,0.00011160714285714285
C02842,5,Student,18-25,Biryani,Regular,2,0.0002232142857142857
C02843,4,Working Professional,18-25,Healthy,Frequent,4,0.0004464285714285714
C02844,5,Working Professional,26-35,Pizza,Frequent,4,0.0004464285714285714
C02845,3,Family,26-35,Desserts,Regular,2,0.0002232142857142857
C02846,1,Family,26-35,Biryani,Occasional,1,0.00011160714285714285
C02847,5,Working Professional,26-35,Biryani,Regular,2,0.0002232142857142857
C02848,9,Working Professional,26-35,Biryani,Occasional,1,0.00011160714285714285
C02849,9,Young Professional,26-35,Momos,Regular,2,0.0002232142857142857
C02850,4,Working Professional,18-25,Healthy,Occasional,1,0.00011160714285714285
C02851,3,Working Professional,56+,South Indian,Regular,2,0.0002232142857142857
C02852,1,Working Professional,46-55,Biryani,Occasional,1,0.00011160714285714285
C02853,2,Young Professional,46-55,Chinese,Occasional,1,0.00011160714285714285
C02854,8,Working Professional,26-35,Biryani,Frequent,4,0.0004464285714285714
C02855,1,Working Professional,26-35,Biryani,Occasional,1,0.00011160714285714285
C02856,8,Family,56+,Desserts,Regular,2,0.0002232142857142857
C02857,7,Family,46-55,Chinese,Occasional,1,0.00011160714285714285
C02858,8,Student,36-45,Desserts,Occasional,1,0.00011160714285714285
C02859,6,Working Professional,26-35,Momos,Occasional,1,0.00011160714285714285
C02860,9,Family,26-35,Chinese,Occasional,1,0.00011160714285714285
C02861,3,Young Professional,36-45,Chinese,Frequent,4,0.0004464285714285714
C02862,10,Family,18-25,Biryani,Occasional,1,0.00011160714285714285
C02863,4,Working Professional,26-35,Biryani,Frequent,4,0.0004464285714285714
C02864,6,Student,36-45,Pizza,Regular,2,0.0002232142857142857
C02865,8,Young Professional,36-45,Burgers,Occasional,1,0.00011160714285714285
C02866,5,Young Professional,26-35,Burgers,Regular,2,0.0002232142857142857
C02867,3,Student,26-35,Desserts,Regular,2,0.0002232142857142857
C02868,6,Student,56+,Momos,Regular,2,0.0002232142857142857
C02869,4,Family,26-35,North Indian,Occasional,1,0.00011160714285714285
C02870,9,Working Professional,36-45,North Indian,Occasional,1,0.00011160714285714285
C02871,3,Working Professional,36-45,Cafe,Frequent,4,0.0004464285714285714
C02872,4,Student,36-45,Momos,Frequent,4,0.0004464285714285714
C02873,7,Student,36-45,Burgers,Frequent,4,0.0004464285714285714
C02874,7,Working Professional,26-35,Pizza,Occasional,1,0.00011160714285714285
C02875,4,Family,26-35,Desserts,Regular,2,0.0002232142857142857
C02876,6,Working Professional,26-35,North Indian,Occasional,1,0.00011160714285714285
C02877,3,Working Professional,18-25,Burgers,Occasional,1,0.00011160714285714285
C02878,6,Student,18-25,Burgers,Occasional,1,0.00011160714285714285
C02879,2,Working Professional,18-25,Healthy,Regular,2,0.0002232142857142857
C02880,8,Student,46-55,Pizza,Occasional,1,0.00011160714285714285
C02881,2,Working Professional,18-25,Chinese,Occasional,1,0.00011160714285714285
C02882,7,Family,18-25,North Indian,Frequent,4,0.0004464285714285714
C02883,9,Student,18-25,Momos,Occasional,1,0.00011160714285714285
C02884,1,Student,36-45,Desserts,Occasional,1,0.00011160714285714285
C02885,8,Student,18-25,Chinese,Occasional,1,0.00011160714285714285
C02886,7,Working Professional,26-35,Chinese,Frequent,4,0.0004464285714285714
C02887,6,Young Professional,18-25,South Indian,Regular,2,0.0002232142857142857
C02888,6,Student,46-55,Burgers,Occasional,1,0.00011160714285714285
C02889,6,Young Professional,56+,Momos,Regular,2,0.0002232142857142857
C02890,9,Student,56+,Chinese,Regular,2,0.0002232142857142857
C02891,2,Young Professional,26-35,Burgers,Occasional,1,0.00011160714285714285
C02892,1,Working Professional,26-35,South Indian,Regular,2,0.0002232142857142857
C02893,6,Family,26-35,Biryani,Regular,2,0.0002232142857142857
C02894,10,Working Professional,26-35,Biryani,Regular,2,0.0002232142857142857
C02895,8,Working Professional,26-35,Biryani,Occasional,1,0.00011160714285714285
C02896,3,Young Professional,18-25,North Indian,Frequent,4,0.0004464285714285714
C02897,10,Family,36-45,Chinese,Regular,2,0.0002232142857142857
C02898,1,Working Professional,18-25,North Indian,Occasional,1,0.00011160714285714285
C02899,9,Student,26-35,Biryani,Occasional,1,0.00011160714285714285
C02900,1,Student,26-35,Momos,Occasional,1,0.00011160714285714285
C02901,3,Young Professional,26-35,Chinese,Occasional,1,0.00011160714285714285
C02902,8,Working Professional,36-45,Cafe,Regular,2,0.0002232142857142857
C02903,3,Working Professional,36-45,Healthy,Occasional,1,0.00011160714285714285
C02904,4,Family,36-45,Pizza,Occasional,1,0.00011160714285714285
C02905,8,Young Professional,26-35,Momos,Regular,2,0.0002232142857142857
C02906,1,Family,18-25,North Indian,Occasional,1,0.00011160714285714285
C02907,6,Family,26-35,North Indian,Frequent,4,0.0004464285714285714
C02908,1,Family,56+,North Indian,Occasional,1,0.00011160714285714285
C02909,1,Working Professional,56+,Healthy,Occasional,1,0.00011160714285714285
C02910,8,Student,36-45,Momos,Occasional,1,0.00011160714285714285
C02911,4,Young Professional,18-25,Chinese,Occasional,1,0.00011160714285714285
C02912,1,Working Professional,18-25,Biryani,Occasional,1,0.00011160714285714285
C02913,10,Young Professional,26-35,Momos,Regular,2,0.0002232142857142857
C02914,7,Student,46-55,Pizza,Frequent,4,0.0004464285714285714
C02915,5,Student,36-45,Momos,Occasional,1,0.00011160714285714285
C02916,5,Young Professional,46-55,Burgers,Regular,2,0.0002232142857142857
C02917,1,Family,26-35,Desserts,Regular,2,0.0002232142857142857
C02918,10,Working Professional,18-25,Pizza,Regular,2,0.0002232142857142857
C02919,6,Family,18-25,North Indian,Occasional,1,0.00011160714285714285
C02920,9,Family,18-25,Healthy,Occasional,1,0.00011160714285714285
C02921,9,Working Professional,26-35,Cafe,Occasional,1,0.00011160714285714285
C02922,8,Student,18-25,Chinese,Regular,2,0.0002232142857142857
C02923,5,Young Professional,36-45,Pizza,Regular,2,0.0002232142857142857
C02924,1,Young Professional,36-45,Chinese,Occasional,1,0.00011160714285714285
C02925,9,Student,26-35,Pizza,Occasional,1,0.00011160714285714285
C02926,1,Young Professional,18-25,Burgers,Frequent,4,0.0004464285714285714
C02927,8,Young Professional,18-25,Momos,Regular,2,0.0002232142857142857
C02928,5,Working Professional,36-45,Biryani,Frequent,4,0.0004464285714285714
C02929,3,Family,26-35,North Indian,Regular,2,0.0002232142857142857
C02930,7,Working Professional,26-35,Cafe,Occasional,1,0.00011160714285714285
C02931,7,Student,46-55,Momos,Regular,2,0.0002232142857142857
C02932,9,Family,26-35,North Indian,Regular,2,0.0002232142857142857
C02933,7,Young Professional,26-35,Pizza,Occasional,1,0.00011160714285714285
C02934,3,Family,36-45,Pizza,Regular,2,0.0002232142857142857
C02935,1,Working Professional,36-45,Biryani,Regular,2,0.0002232142857142857
C02936,8,Student,36-45,Burgers,Occasional,1,0.00011160714285714285
C02937,3,Student,26-35,Momos,Regular,2,0.0002232142857142857
C02938,8,Working Professional,26-35,Cafe,Regular,2,0.0002232142857142857
C02939,8,Student,36-45,Chinese,Frequent,4,0.0004464285714285714
C02940,5,Working Professional,26-35,North Indian,Occasional,1,0.00011160714285714285
C02941,1,Working Professional,36-45,Healthy,Occasional,1,0.00011160714285714285
C02942,10,Family,46-55,North Indian,Regular,2,0.0002232142857142857
C02943,7,Working Professional,46-55,Desserts,Occasional,1,0.00011160714285714285
C02944,10,Working Professional,18-25,Burgers,Regular,2,0.0002232142857142857
C02945,5,Working Professional,18-25,Biryani,Regular,2,0.0002232142857142857
C02946,8,Student,18-25,Pizza,Occasional,1,0.00011160714285714285
C02947,9,Student,36-45,Momos,Regular,2,0.0002232142857142857
C02948,7,Student,26-35,South Indian,Regular,2,0.0002232142857142857
C02949,7,Young Professional,18-25,Biryani,Occasional,1,0.00011160714285714285
C02950,1,Student,18-25,South Indian,Frequent,4,0.0004464285714285714
C02951,4,Family,26-35,Chinese,Regular,2,0.0002232142857142857
C02952,2,Young Professional,18-25,Biryani,Regular,2,0.0002232142857142857
C02953,2,Family,18-25,Desserts,Regular,2,0.0002232142857142857
C02954,2,Student,36-45,Momos,Occasional,1,0.00011160714285714285
C02955,4,Young Professional,18-25,Biryani,Frequent,4,0.0004464285714285714
C02956,1,Student,18-25,Healthy,Regular,2,0.0002232142857142857
C02957,4,Working Professional,46-55,Chinese,Regular,2,0.0002232142857142857
C02958,2,Young Professional,46-55,Momos,Frequent,4,0.0004464285714285714
C02959,5,Family,26-35,North Indian,Occasional,1,0.00011160714285714285
C02960,3,Working Professional,18-25,North Indian,Regular,2,0.0002232142857142857
C02961,8,Student,36-45,Chinese,Occasional,1,0.00011160714285714285
C02962,4,Working Professional,26-35,South Indian,Occasional,1,0.00011160714285714285
C02963,1,Working Professional,18-25,Healthy,Occasional,1,0.00011160714285714285
C02964,1,Working Professional,18-25,Chinese,Frequent,4,0.0004464285714285714
C02965,10,Young Professional,18-25,Pizza,Frequent,4,0.0004464285714285714
C02966,3,Young Professional,26-35,Cafe,Regular,2,0.0002232142857142857
C02967,9,Young Professional,46-55,Desserts,Regular,2,0.0002232142857142857
C02968,7,Working Professional,36-45,North Indian,Regular,2,0.0002232142857142857
C02969,2,Family,26-35,South Indian,Frequent,4,0.0004464285714285714
C02970,9,Young Professional,26-35,Cafe,Occasional,1,0.00011160714285714285
C02971,10,Young Professional,26-35,Cafe,Occasional,1,0.00011160714285714285
C02972,2,Working Professional,26-35,Momos,Occasional,1,0.00011160714285714285
C02973,3,Student,18-25,Momos,Regular,2,0.0002232142857142857
C02974,10,Student,36-45,Momos,Regular,2,0.0002232142857142857
C02975,2,Working Professional,46-55,Healthy,Occasional,1,0.00011160714285714285
C02976,3,Family,26-35,Biryani,Occasional,1,0.00011160714285714285
C02977,6,Young Professional,46-55,Biryani,Regular,2,0.0002232142857142857
C02978,9,Student,26-35,Burgers,Occasional,1,0.00011160714285714285
C02979,9,Student,26-35,Biryani,Regular,2,0.0002232142857142857
C02980,7,Working Professional,18-25,Biryani,Frequent,4,0.0004464285714285714
C02981,3,Working Professional,36-45,Biryani,Occasional,1,0.00011160714285714285
C02982,4,Student,36-45,Chinese,Occasional,1,0.00011160714285714285
C02983,6,Family,36-45,North Indian,Regular,2,0.0002232142857142857
C02984,5,Working Professional,18-25,Biryani,Regular,2,0.0002232142857142857
C02985,2,Family,18-25,North Indian,Regular,2,0.0002232142857142857
C02986,6,Working Professional,26-35,Healthy,Frequent,4,0.0004464285714285714
C02987,3,Working Professional,26-35,Momos,Occasional,1,0.00011160714285714285
C02988,8,Working Professional,26-35,South Indian,Regular,2,0.0002232142857142857
C02989,2,Young Professional,56+,Chinese,Regular,2,0.0002232142857142857
C02990,1,Student,36-45,Cafe,Frequent,4,0.0004464285714285714
C02991,9,Young Professional,26-35,Biryani,Occasional,1,0.00011160714285714285
C02992,3,Working Professional,18-25,Chinese,Regular,2,0.0002232142857142857
C02993,1,Young Professional,18-25,Healthy,Regular,2,0.0002232142857142857
C02994,7,Young Professional,36-45,Pizza,Occasional,1,0.00011160714285714285
C02995,10,Working Professional,46-55,Cafe,Occasional,1,0.00011160714285714285
C02996,5,Family,36-45,Cafe,Frequent,4,0.0004464285714285714
C02997,5,Student,26-35,Pizza,Occasional,1,0.00011160714285714285
C02998,1,Young Professional,18-25,North Indian,Occasional,1,0.00011160714285714285
C02999,9,Working Professional,56+,Chinese,Occasional,1,0.00011160714285714285
C03000,7,Working Professional,56+,Biryani,Frequent,4,0.0004464285714285714
C03001,8,Family,26-35,North Indian,Regular,2,0.0002232142857142857
C03002,9,Young Professional,18-25,Chinese,Regular,2,0.0002232142857142857
C03003,6,Student,26-35,Chinese,Occasional,1,0.00011160714285714285
C03004,5,Family,46-55,Desserts,Regular,2,0.0002232142857142857
C03005,6,Working Professional,36-45,Burgers,Regular,2,0.0002232142857142857
C03006,2,Working Professional,36-45,Biryani,Regular,2,0.0002232142857142857
C03007,4,Family,18-25,Pizza,Frequent,4,0.0004464285714285714
C03008,3,Working Professional,18-25,Biryani,Occasional,1,0.00011160714285714285
C03009,7,Working Professional,18-25,Burgers,Regular,2,0.0002232142857142857
C03010,9,Young Professional,46-55,Burgers,Occasional,1,0.00011160714285714285
C03011,5,Student,26-35,Pizza,Regular,2,0.0002232142857142857
C03012,6,Family,36-45,North Indian,Occasional,1,0.00011160714285714285
C03013,10,Student,18-25,North Indian,Occasional,1,0.00011160714285714285
C03014,2,Student,46-55,Momos,Occasional,1,0.00011160714285714285
C03015,3,Student,36-45,Chinese,Regular,2,0.0002232142857142857
C03016,3,Family,18-25,Pizza,Occasional,1,0.00011160714285714285
C03017,9,Family,46-55,South Indian,Regular,2,0.0002232142857142857
C03018,7,Student,18-25,Burgers,Occasional,1,0.00011160714285714285
C03019,8,Student,18-25,Burgers,Occasional,1,0.00011160714285714285
C03020,10,Young Professional,18-25,North Indian,Regular,2,0.0002232142857142857
C03021,9,Student,46-55,Biryani,Occasional,1,0.00011160714285714285
C03022,6,Young Professional,46-55,Momos,Occasional,1,0.00011160714285714285
C03023,4,Student,26-35,Chinese,Regular,2,0.0002232142857142857
C03024,1,Family,36-45,South Indian,Occasional,1,0.00011160714285714285
C03025,8,Working Professional,36-45,North Indian,Occasional,1,0.00011160714285714285
C03026,7,Young Professional,36-45,North Indian,Occasional,1,0.00011160714285714285
C03027,2,Family,18-25,Pizza,Frequent,4,0.0004464285714285714
C03028,8,Working Professional,26-35,Cafe,Regular,2,0.0002232142857142857
C03029,5,Student,36-45,Biryani,Regular,2,0.0002232142857142857
C03030,7,Family,18-25,Desserts,Regular,2,0.0002232142857142857
C03031,4,Family,26-35,North Indian,Occasional,1,0.00011160714285714285
C03032,5,Student,36-45,Biryani,Occasional,1,0.00011160714285714285
C03033,8,Student,18-25,Biryani,Regular,2,0.0002232142857142857
C03034,1,Young Professional,56+,Desserts,Occasional,1,0.00011160714285714285
C03035,1,Student,18-25,Momos,Occasional,1,0.00011160714285714285
C03036,4,Family,56+,Cafe,Occasional,1,0.00011160714285714285
C03037,3,Working Professional,18-25,Momos,Occasional,1,0.00011160714285714285
C03038,10,Young Professional,18-25,Burgers,Frequent,4,0.0004464285714285714
C03039,2,Young Professional,18-25,Biryani,Occasional,1,0.00011160714285714285
C03040,3,Young Professional,36-45,Burgers,Regular,2,0.0002232142857142857
C03041,1,Student,36-45,Burgers,Occasional,1,0.00011160714285714285
C03042,1,Young Professional,18-25,Burgers,Frequent,4,0.0004464285714285714
C03043,6,Student,18-25,Chinese,Occasional,1,0.00011160714285714285
C03044,5,Working Professional,26-35,Chinese,Occasional,1,0.00011160714285714285
C03045,8,Working Professional,26-35,North Indian,Regular,2,0.0002232142857142857
C03046,2,Student,36-45,Burgers,Regular,2,0.0002232142857142857
C03047,4,Young Professional,18-25,Burgers,Occasional,1,0.00011160714285714285
C03048,8,Student,26-35,South Indian,Occasional,1,0.00011160714285714285
C03049,6,Family,36-45,Desserts,Occasional,1,0.00011160714285714285
C03050,1,Family,56+,Chinese,Occasional,1,0.00011160714285714285
C03051,4,Family,36-45,South Indian,Occasional,1,0.00011160714285714285
C03052,1,Student,18-25,Burgers,Occasional,1,0.00011160714285714285
C03053,2,Working Professional,18-25,Biryani,Occasional,1,0.00011160714285714285
C03054,5,Young Professional,26-35,Momos,Occasional,1,0.00011160714285714285
C03055,8,Working Professional,26-35,North Indian,Regular,2,0.0002232142857142857
C03056,8,Working Professional,46-55,Chinese,Frequent,4,0.0004464285714285714
C03057,3,Student,36-45,Momos,Regular,2,0.0002232142857142857
C03058,4,Working Professional,26-35,Cafe,Occasional,1,0.00011160714285714285
C03059,10,Young Professional,26-35,Cafe,Occasional,1,0.00011160714285714285
C03060,6,Working Professional,26-35,Chinese,Frequent,4,0.0004464285714285714
C03061,10,Working Professional,18-25,Chinese,Occasional,1,0.00011160714285714285
C03062,3,Working Professional,18-25,Healthy,Occasional,1,0.00011160714285714285
C03063,2,Working Professional,26-35,Healthy,Regular,2,0.0002232142857142857
C03064,6,Student,18-25,Burgers,Regular,2,0.0002232142857142857
C03065,5,Student,18-25,Cafe,Regular,2,0.0002232142857142857
C03066,10,Working Professional,18-25,South Indian,Occasional,1,0.00011160714285714285
C03067,5,Family,18-25,Pizza,Occasional,1,0.00011160714285714285
C03068,10,Working Professional,18-25,Biryani,Frequent,4,0.0004464285714285714
C03069,5,Working Professional,36-45,Cafe,Occasional,1,0.00011160714285714285
C03070,10,Working Professional,26-35,Healthy,Regular,2,0.0002232142857142857
C03071,5,Student,26-35,Pizza,Regular,2,0.0002232142857142857
C03072,3,Young Professional,26-35,Momos,Regular,2,0.0002232142857142857
C03073,7,Working Professional,56+,Biryani,Occasional,1,0.00011160714285714285
C03074,6,Student,18-25,Burgers,Occasional,1,0.00011160714285714285
C03075,4,Student,26-35,Chinese,Regular,2,0.0002232142857142857
C03076,2,Young Professional,18-25,Momos,Frequent,4,0.0004464285714285714
C03077,9,Student,26-35,Burgers,Frequent,4,0.0004464285714285714
C03078,1,Young Professional,46-55,Pizza,Occasional,1,0.00011160714285714285
C03079,4,Student,36-45,Biryani,Occasional,1,0.00011160714285714285
C03080,1,Young Professional,36-45,Biryani,Frequent,4,0.0004464285714285714
C03081,6,Young Professional,26-35,Burgers,Regular,2,0.0002232142857142857
C03082,4,Working Professional,36-45,Biryani,Frequent,4,0.0004464285714285714
C03083,5,Student,18-25,Healthy,Occasional,1,0.00011160714285714285
C03084,5,Student,26-35,Biryani,Regular,2,0.0002232142857142857
C03085,9,Working Professional,26-35,Biryani,Regular,2,0.0002232142857142857
C03086,1,Working Professional,26-35,Healthy,Regular,2,0.0002232142857142857
C03087,2,Student,18-25,Pizza,Occasional,1,0.00011160714285714285
C03088,6,Student,36-45,Burgers,Occasional,1,0.00011160714285714285
C03089,5,Working Professional,18-25,Biryani,Regular,2,0.0002232142857142857
C03090,7,Working Professional,18-25,Momos,Occasional,1,0.00011160714285714285
C03091,3,Student,26-35,Chinese,Occasional,1,0.00011160714285714285
C03092,3,Student,18-25,Cafe,Frequent,4,0.0004464285714285714
C03093,10,Young Professional,36-45,Burgers,Occasional,1,0.00011160714285714285
C03094,2,Working Professional,26-35,Healthy,Regular,2,0.0002232142857142857
C03095,3,Family,36-45,Chinese,Occasional,1,0.00011160714285714285
C03096,10,Working Professional,26-35,Momos,Regular,2,0.0002232142857142857
C03097,1,Student,36-45,Burgers,Frequent,4,0.0004464285714285714
C03098,5,Working Professional,46-55,North Indian,Occasional,1,0.00011160714285714285
C03099,5,Working Professional,26-35,Biryani,Occasional,1,0.00011160714285714285
C03100,7,Young Professional,26-35,Momos,Occasional,1,0.00011160714285714285
C03101,4,Family,46-55,Pizza,Occasional,1,0.00011160714285714285
C03102,3,Student,18-25,Healthy,Regular,2,0.0002232142857142857
C03103,1,Young Professional,26-35,Cafe,Frequent,4,0.0004464285714285714
C03104,8,Working Professional,18-25,North Indian,Occasional,1,0.00011160714285714285
C03105,3,Young Professional,18-25,North Indian,Occasional,1,0.00011160714285714285
C03106,2,Young Professional,18-25,Biryani,Occasional,1,0.00011160714285714285
C03107,4,Student,26-35,Burgers,Regular,2,0.0002232142857142857
C03108,3,Working Professional,36-45,Biryani,Occasional,1,0.00011160714285714285
C03109,1,Working Professional,18-25,South Indian,Regular,2,0.0002232142857142857
C03110,3,Family,46-55,Biryani,Regular,2,0.0002232142857142857
C03111,2,Working Professional,26-35,North Indian,Regular,2,0.0002232142857142857
C03112,8,Young Professional,56+,Cafe,Occasional,1,0.00011160714285714285
C03113,6,Family,56+,Pizza,Regular,2,0.0002232142857142857
C03114,9,Student,36-45,Momos,Occasional,1,0.00011160714285714285
C03115,8,Student,46-55,Pizza,Occasional,1,0.00011160714285714285
C03116,10,Family,36-45,Biryani,Frequent,4,0.0004464285714285714
C03117,3,Student,46-55,Momos,Regular,2,0.0002232142857142857
C03118,5,Family,18-25,Biryani,Occasional,1,0.00011160714285714285
C03119,7,Working Professional,26-35,Chinese,Occasional,1,0.00011160714285714285
C03120,5,Working Professional,36-45,North Indian,Occasional,1,0.00011160714285714285
C03121,8,Student,26-35,Chinese,Occasional,1,0.00011160714285714285
C03122,5,Family,46-55,Biryani,Occasional,1,0.00011160714285714285
C03123,1,Student,46-55,Chinese,Occasional,1,0.00011160714285714285
C03124,5,Family,18-25,North Indian,Occasional,1,0.00011160714285714285
C03125,4,Working Professional,36-45,Chinese,Regular,2,0.0002232142857142857
C03126,6,Family,18-25,Biryani,Regular,2,0.0002232142857142857
C03127,3,Working Professional,26-35,South Indian,Regular,2,0.0002232142857142857
C03128,5,Student,26-35,Pizza,Occasional,1,0.00011160714285714285
C03129,2,Family,18-25,Desserts,Frequent,4,0.0004464285714285714
C03130,6,Student,26-35,Burgers,Regular,2,0.0002232142857142857
C03131,6,Working Professional,26-35,Healthy,Regular,2,0.0002232142857142857
C03132,5,Student,18-25,Momos,Regular,2,0.0002232142857142857
C03133,6,Family,36-45,Biryani,Frequent,4,0.0004464285714285714
C03134,7,Young Professional,26-35,Momos,Regular,2,0.0002232142857142857
C03135,5,Working Professional,26-35,Pizza,Occasional,1,0.00011160714285714285
C03136,1,Working Professional,18-25,Biryani,Regular,2,0.0002232142857142857
C03137,8,Family,46-55,South Indian,Regular,2,0.0002232142857142857
C03138,4,Student,46-55,Biryani,Regular,2,0.0002232142857142857
C03139,9,Young Professional,18-25,Pizza,Regular,2,0.0002232142857142857
C03140,10,Student,18-25,Burgers,Occasional,1,0.00011160714285714285
C03141,6,Young Professional,36-45,Pizza,Occasional,1,0.00011160714285714285
C03142,1,Family,26-35,North Indian,Frequent,4,0.0004464285714285714
C03143,3,Family,18-25,Biryani,Regular,2,0.0002232142857142857
C03144,3,Family,26-35,North Indian,Regular,2,0.0002232142857142857
C03145,10,Working Professional,26-35,Momos,Occasional,1,0.00011160714285714285
C03146,4,Working Professional,36-45,Pizza,Occasional,1,0.00011160714285714285
C03147,6,Student,18-25,South Indian,Frequent,4,0.0004464285714285714
C03148,7,Family,26-35,North Indian,Regular,2,0.0002232142857142857
C03149,10,Family,18-25,Chinese,Regular,2,0.0002232142857142857
C03150,4,Young Professional,56+,Pizza,Occasional,1,0.00011160714285714285
C03151,6,Working Professional,36-45,Chinese,Regular,2,0.0002232142857142857
C03152,1,Student,36-45,Burgers,Occasional,1,0.00011160714285714285
C03153,8,Working Professional,36-45,Chinese,Regular,2,0.0002232142857142857
C03154,7,Family,26-35,Chinese,Occasional,1,0.00011160714285714285
C03155,9,Student,46-55,Pizza,Occasional,1,0.00011160714285714285
C03156,3,Student,18-25,Chinese,Regular,2,0.0002232142857142857
C03157,2,Young Professional,36-45,Burgers,Frequent,4,0.0004464285714285714
C03158,1,Working Professional,18-25,Momos,Occasional,1,0.00011160714285714285
C03159,3,Working Professional,26-35,Healthy,Regular,2,0.0002232142857142857
C03160,5,Working Professional,26-35,Pizza,Occasional,1,0.00011160714285714285
C03161,2,Family,36-45,North Indian,Occasional,1,0.00011160714285714285
C03162,3,Student,46-55,Pizza,Occasional,1,0.00011160714285714285
C03163,4,Family,26-35,Pizza,Occasional,1,0.00011160714285714285
C03164,7,Student,26-35,Pizza,Regular,2,0.0002232142857142857
C03165,3,Young Professional,46-55,Chinese,Occasional,1,0.00011160714285714285
C03166,9,Working Professional,18-25,Chinese,Occasional,1,0.00011160714285714285
C03167,8,Working Professional,36-45,Biryani,Frequent,4,0.0004464285714285714
C03168,4,Family,26-35,Desserts,Occasional,1,0.00011160714285714285
C03169,1,Family,26-35,North Indian,Regular,2,0.0002232142857142857
C03170,1,Student,18-25,South Indian,Occasional,1,0.00011160714285714285
C03171,1,Family,26-35,North Indian,Regular,2,0.0002232142857142857
C03172,1,Student,18-25,Momos,Occasional,1,0.00011160714285714285
C03173,8,Young Professional,18-25,South Indian,Occasional,1,0.00011160714285714285
C03174,3,Young Professional,18-25,Cafe,Occasional,1,0.00011160714285714285
C03175,6,Working Professional,26-35,Pizza,Occasional,1,0.00011160714285714285
C03176,3,Young Professional,26-35,Biryani,Occasional,1,0.00011160714285714285
C03177,5,Working Professional,46-55,Healthy,Regular,2,0.0002232142857142857
C03178,7,Student,18-25,Burgers,Frequent,4,0.0004464285714285714
C03179,2,Young Professional,26-35,Chinese,Regular,2,0.0002232142857142857
C03180,6,Family,26-35,Chinese,Regular,2,0.0002232142857142857
C03181,6,Working Professional,26-35,Chinese,Occasional,1,0.00011160714285714285
C03182,3,Working Professional,36-45,Healthy,Occasional,1,0.00011160714285714285
C03183,6,Working Professional,26-35,Biryani,Occasional,1,0.00011160714285714285
C03184,10,Young Professional,46-55,Chinese,Occasional,1,0.00011160714285714285
C03185,10,Student,26-35,Biryani,Regular,2,0.0002232142857142857
C03186,5,Working Professional,26-35,Cafe,Regular,2,0.0002232142857142857
C03187,2,Working Professional,26-35,Momos,Occasional,1,0.00011160714285714285
C03188,9,Working Professional,36-45,South Indian,Occasional,1,0.00011160714285714285
C03189,8,Working Professional,46-55,Biryani,Regular,2,0.0002232142857142857
C03190,3,Student,26-35,Momos,Regular,2,0.0002232142857142857
C03191,8,Student,36-45,Burgers,Occasional,1,0.00011160714285714285
C03192,9,Student,18-25,North Indian,Frequent,4,0.0004464285714285714
C03193,3,Young Professional,46-55,Chinese,Frequent,4,0.0004464285714285714
C03194,3,Student,18-25,Burgers,Occasional,1,0.00011160714285714285
C03195,2,Family,18-25,North Indian,Occasional,1,0.00011160714285714285
C03196,8,Family,18-25,Healthy,Regular,2,0.0002232142857142857
C03197,10,Young Professional,56+,Biryani,Frequent,4,0.0004464285714285714
C03198,1,Young Professional,46-55,Burgers,Frequent,4,0.0004464285714285714
C03199,8,Student,46-55,Desserts,Occasional,1,0.00011160714285714285
C03200,7,Student,46-55,Momos,Occasional,1,0.00011160714285714285
C03201,7,Working Professional,26-35,Chinese,Regular,2,0.0002232142857142857
C03202,3,Student,46-55,Pizza,Regular,2,0.0002232142857142857
C03203,1,Family,56+,Chinese,Occasional,1,0.00011160714285714285
C03204,4,Family,26-35,Pizza,Frequent,4,0.0004464285714285714
C03205,9,Young Professional,18-25,Cafe,Regular,2,0.0002232142857142857
C03206,5,Student,36-45,Biryani,Regular,2,0.0002232142857142857
C03207,1,Young Professional,56+,Cafe,Frequent,4,0.0004464285714285714
C03208,5,Student,46-55,Burgers,Regular,2,0.0002232142857142857
C03209,8,Working Professional,46-55,Cafe,Occasional,1,0.00011160714285714285
C03210,8,Working Professional,46-55,Healthy,Regular,2,0.0002232142857142857
C03211,5,Family,46-55,Biryani,Occasional,1,0.00011160714285714285
C03212,9,Working Professional,36-45,Healthy,Regular,2,0.0002232142857142857
C03213,1,Young Professional,36-45,Momos,Occasional,1,0.00011160714285714285
C03214,4,Young Professional,18-25,Pizza,Regular,2,0.0002232142857142857
C03215,3,Young Professional,26-35,Momos,Occasional,1,0.00011160714285714285
C03216,2,Student,26-35,Desserts,Occasional,1,0.00011160714285714285
C03217,8,Young Professional,46-55,Cafe,Occasional,1,0.00011160714285714285
C03218,7,Family,26-35,Pizza,Occasional,1,0.00011160714285714285
C03219,9,Student,18-25,Momos,Regular,2,0.0002232142857142857
C03220,2,Student,18-25,South Indian,Regular,2,0.0002232142857142857
C03221,4,Student,36-45,Pizza,Regular,2,0.0002232142857142857
C03222,6,Student,26-35,Chinese,Occasional,1,0.00011160714285714285
C03223,3,Working Professional,26-35,Momos,Occasional,1,0.00011160714285714285
C03224,8,Young Professional,18-25,Biryani,Occasional,1,0.00011160714285714285
C03225,3,Working Professional,26-35,Healthy,Occasional,1,0.00011160714285714285
C03226,2,Working Professional,18-25,Chinese,Frequent,4,0.0004464285714285714
C03227,3,Young Professional,26-35,Chinese,Occasional,1,0.00011160714285714285
C03228,6,Student,26-35,South Indian,Occasional,1,0.00011160714285714285
C03229,2,Young Professional,26-35,Burgers,Occasional,1,0.00011160714285714285
C03230,8,Working Professional,26-35,North Indian,Occasional,1,0.00011160714285714285
C03231,1,Working Professional,18-25,North Indian,Regular,2,0.0002232142857142857
C03232,7,Working Professional,46-55,North Indian,Regular,2,0.0002232142857142857
C03233,2,Working Professional,26-35,Momos,Occasional,1,0.00011160714285714285
C03234,10,Student,18-25,Burgers,Occasional,1,0.00011160714285714285
C03235,6,Family,18-25,North Indian,Occasional,1,0.00011160714285714285
C03236,2,Student,26-35,Cafe,Occasional,1,0.00011160714285714285
C03237,2,Young Professional,18-25,Chinese,Occasional,1,0.00011160714285714285
C03238,10,Working Professional,18-25,Chinese,Frequent,4,0.0004464285714285714
C03239,8,Student,26-35,Burgers,Regular,2,0.0002232142857142857
C03240,2,Family,26-35,Momos,Regular,2,0.0002232142857142857
C03241,7,Student,26-35,Cafe,Occasional,1,0.00011160714285714285
C03242,3,Family,36-45,Chinese,Occasional,1,0.00011160714285714285
C03243,8,Young Professional,18-25,South Indian,Regular,2,0.0002232142857142857
C03244,7,Family,46-55,North Indian,Regular,2,0.0002232142857142857
C03245,8,Student,18-25,Biryani,Regular,2,0.0002232142857142857
C03246,7,Working Professional,36-45,Chinese,Occasional,1,0.00011160714285714285
C03247,6,Family,18-25,Pizza,Regular,2,0.0002232142857142857
C03248,7,Young Professional,46-55,Burgers,Occasional,1,0.00011160714285714285
C03249,5,Student,26-35,Momos,Frequent,4,0.0004464285714285714
C03250,7,Working Professional,18-25,South Indian,Regular,2,0.0002232142857142857
C03251,1,Working Professional,26-35,Healthy,Regular,2,0.0002232142857142857
C03252,1,Student,18-25,Biryani,Occasional,1,0.00011160714285714285
C03253,9,Working Professional,36-45,Healthy,Regular,2,0.0002232142857142857
C03254,5,Working Professional,36-45,Biryani,Occasional,1,0.00011160714285714285
C03255,5,Young Professional,18-25,South Indian,Occasional,1,0.00011160714285714285
C03256,3,Young Professional,26-35,Burgers,Occasional,1,0.00011160714285714285
C03257,5,Family,18-25,North Indian,Regular,2,0.0002232142857142857
C03258,3,Working Professional,36-45,South Indian,Occasional,1,0.00011160714285714285
C03259,9,Student,26-35,Momos,Occasional,1,0.00011160714285714285
C03260,9,Young Professional,26-35,Chinese,Frequent,4,0.0004464285714285714
C03261,6,Young Professional,56+,Cafe,Occasional,1,0.00011160714285714285
C03262,1,Young Professional,18-25,Pizza,Regular,2,0.0002232142857142857
C03263,7,Family,56+,North Indian,Occasional,1,0.00011160714285714285
C03264,7,Working Professional,26-35,North Indian,Occasional,1,0.00011160714285714285
C03265,10,Young Professional,18-25,Healthy,Regular,2,0.0002232142857142857
C03266,10,Working Professional,26-35,North Indian,Occasional,1,0.00011160714285714285
C03267,4,Working Professional,36-45,North Indian,Occasional,1,0.00011160714285714285
C03268,8,Family,26-35,Chinese,Regular,2,0.0002232142857142857
C03269,6,Student,18-25,Burgers,Regular,2,0.0002232142857142857
C03270,4,Student,18-25,Momos,Regular,2,0.0002232142857142857
C03271,4,Working Professional,36-45,Biryani,Occasional,1,0.00011160714285714285
C03272,2,Working Professional,26-35,Biryani,Occasional,1,0.00011160714285714285
C03273,2,Young Professional,26-35,Momos,Regular,2,0.0002232142857142857
C03274,4,Student,18-25,Momos,Regular,2,0.0002232142857142857
C03275,5,Student,46-55,Chinese,Regular,2,0.0002232142857142857
C03276,8,Student,56+,Biryani,Regular,2,0.0002232142857142857
C03277,6,Student,18-25,Burgers,Regular,2,0.0002232142857142857
C03278,4,Student,18-25,Burgers,Occasional,1,0.00011160714285714285
C03279,7,Family,46-55,Chinese,Occasional,1,0.00011160714285714285
C03280,8,Working Professional,36-45,Pizza,Regular,2,0.0002232142857142857
C03281,2,Family,26-35,Pizza,Occasional,1,0.00011160714285714285
C03282,7,Young Professional,46-55,Biryani,Occasional,1,0.00011160714285714285
C03283,2,Family,26-35,North Indian,Frequent,4,0.0004464285714285714
C03284,2,Student,18-25,Chinese,Frequent,4,0.0004464285714285714
C03285,8,Student,36-45,Pizza,Occasional,1,0.00011160714285714285
C03286,2,Young Professional,26-35,Cafe,Occasional,1,0.00011160714285714285
C03287,9,Working Professional,56+,Biryani,Occasional,1,0.00011160714285714285
C03288,1,Young Professional,18-25,Cafe,Regular,2,0.0002232142857142857
C03289,9,Young Professional,26-35,South Indian,Frequent,4,0.0004464285714285714
C03290,1,Young Professional,36-45,Chinese,Occasional,1,0.00011160714285714285
C03291,10,Young Professional,26-35,Momos,Occasional,1,0.00011160714285714285
C03292,10,Working Professional,26-35,Pizza,Frequent,4,0.0004464285714285714
C03293,2,Working Professional,46-55,North Indian,Occasional,1,0.00011160714285714285
C03294,6,Young Professional,26-35,Cafe,Regular,2,0.0002232142857142857
C03295,6,Working Professional,26-35,North Indian,Frequent,4,0.0004464285714285714
C03296,1,Student,46-55,Pizza,Occasional,1,0.00011160714285714285
C03297,7,Family,18-25,Chinese,Regular,2,0.0002232142857142857
C03298,8,Working Professional,56+,Chinese,Occasional,1,0.00011160714285714285
C03299,2,Young Professional,36-45,South Indian,Occasional,1,0.00011160714285714285
C03300,8,Family,26-35,North Indian,Regular,2,0.0002232142857142857
C03301,9,Working Professional,26-35,Momos,Occasional,1,0.00011160714285714285
C03302,6,Young Professional,56+,Momos,Frequent,4,0.0004464285714285714
C03303,5,Young Professional,18-25,South Indian,Regular,2,0.0002232142857142857
C03304,9,Family,26-35,Chinese,Occasional,1,0.00011160714285714285
C03305,9,Student,26-35,Chinese,Occasional,1,0.00011160714285714285
C03306,1,Working Professional,18-25,South Indian,Occasional,1,0.00011160714285714285
C03307,3,Family,26-35,Pizza,Occasional,1,0.00011160714285714285
C03308,9,Student,56+,South Indian,Occasional,1,0.00011160714285714285
C03309,2,Student,46-55,Biryani,Occasional,1,0.00011160714285714285
C03310,4,Family,26-35,Chinese,Occasional,1,0.00011160714285714285
C03311,4,Working Professional,26-35,Desserts,Regular,2,0.0002232142857142857
C03312,2,Working Professional,36-45,Pizza,Regular,2,0.0002232142857142857
C03313,3,Student,18-25,Pizza,Regular,2,0.0002232142857142857
C03314,3,Working Professional,36-45,Pizza,Occasional,1,0.00011160714285714285
C03315,1,Family,46-55,Cafe,Occasional,1,0.00011160714285714285
C03316,6,Student,46-55,Chinese,Regular,2,0.0002232142857142857
C03317,8,Student,26-35,Momos,Occasional,1,0.00011160714285714285
C03318,3,Family,26-35,Desserts,Occasional,1,0.00011160714285714285
C03319,5,Young Professional,18-25,Cafe,Regular,2,0.0002232142857142857
C03320,1,Family,26-35,Burgers,Regular,2,0.0002232142857142857
C03321,10,Student,26-35,Cafe,Regular,2,0.0002232142857142857
C03322,7,Working Professional,46-55,Healthy,Occasional,1,0.00011160714285714285
C03323,10,Young Professional,46-55,Chinese,Regular,2,0.0002232142857142857
C03324,1,Student,56+,Cafe,Regular,2,0.0002232142857142857
C03325,9,Family,46-55,Healthy,Regular,2,0.0002232142857142857
C03326,8,Working Professional,18-25,Healthy,Regular,2,0.0002232142857142857
C03327,7,Student,26-35,Momos,Regular,2,0.0002232142857142857
C03328,10,Young Professional,18-25,Cafe,Regular,2,0.0002232142857142857
C03329,7,Family,18-25,South Indian,Occasional,1,0.00011160714285714285
C03330,5,Family,26-35,Momos,Regular,2,0.0002232142857142857
C03331,5,Student,36-45,Chinese,Regular,2,0.0002232142857142857
C03332,5,Student,36-45,Biryani,Regular,2,0.0002232142857142857
C03333,1,Working Professional,18-25,North Indian,Occasional,1,0.00011160714285714285
C03334,8,Working Professional,18-25,Healthy,Occasional,1,0.00011160714285714285
C03335,1,Student,18-25,Biryani,Frequent,4,0.0004464285714285714
C03336,4,Student,18-25,Cafe,Regular,2,0.0002232142857142857
C03337,9,Student,18-25,Momos,Frequent,4,0.0004464285714285714
C03338,9,Young Professional,36-45,Biryani,Regular,2,0.0002232142857142857
C03339,5,Family,46-55,Desserts,Regular,2,0.0002232142857142857
C03340,4,Young Professional,26-35,Momos,Regular,2,0.0002232142857142857
C03341,3,Student,36-45,Burgers,Frequent,4,0.0004464285714285714
C03342,3,Young Professional,18-25,Pizza,Regular,2,0.0002232142857142857
C03343,5,Student,56+,Momos,Regular,2,0.0002232142857142857
C03344,10,Working Professional,26-35,Chinese,Occasional,1,0.00011160714285714285
C03345,1,Young Professional,46-55,Cafe,Occasional,1,0.00011160714285714285
C03346,5,Working Professional,46-55,Chinese,Regular,2,0.0002232142857142857
C03347,6,Working Professional,46-55,Chinese,Occasional,1,0.00011160714285714285
C03348,7,Student,18-25,Burgers,Occasional,1,0.00011160714285714285
C03349,9,Student,36-45,Momos,Occasional,1,0.00011160714285714285
C03350,3,Family,18-25,South Indian,Occasional,1,0.00011160714285714285
C03351,2,Family,18-25,North Indian,Occasional,1,0.00011160714285714285
C03352,3,Family,18-25,North Indian,Occasional,1,0.00011160714285714285
C03353,9,Working Professional,46-55,North Indian,Frequent,4,0.0004464285714285714
C03354,7,Family,46-55,Desserts,Regular,2,0.0002232142857142857
C03355,9,Student,18-25,South Indian,Occasional,1,0.00011160714285714285
C03356,2,Student,26-35,Burgers,Occasional,1,0.00011160714285714285
C03357,5,Young Professional,56+,Chinese,Regular,2,0.0002232142857142857
C03358,4,Student,26-35,Cafe,Occasional,1,0.00011160714285714285
C03359,2,Family,26-35,Pizza,Regular,2,0.0002232142857142857
C03360,9,Student,26-35,Momos,Regular,2,0.0002232142857142857
C03361,9,Family,36-45,South Indian,Regular,2,0.0002232142857142857
C03362,6,Family,26-35,Biryani,Occasional,1,0.00011160714285714285
C03363,6,Student,36-45,Chinese,Regular,2,0.0002232142857142857
C03364,8,Student,26-35,Chinese,Occasional,1,0.00011160714285714285
C03365,6,Family,18-25,Biryani,Frequent,4,0.0004464285714285714
C03366,1,Working Professional,26-35,Biryani,Regular,2,0.0002232142857142857
C03367,4,Student,18-25,Burgers,Occasional,1,0.00011160714285714285
C03368,7,Family,26-35,Chinese,Occasional,1,0.00011160714285714285
C03369,2,Student,18-25,Cafe,Occasional,1,0.00011160714285714285
C03370,9,Young Professional,36-45,North Indian,Regular,2,0.0002232142857142857
C03371,8,Working Professional,26-35,North Indian,Occasional,1,0.00011160714285714285
C03372,8,Student,36-45,Burgers,Regular,2,0.0002232142857142857
C03373,7,Family,56+,Cafe,Occasional,1,0.00011160714285714285
C03374,4,Working Professional,46-55,Desserts,Regular,2,0.0002232142857142857
C03375,2,Student,56+,Chinese,Regular,2,0.0002232142857142857
C03376,3,Working Professional,26-35,North Indian,Regular,2,0.0002232142857142857
C03377,6,Student,18-25,Momos,Regular,2,0.0002232142857142857
C03378,5,Student,46-55,Momos,Occasional,1,0.00011160714285714285
C03379,8,Student,46-55,Pizza,Occasional,1,0.00011160714285714285
C03380,6,Working Professional,46-55,Biryani,Regular,2,0.0002232142857142857
C03381,6,Student,36-45,Burgers,Occasional,1,0.00011160714285714285
C03382,1,Family,26-35,North Indian,Occasional,1,0.00011160714285714285
C03383,4,Family,18-25,Desserts,Occasional,1,0.00011160714285714285
C03384,5,Working Professional,36-45,South Indian,Occasional,1,0.00011160714285714285
C03385,3,Family,18-25,South Indian,Occasional,1,0.00011160714285714285
C03386,9,Young Professional,18-25,Pizza,Frequent,4,0.0004464285714285714
C03387,1,Working Professional,26-35,Chinese,Occasional,1,0.00011160714285714285
C03388,6,Family,26-35,Biryani,Regular,2,0.0002232142857142857
C03389,6,Student,18-25,Pizza,Occasional,1,0.00011160714285714285
C03390,10,Young Professional,36-45,Biryani,Regular,2,0.0002232142857142857
C03391,5,Student,46-55,Pizza,Occasional,1,0.00011160714285714285
C03392,5,Working Professional,36-45,North Indian,Frequent,4,0.0004464285714285714
C03393,10,Family,26-35,Biryani,Frequent,4,0.0004464285714285714
C03394,5,Student,56+,Momos,Occasional,1,0.00011160714285714285
C03395,6,Student,18-25,Momos,Frequent,4,0.0004464285714285714
C03396,8,Working Professional,36-45,Chinese,Frequent,4,0.0004464285714285714
C03397,2,Working Professional,18-25,North Indian,Regular,2,0.0002232142857142857
C03398,6,Family,26-35,North Indian,Regular,2,0.0002232142857142857
C03399,1,Young Professional,26-35,Chinese,Occasional,1,0.00011160714285714285
C03400,4,Student,36-45,Pizza,Regular,2,0.0002232142857142857
C03401,10,Student,18-25,Pizza,Occasional,1,0.00011160714285714285
C03402,3,Family,18-25,North Indian,Occasional,1,0.00011160714285714285
C03403,9,Working Professional,26-35,Biryani,Frequent,4,0.0004464285714285714
C03404,3,Family,26-35,Pizza,Occasional,1,0.00011160714285714285
C03405,6,Student,26-35,Chinese,Regular,2,0.0002232142857142857
C03406,1,Working Professional,26-35,North Indian,Regular,2,0.0002232142857142857
C03407,6,Working Professional,26-35,Chinese,Frequent,4,0.0004464285714285714
C03408,4,Working Professional,18-25,Cafe,Frequent,4,0.0004464285714285714
C03409,8,Working Professional,18-25,Healthy,Occasional,1,0.00011160714285714285
C03410,9,Working Professional,26-35,Healthy,Occasional,1,0.00011160714285714285
C03411,4,Working Professional,36-45,Biryani,Occasional,1,0.00011160714285714285
C03412,10,Student,18-25,Momos,Occasional,1,0.00011160714285714285
C03413,10,Student,18-25,Momos,Occasional,1,0.00011160714285714285
C03414,6,Working Professional,26-35,Biryani,Occasional,1,0.00011160714285714285
C03415,1,Working Professional,18-25,South Indian,Regular,2,0.0002232142857142857
C03416,4,Working Professional,26-35,North Indian,Regular,2,0.0002232142857142857
C03417,7,Working Professional,26-35,South Indian,Occasional,1,0.00011160714285714285
C03418,1,Family,18-25,North Indian,Regular,2,0.0002232142857142857
C03419,8,Young Professional,18-25,Burgers,Occasional,1,0.00011160714285714285
C03420,10,Student,46-55,Chinese,Occasional,1,0.00011160714285714285
C03421,6,Student,36-45,Momos,Regular,2,0.0002232142857142857
C03422,5,Student,36-45,Chinese,Regular,2,0.0002232142857142857
C03423,10,Family,26-35,North Indian,Regular,2,0.0002232142857142857
C03424,9,Working Professional,36-45,Chinese,Occasional,1,0.00011160714285714285
C03425,2,Student,46-55,Burgers,Regular,2,0.0002232142857142857
C03426,5,Family,36-45,Desserts,Regular,2,0.0002232142857142857
C03427,6,Student,18-25,Momos,Regular,2,0.0002232142857142857
C03428,7,Working Professional,26-35,South Indian,Regular,2,0.0002232142857142857
C03429,5,Working Professional,26-35,Biryani,Frequent,4,0.0004464285714285714
C03430,9,Family,26-35,Pizza,Regular,2,0.0002232142857142857
C03431,1,Student,26-35,Momos,Regular,2,0.0002232142857142857
C03432,7,Young Professional,46-55,Desserts,Frequent,4,0.0004464285714285714
C03433,10,Family,36-45,Chinese,Regular,2,0.0002232142857142857
C03434,7,Student,18-25,South Indian,Occasional,1,0.00011160714285714285
C03435,4,Student,18-25,Biryani,Regular,2,0.0002232142857142857
C03436,9,Working Professional,26-35,Biryani,Occasional,1,0.00011160714285714285
C03437,5,Young Professional,18-25,Chinese,Occasional,1,0.00011160714285714285
C03438,4,Young Professional,26-35,Pizza,Regular,2,0.0002232142857142857
C03439,7,Working Professional,26-35,Cafe,Frequent,4,0.0004464285714285714
C03440,4,Young Professional,26-35,Pizza,Frequent,4,0.0004464285714285714
C03441,3,Student,56+,North Indian,Occasional,1,0.00011160714285714285
C03442,9,Student,26-35,Chinese,Regular,2,0.0002232142857142857
C03443,8,Young Professional,18-25,Cafe,Occasional,1,0.00011160714285714285
C03444,1,Family,18-25,North Indian,Frequent,4,0.0004464285714285714
C03445,7,Working Professional,26-35,Cafe,Frequent,4,0.0004464285714285714
C03446,9,Family,18-25,Desserts,Regular,2,0.0002232142857142857
C03447,8,Young Professional,26-35,Biryani,Regular,2,0.0002232142857142857
C03448,8,Family,18-25,Desserts,Regular,2,0.0002232142857142857
C03449,6,Young Professional,26-35,Chinese,Regular,2,0.0002232142857142857
C03450,4,Family,36-45,Pizza,Occasional,1,0.00011160714285714285
C03451,8,Student,18-25,Biryani,Occasional,1,0.00011160714285714285
C03452,3,Young Professional,26-35,Biryani,Regular,2,0.0002232142857142857
C03453,9,Student,26-35,Chinese,Regular,2,0.0002232142857142857
C03454,2,Young Professional,36-45,Pizza,Occasional,1,0.00011160714285714285
C03455,2,Working Professional,26-35,Biryani,Frequent,4,0.0004464285714285714
C03456,7,Family,26-35,Cafe,Occasional,1,0.00011160714285714285
C03457,10,Working Professional,36-45,Desserts,Regular,2,0.0002232142857142857
C03458,4,Student,26-35,Biryani,Regular,2,0.0002232142857142857
C03459,10,Student,26-35,Momos,Regular,2,0.0002232142857142857
C03460,8,Young Professional,18-25,North Indian,Regular,2,0.0002232142857142857
C03461,9,Young Professional,36-45,Momos,Occasional,1,0.00011160714285714285
C03462,7,Working Professional,46-55,North Indian,Occasional,1,0.00011160714285714285
C03463,5,Young Professional,56+,South Indian,Regular,2,0.0002232142857142857
C03464,8,Young Professional,46-55,Healthy,Regular,2,0.0002232142857142857
C03465,4,Family,36-45,Desserts,Occasional,1,0.00011160714285714285
C03466,2,Student,26-35,Momos,Regular,2,0.0002232142857142857
C03467,6,Young Professional,36-45,Burgers,Occasional,1,0.00011160714285714285
C03468,9,Working Professional,26-35,North Indian,Regular,2,0.0002232142857142857
C03469,1,Young Professional,26-35,Burgers,Regular,2,0.0002232142857142857
C03470,10,Young Professional,26-35,Momos,Occasional,1,0.00011160714285714285
C03471,7,Young Professional,26-35,Pizza,Occasional,1,0.00011160714285714285
C03472,10,Family,36-45,South Indian,Regular,2,0.0002232142857142857
C03473,9,Student,26-35,North Indian,Regular,2,0.0002232142857142857
C03474,10,Working Professional,18-25,Healthy,Regular,2,0.0002232142857142857
C03475,9,Working Professional,18-25,Pizza,Regular,2,0.0002232142857142857
C03476,10,Student,46-55,Biryani,Regular,2,0.0002232142857142857
C03477,3,Working Professional,36-45,Desserts,Frequent,4,0.0004464285714285714
C03478,5,Family,26-35,South Indian,Regular,2,0.0002232142857142857
C03479,8,Young Professional,26-35,Chinese,Occasional,1,0.00011160714285714285
C03480,8,Student,26-35,South Indian,Occasional,1,0.00011160714285714285
C03481,4,Working Professional,18-25,Chinese,Occasional,1,0.00011160714285714285
C03482,1,Student,26-35,Chinese,Regular,2,0.0002232142857142857
C03483,1,Student,36-45,Chinese,Occasional,1,0.00011160714285714285
C03484,4,Student,26-35,Burgers,Frequent,4,0.0004464285714285714
C03485,6,Family,26-35,North Indian,Regular,2,0.0002232142857142857
C03486,8,Student,18-25,Pizza,Regular,2,0.0002232142857142857
C03487,6,Family,26-35,Biryani,Occasional,1,0.00011160714285714285
C03488,9,Student,18-25,Biryani,Occasional,1,0.00011160714285714285
C03489,9,Young Professional,26-35,Pizza,Occasional,1,0.00011160714285714285
C03490,2,Young Professional,26-35,Burgers,Occasional,1,0.00011160714285714285
C03491,10,Young Professional,46-55,Cafe,Occasional,1,0.00011160714285714285
C03492,1,Young Professional,26-35,Chinese,Regular,2,0.0002232142857142857
C03493,2,Young Professional,26-35,Pizza,Frequent,4,0.0004464285714285714
C03494,5,Young Professional,26-35,Biryani,Frequent,4,0.0004464285714285714
C03495,4,Family,36-45,North Indian,Regular,2,0.0002232142857142857
C03496,4,Student,18-25,South Indian,Occasional,1,0.00011160714285714285
C03497,9,Student,26-35,Momos,Frequent,4,0.0004464285714285714
C03498,8,Student,46-55,Pizza,Frequent,4,0.0004464285714285714
C03499,6,Family,18-25,North Indian,Occasional,1,0.00011160714285714285
C03500,1,Working Professional,26-35,North Indian,Regular,2,0.0002232142857142857
C03501,2,Young Professional,36-45,Pizza,Occasional,1,0.00011160714285714285
C03502,6,Young Professional,26-35,South Indian,Regular,2,0.0002232142857142857
C03503,2,Working Professional,36-45,Healthy,Frequent,4,0.0004464285714285714
C03504,10,Working Professional,26-35,Biryani,Occasional,1,0.00011160714285714285
C03505,5,Young Professional,26-35,Chinese,Frequent,4,0.0004464285714285714
C03506,5,Student,36-45,Chinese,Regular,2,0.0002232142857142857
C03507,6,Family,36-45,North Indian,Frequent,4,0.0004464285714285714
C03508,6,Student,46-55,Momos,Occasional,1,0.00011160714285714285
C03509,6,Family,18-25,Desserts,Regular,2,0.0002232142857142857
C03510,2,Student,26-35,Burgers,Occasional,1,0.00011160714285714285
C03511,10,Young Professional,18-25,Biryani,Occasional,1,0.00011160714285714285
C03512,3,Working Professional,18-25,Chinese,Occasional,1,0.00011160714285714285
C03513,6,Student,26-35,Burgers,Frequent,4,0.0004464285714285714
C03514,8,Student,26-35,Momos,Regular,2,0.0002232142857142857
C03515,1,Working Professional,18-25,Chinese,Frequent,4,0.0004464285714285714
C03516,1,Young Professional,18-25,Burgers,Frequent,4,0.0004464285714285714
C03517,2,Family,26-35,North Indian,Occasional,1,0.00011160714285714285
C03518,6,Working Professional,56+,North Indian,Occasional,1,0.00011160714285714285
C03519,9,Working Professional,36-45,Chinese,Occasional,1,0.00011160714285714285
C03520,4,Working Professional,18-25,Chinese,Occasional,1,0.00011160714285714285
C03521,3,Family,46-55,Healthy,Occasional,1,0.00011160714285714285
C03522,8,Family,26-35,Pizza,Occasional,1,0.00011160714285714285
C03523,10,Working Professional,46-55,Pizza,Occasional,1,0.00011160714285714285
C03524,9,Family,26-35,North Indian,Occasional,1,0.00011160714285714285
C03525,5,Family,26-35,Pizza,Occasional,1,0.00011160714285714285
C03526,9,Young Professional,46-55,Pizza,Occasional,1,0.00011160714285714285
C03527,2,Young Professional,18-25,Burgers,Frequent,4,0.0004464285714285714
C03528,3,Family,46-55,North Indian,Regular,2,0.0002232142857142857
C03529,7,Family,36-45,Burgers,Frequent,4,0.0004464285714285714
C03530,7,Student,56+,Chinese,Occasional,1,0.00011160714285714285
C03531,6,Young Professional,26-35,Cafe,Occasional,1,0.00011160714285714285
C03532,6,Working Professional,18-25,Healthy,Regular,2,0.0002232142857142857
C03533,2,Student,26-35,Burgers,Occasional,1,0.00011160714285714285
C03534,10,Working Professional,56+,North Indian,Occasional,1,0.00011160714285714285
C03535,6,Young Professional,26-35,North Indian,Occasional,1,0.00011160714285714285
C03536,4,Student,26-35,Burgers,Occasional,1,0.00011160714285714285
C03537,3,Working Professional,26-35,Biryani,Occasional,1,0.00011160714285714285
C03538,2,Working Professional,26-35,Biryani,Occasional,1,0.00011160714285714285
C03539,1,Student,18-25,Chinese,Regular,2,0.0002232142857142857
C03540,5,Student,26-35,Momos,Occasional,1,0.00011160714285714285
C03541,2,Young Professional,46-55,Biryani,Occasional,1,0.00011160714285714285
C03542,2,Young Professional,18-25,Pizza,Regular,2,0.0002232142857142857
C03543,7,Student,46-55,Momos,Occasional,1,0.00011160714285714285
C03544,8,Young Professional,36-45,Chinese,Occasional,1,0.00011160714285714285
C03545,10,Family,26-35,Desserts,Frequent,4,0.0004464285714285714
C03546,8,Working Professional,26-35,North Indian,Occasional,1,0.00011160714285714285
C03547,4,Family,18-25,North Indian,Occasional,1,0.00011160714285714285
C03548,1,Young Professional,26-35,Chinese,Occasional,1,0.00011160714285714285
C03549,7,Working Professional,36-45,Pizza,Occasional,1,0.00011160714285714285
C03550,1,Student,26-35,Desserts,Regular,2,0.0002232142857142857
C03551,4,Young Professional,26-35,Pizza,Regular,2,0.0002232142857142857
C03552,8,Family,18-25,Momos,Occasional,1,0.00011160714285714285
C03553,2,Student,36-45,North Indian,Regular,2,0.0002232142857142857
C03554,6,Working Professional,26-35,Burgers,Regular,2,0.0002232142857142857
C03555,6,Working Professional,26-35,Pizza,Occasional,1,0.00011160714285714285
C03556,9,Young Professional,18-25,Burgers,Regular,2,0.0002232142857142857
C03557,5,Working Professional,56+,Healthy,Occasional,1,0.00011160714285714285
C03558,10,Student,26-35,Burgers,Occasional,1,0.00011160714285714285
C03559,4,Family,26-35,South Indian,Occasional,1,0.00011160714285714285
C03560,5,Working Professional,26-35,Chinese,Occasional,1,0.00011160714285714285
C03561,10,Student,36-45,Healthy,Occasional,1,0.00011160714285714285
C03562,5,Working Professional,18-25,Biryani,Regular,2,0.0002232142857142857
C03563,8,Young Professional,36-45,South Indian,Occasional,1,0.00011160714285714285
C03564,10,Student,26-35,Biryani,Occasional,1,0.00011160714285714285
C03565,8,Family,26-35,North Indian,Occasional,1,0.00011160714285714285
C03566,2,Working Professional,36-45,Momos,Regular,2,0.0002232142857142857
C03567,7,Student,36-45,Momos,Regular,2,0.0002232142857142857
C03568,8,Working Professional,36-45,Desserts,Regular,2,0.0002232142857142857
C03569,6,Working Professional,46-55,Chinese,Regular,2,0.0002232142857142857
C03570,5,Young Professional,18-25,Cafe,Frequent,4,0.0004464285714285714
C03571,9,Student,46-55,Momos,Occasional,1,0.00011160714285714285
C03572,3,Family,18-25,Chinese,Regular,2,0.0002232142857142857
C03573,10,Student,36-45,South Indian,Regular,2,0.0002232142857142857
C03574,4,Young Professional,26-35,Momos,Frequent,4,0.0004464285714285714
C03575,9,Family,26-35,Chinese,Frequent,4,0.0004464285714285714
C03576,6,Family,26-35,North Indian,Occasional,1,0.00011160714285714285
C03577,8,Student,26-35,Biryani,Occasional,1,0.00011160714285714285
C03578,7,Working Professional,18-25,Biryani,Occasional,1,0.00011160714285714285
C03579,2,Student,26-35,Cafe,Regular,2,0.0002232142857142857
C03580,3,Young Professional,18-25,Biryani,Occasional,1,0.00011160714285714285
C03581,1,Working Professional,26-35,Cafe,Occasional,1,0.00011160714285714285
C03582,9,Family,18-25,South Indian,Regular,2,0.0002232142857142857
C03583,7,Family,18-25,North Indian,Occasional,1,0.00011160714285714285
C03584,1,Working Professional,18-25,North Indian,Frequent,4,0.0004464285714285714
C03585,3,Family,26-35,Pizza,Occasional,1,0.00011160714285714285
C03586,4,Family,46-55,North Indian,Occasional,1,0.00011160714285714285
C03587,4,Family,46-55,Healthy,Occasional,1,0.00011160714285714285
C03588,5,Working Professional,18-25,Cafe,Regular,2,0.0002232142857142857
C03589,3,Working Professional,26-35,Cafe,Occasional,1,0.00011160714285714285
C03590,3,Student,36-45,South Indian,Occasional,1,0.00011160714285714285
C03591,1,Young Professional,26-35,North Indian,Frequent,4,0.0004464285714285714
C03592,7,Family,36-45,South Indian,Occasional,1,0.00011160714285714285
C03593,10,Working Professional,18-25,North Indian,Regular,2,0.0002232142857142857
C03594,1,Young Professional,26-35,Chinese,Regular,2,0.0002232142857142857
C03595,2,Student,26-35,Burgers,Occasional,1,0.00011160714285714285
C03596,4,Young Professional,18-25,Momos,Regular,2,0.0002232142857142857
C03597,4,Young Professional,26-35,North Indian,Occasional,1,0.00011160714285714285
C03598,5,Young Professional,26-35,Pizza,Regular,2,0.0002232142857142857
C03599,2,Young Professional,18-25,Chinese,Occasional,1,0.00011160714285714285
C03600,4,Working Professional,26-35,Desserts,Regular,2,0.0002232142857142857
C03601,1,Student,36-45,Momos,Occasional,1,0.00011160714285714285
C03602,2,Family,36-45,North Indian,Regular,2,0.0002232142857142857
C03603,1,Working Professional,26-35,Burgers,Occasional,1,0.00011160714285714285
C03604,10,Student,26-35,Momos,Occasional,1,0.00011160714285714285
C03605,10,Family,26-35,Biryani,Occasional,1,0.00011160714285714285
C03606,4,Working Professional,26-35,Momos,Occasional,1,0.00011160714285714285
C03607,4,Young Professional,18-25,South Indian,Regular,2,0.0002232142857142857
C03608,7,Young Professional,26-35,Momos,Occasional,1,0.00011160714285714285
C03609,10,Young Professional,26-35,Chinese,Frequent,4,0.0004464285714285714
C03610,9,Family,26-35,North Indian,Frequent,4,0.0004464285714285714
C03611,9,Young Professional,46-55,Cafe,Regular,2,0.0002232142857142857
C03612,5,Young Professional,36-45,Burgers,Occasional,1,0.00011160714285714285
C03613,10,Family,18-25,South Indian,Occasional,1,0.00011160714285714285
C03614,1,Student,18-25,Momos,Regular,2,0.0002232142857142857
C03615,1,Young Professional,18-25,Burgers,Occasional,1,0.00011160714285714285
C03616,6,Young Professional,36-45,Burgers,Occasional,1,0.00011160714285714285
C03617,2,Working Professional,36-45,Chinese,Regular,2,0.0002232142857142857
C03618,8,Student,56+,Momos,Regular,2,0.0002232142857142857
C03619,9,Family,26-35,North Indian,Regular,2,0.0002232142857142857
C03620,4,Student,36-45,Burgers,Occasional,1,0.00011160714285714285
C03621,5,Young Professional,26-35,Chinese,Regular,2,0.0002232142857142857
C03622,8,Young Professional,46-55,Biryani,Occasional,1,0.00011160714285714285
C03623,3,Student,36-45,Momos,Occasional,1,0.00011160714285714285
C03624,5,Family,26-35,Desserts,Frequent,4,0.0004464285714285714
C03625,3,Student,26-35,Momos,Occasional,1,0.00011160714285714285
C03626,10,Family,36-45,Momos,Occasional,1,0.00011160714285714285
C03627,3,Working Professional,26-35,Biryani,Occasional,1,0.00011160714285714285
C03628,3,Family,18-25,Chinese,Frequent,4,0.0004464285714285714
C03629,7,Working Professional,18-25,Healthy,Regular,2,0.0002232142857142857
C03630,7,Student,26-35,Burgers,Regular,2,0.0002232142857142857
C03631,7,Working Professional,26-35,Chinese,Regular,2,0.0002232142857142857
C03632,10,Student,18-25,Chinese,Occasional,1,0.00011160714285714285
C03633,8,Working Professional,18-25,Biryani,Occasional,1,0.00011160714285714285
C03634,5,Student,26-35,Burgers,Occasional,1,0.00011160714285714285
C03635,5,Working Professional,26-35,Chinese,Occasional,1,0.00011160714285714285
C03636,4,Young Professional,18-25,Momos,Occasional,1,0.00011160714285714285
C03637,7,Young Professional,18-25,North Indian,Frequent,4,0.0004464285714285714
C03638,10,Young Professional,18-25,Pizza,Occasional,1,0.00011160714285714285
C03639,4,Young Professional,18-25,Momos,Occasional,1,0.00011160714285714285
C03640,2,Student,46-55,Burgers,Occasional,1,0.00011160714285714285
C03641,4,Student,18-25,Biryani,Occasional,1,0.00011160714285714285
C03642,8,Working Professional,36-45,Pizza,Frequent,4,0.0004464285714285714
C03643,9,Young Professional,26-35,Chinese,Occasional,1,0.00011160714285714285
C03644,3,Young Professional,56+,Burgers,Occasional,1,0.00011160714285714285
C03645,7,Student,18-25,North Indian,Regular,2,0.0002232142857142857
C03646,9,Working Professional,18-25,North Indian,Occasional,1,0.00011160714285714285
C03647,4,Student,18-25,Momos,Occasional,1,0.00011160714285714285
C03648,10,Family,18-25,North Indian,Occasional,1,0.00011160714285714285
C03649,3,Family,36-45,Biryani,Regular,2,0.0002232142857142857
C03650,5,Student,18-25,Momos,Frequent,4,0.0004464285714285714
C03651,1,Working Professional,18-25,Biryani,Regular,2,0.0002232142857142857
C03652,3,Family,46-55,Pizza,Occasional,1,0.00011160714285714285
C03653,8,Family,26-35,Chinese,Regular,2,0.0002232142857142857
C03654,8,Student,18-25,Cafe,Occasional,1,0.00011160714285714285
C03655,4,Young Professional,18-25,Healthy,Occasional,1,0.00011160714285714285
C03656,2,Working Professional,18-25,North Indian,Occasional,1,0.00011160714285714285
C03657,8,Young Professional,46-55,Burgers,Occasional,1,0.00011160714285714285
C03658,8,Young Professional,46-55,Chinese,Regular,2,0.0002232142857142857
C03659,10,Student,46-55,Burgers,Regular,2,0.0002232142857142857
C03660,4,Student,46-55,Pizza,Frequent,4,0.0004464285714285714
C03661,3,Family,26-35,Chinese,Regular,2,0.0002232142857142857
C03662,2,Student,18-25,Chinese,Regular,2,0.0002232142857142857
C03663,9,Young Professional,26-35,Pizza,Occasional,1,0.00011160714285714285
C03664,1,Family,36-45,Pizza,Occasional,1,0.00011160714285714285
C03665,7,Young Professional,46-55,Burgers,Regular,2,0.0002232142857142857
C03666,5,Student,26-35,Cafe,Occasional,1,0.00011160714285714285
C03667,8,Working Professional,26-35,Pizza,Regular,2,0.0002232142857142857
C03668,4,Family,46-55,Biryani,Occasional,1,0.00011160714285714285
C03669,7,Student,18-25,South Indian,Occasional,1,0.00011160714285714285
C03670,5,Family,46-55,Cafe,Occasional,1,0.00011160714285714285
C03671,5,Young Professional,18-25,Momos,Occasional,1,0.00011160714285714285
C03672,9,Working Professional,26-35,Healthy,Occasional,1,0.00011160714285714285
C03673,9,Family,18-25,North Indian,Regular,2,0.0002232142857142857
C03674,9,Student,26-35,Biryani,Occasional,1,0.00011160714285714285
C03675,6,Working Professional,26-35,North Indian,Regular,2,0.0002232142857142857
C03676,6,Young Professional,26-35,South Indian,Occasional,1,0.00011160714285714285
C03677,5,Young Professional,46-55,Momos,Occasional,1,0.00011160714285714285
C03678,9,Working Professional,36-45,Desserts,Occasional,1,0.00011160714285714285
C03679,10,Young Professional,36-45,North Indian,Regular,2,0.0002232142857142857
C03680,8,Working Professional,18-25,North Indian,Occasional,1,0.00011160714285714285
C03681,7,Student,46-55,Momos,Regular,2,0.0002232142857142857
C03682,7,Student,18-25,South Indian,Occasional,1,0.00011160714285714285
C03683,6,Young Professional,18-25,Momos,Regular,2,0.0002232142857142857
C03684,5,Student,18-25,Pizza,Occasional,1,0.00011160714285714285
C03685,4,Working Professional,26-35,Healthy,Regular,2,0.0002232142857142857
C03686,3,Working Professional,46-55,Cafe,Regular,2,0.0002232142857142857
C03687,3,Family,18-25,Pizza,Frequent,4,0.0004464285714285714
C03688,6,Working Professional,26-35,Cafe,Occasional,1,0.00011160714285714285
C03689,4,Student,46-55,Pizza,Occasional,1,0.00011160714285714285
C03690,6,Student,26-35,Momos,Occasional,1,0.00011160714285714285
C03691,3,Family,36-45,South Indian,Regular,2,0.0002232142857142857
C03692,4,Family,18-25,North Indian,Regular,2,0.0002232142857142857
C03693,9,Working Professional,36-45,North Indian,Regular,2,0.0002232142857142857
C03694,5,Family,18-25,Chinese,Occasional,1,0.00011160714285714285
C03695,7,Student,56+,Pizza,Occasional,1,0.00011160714285714285
C03696,10,Young Professional,26-35,North Indian,Occasional,1,0.00011160714285714285
C03697,2,Working Professional,36-45,Momos,Frequent,4,0.0004464285714285714
C03698,5,Student,18-25,Momos,Regular,2,0.0002232142857142857
C03699,9,Working Professional,18-25,Momos,Frequent,4,0.0004464285714285714
C03700,3,Young Professional,18-25,Pizza,Occasional,1,0.00011160714285714285
C03701,9,Young Professional,26-35,Healthy,Regular,2,0.0002232142857142857
C03702,6,Student,18-25,Chinese,Regular,2,0.0002232142857142857
C03703,4,Family,36-45,South Indian,Occasional,1,0.00011160714285714285
C03704,7,Student,18-25,Biryani,Regular,2,0.0002232142857142857
C03705,8,Student,36-45,Chinese,Frequent,4,0.0004464285714285714
C03706,6,Working Professional,18-25,Healthy,Frequent,4,0.0004464285714285714
C03707,5,Family,18-25,Chinese,Regular,2,0.0002232142857142857
C03708,6,Family,36-45,North Indian,Occasional,1,0.00011160714285714285
C03709,5,Working Professional,36-45,Chinese,Occasional,1,0.00011160714285714285
C03710,8,Student,26-35,Biryani,Frequent,4,0.0004464285714285714
C03711,1,Working Professional,18-25,North Indian,Occasional,1,0.00011160714285714285
C03712,7,Student,26-35,Biryani,Regular,2,0.0002232142857142857
C03713,10,Student,26-35,Momos,Regular,2,0.0002232142857142857
C03714,10,Working Professional,26-35,Healthy,Regular,2,0.0002232142857142857
C03715,2,Working Professional,26-35,Chinese,Frequent,4,0.0004464285714285714
C03716,9,Student,26-35,Biryani,Occasional,1,0.00011160714285714285
C03717,1,Working Professional,18-25,Cafe,Occasional,1,0.00011160714285714285
C03718,10,Student,46-55,South Indian,Occasional,1,0.00011160714285714285
C03719,6,Student,36-45,Momos,Occasional,1,0.00011160714285714285
C03720,9,Family,18-25,North Indian,Occasional,1,0.00011160714285714285
C03721,1,Student,26-35,Biryani,Occasional,1,0.00011160714285714285
C03722,4,Family,18-25,Biryani,Regular,2,0.0002232142857142857
C03723,4,Student,46-55,Chinese,Frequent,4,0.0004464285714285714
C03724,9,Working Professional,26-35,Chinese,Occasional,1,0.00011160714285714285
C03725,5,Student,18-25,Burgers,Occasional,1,0.00011160714285714285
C03726,5,Student,18-25,Chinese,Frequent,4,0.0004464285714285714
C03727,6,Working Professional,18-25,Pizza,Occasional,1,0.00011160714285714285
C03728,1,Young Professional,26-35,Burgers,Occasional,1,0.00011160714285714285
C03729,1,Student,36-45,Chinese,Occasional,1,0.00011160714285714285
C03730,9,Working Professional,18-25,North Indian,Regular,2,0.0002232142857142857
C03731,3,Family,18-25,North Indian,Occasional,1,0.00011160714285714285
C03732,4,Working Professional,26-35,North Indian,Frequent,4,0.0004464285714285714
C03733,1,Young Professional,18-25,Healthy,Occasional,1,0.00011160714285714285
C03734,9,Student,26-35,Momos,Regular,2,0.0002232142857142857
C03735,8,Young Professional,26-35,Pizza,Occasional,1,0.00011160714285714285
C03736,2,Working Professional,36-45,North Indian,Occasional,1,0.00011160714285714285
C03737,8,Working Professional,56+,North Indian,Regular,2,0.0002232142857142857
C03738,7,Young Professional,46-55,Biryani,Regular,2,0.0002232142857142857
C03739,6,Working Professional,26-35,Healthy,Regular,2,0.0002232142857142857
C03740,1,Working Professional,36-45,Cafe,Regular,2,0.0002232142857142857
C03741,7,Family,56+,Healthy,Frequent,4,0.0004464285714285714
C03742,10,Working Professional,18-25,Healthy,Regular,2,0.0002232142857142857
C03743,7,Student,18-25,Desserts,Regular,2,0.0002232142857142857
C03744,9,Family,18-25,Chinese,Occasional,1,0.00011160714285714285
C03745,1,Student,26-35,Biryani,Occasional,1,0.00011160714285714285
C03746,2,Young Professional,36-45,Biryani,Occasional,1,0.00011160714285714285
C03747,9,Young Professional,26-35,South Indian,Regular,2,0.0002232142857142857
C03748,9,Working Professional,26-35,Healthy,Occasional,1,0.00011160714285714285
C03749,6,Working Professional,26-35,Pizza,Occasional,1,0.00011160714285714285
C03750,6,Student,18-25,Burgers,Frequent,4,0.0004464285714285714
C03751,4,Student,26-35,Burgers,Frequent,4,0.0004464285714285714
C03752,4,Young Professional,18-25,Momos,Frequent,4,0.0004464285714285714
C03753,5,Student,18-25,Biryani,Occasional,1,0.00011160714285714285
C03754,3,Working Professional,36-45,Biryani,Regular,2,0.0002232142857142857
C03755,1,Young Professional,36-45,Burgers,Occasional,1,0.00011160714285714285
C03756,1,Young Professional,36-45,Cafe,Occasional,1,0.00011160714285714285
C03757,7,Working Professional,36-45,Biryani,Occasional,1,0.00011160714285714285
C03758,1,Working Professional,36-45,Biryani,Occasional,1,0.00011160714285714285
C03759,1,Family,36-45,Biryani,Occasional,1,0.00011160714285714285
C03760,3,Young Professional,36-45,Burgers,Regular,2,0.0002232142857142857
C03761,10,Family,36-45,Cafe,Occasional,1,0.00011160714285714285
C03762,4,Working Professional,26-35,Pizza,Regular,2,0.0002232142857142857
C03763,4,Student,26-35,Burgers,Regular,2,0.0002232142857142857
C03764,2,Student,36-45,Chinese,Occasional,1,0.00011160714285714285
C03765,1,Working Professional,18-25,North Indian,Occasional,1,0.00011160714285714285
C03766,3,Young Professional,26-35,Chinese,Occasional,1,0.00011160714285714285
C03767,4,Young Professional,26-35,Chinese,Regular,2,0.0002232142857142857
C03768,3,Young Professional,18-25,Chinese,Occasional,1,0.00011160714285714285
C03769,8,Working Professional,56+,North Indian,Occasional,1,0.00011160714285714285
C03770,10,Family,18-25,South Indian,Occasional,1,0.00011160714285714285
C03771,1,Young Professional,26-35,Cafe,Regular,2,0.0002232142857142857
C03772,2,Family,18-25,Biryani,Frequent,4,0.0004464285714285714
C03773,7,Working Professional,36-45,Healthy,Occasional,1,0.00011160714285714285
C03774,4,Working Professional,26-35,Momos,Regular,2,0.0002232142857142857
C03775,8,Young Professional,26-35,Healthy,Regular,2,0.0002232142857142857
C03776,3,Student,36-45,Burgers,Frequent,4,0.0004464285714285714
C03777,6,Young Professional,26-35,Healthy,Regular,2,0.0002232142857142857
C03778,9,Student,18-25,Chinese,Regular,2,0.0002232142857142857
C03779,1,Family,18-25,Biryani,Regular,2,0.0002232142857142857
C03780,1,Family,36-45,North Indian,Frequent,4,0.0004464285714285714
C03781,8,Family,26-35,Healthy,Occasional,1,0.00011160714285714285
C03782,3,Working Professional,18-25,Healthy,Occasional,1,0.00011160714285714285
C03783,5,Young Professional,18-25,Pizza,Occasional,1,0.00011160714285714285
C03784,1,Family,18-25,Pizza,Regular,2,0.0002232142857142857
C03785,5,Student,26-35,Momos,Regular,2,0.0002232142857142857
C03786,6,Family,18-25,Cafe,Occasional,1,0.00011160714285714285
C03787,8,Student,18-25,Biryani,Regular,2,0.0002232142857142857
C03788,3,Student,26-35,Cafe,Occasional,1,0.00011160714285714285
C03789,3,Working Professional,36-45,Cafe,Occasional,1,0.00011160714285714285
C03790,10,Young Professional,36-45,Pizza,Frequent,4,0.0004464285714285714
C03791,9,Working Professional,26-35,Pizza,Occasional,1,0.00011160714285714285
C03792,4,Family,36-45,Biryani,Occasional,1,0.00011160714285714285
C03793,4,Working Professional,26-35,Chinese,Regular,2,0.0002232142857142857
C03794,7,Student,56+,Momos,Regular,2,0.0002232142857142857
C03795,2,Young Professional,18-25,Chinese,Occasional,1,0.00011160714285714285
C03796,8,Family,26-35,Desserts,Regular,2,0.0002232142857142857
C03797,6,Young Professional,26-35,Chinese,Regular,2,0.0002232142857142857
C03798,3,Student,18-25,Momos,Occasional,1,0.00011160714285714285
C03799,9,Student,36-45,Chinese,Occasional,1,0.00011160714285714285
C03800,5,Young Professional,18-25,Pizza,Regular,2,0.0002232142857142857
C03801,8,Family,26-35,North Indian,Occasional,1,0.00011160714285714285
C03802,7,Student,26-35,Desserts,Frequent,4,0.0004464285714285714
C03803,8,Student,18-25,Cafe,Regular,2,0.0002232142857142857
C03804,7,Young Professional,26-35,Burgers,Frequent,4,0.0004464285714285714
C03805,3,Working Professional,26-35,Pizza,Occasional,1,0.00011160714285714285
C03806,2,Family,36-45,Burgers,Frequent,4,0.0004464285714285714
C03807,7,Working Professional,36-45,Cafe,Occasional,1,0.00011160714285714285
C03808,3,Working Professional,18-25,Biryani,Occasional,1,0.00011160714285714285
C03809,3,Young Professional,26-35,Cafe,Occasional,1,0.00011160714285714285
C03810,2,Student,46-55,Biryani,Occasional,1,0.00011160714285714285
C03811,4,Working Professional,18-25,Biryani,Regular,2,0.0002232142857142857
C03812,8,Young Professional,26-35,Cafe,Occasional,1,0.00011160714285714285
C03813,1,Student,36-45,South Indian,Occasional,1,0.00011160714285714285
C03814,1,Working Professional,26-35,Biryani,Regular,2,0.0002232142857142857
C03815,5,Family,18-25,Cafe,Occasional,1,0.00011160714285714285
C03816,5,Working Professional,26-35,Chinese,Regular,2,0.0002232142857142857
C03817,1,Working Professional,26-35,South Indian,Occasional,1,0.00011160714285714285
C03818,6,Working Professional,56+,Biryani,Regular,2,0.0002232142857142857
C03819,1,Working Professional,18-25,Biryani,Regular,2,0.0002232142857142857
C03820,5,Family,56+,Biryani,Occasional,1,0.00011160714285714285
C03821,9,Family,26-35,South Indian,Occasional,1,0.00011160714285714285
C03822,5,Student,18-25,Burgers,Occasional,1,0.00011160714285714285
C03823,6,Family,26-35,South Indian,Regular,2,0.0002232142857142857
C03824,8,Young Professional,26-35,Cafe,Occasional,1,0.00011160714285714285
C03825,1,Working Professional,18-25,South Indian,Occasional,1,0.00011160714285714285
C03826,2,Family,18-25,Cafe,Occasional,1,0.00011160714285714285
C03827,9,Working Professional,46-55,Chinese,Occasional,1,0.00011160714285714285
C03828,3,Young Professional,56+,Chinese,Occasional,1,0.00011160714285714285
C03829,6,Young Professional,26-35,Biryani,Regular,2,0.0002232142857142857
C03830,5,Student,18-25,Desserts,Occasional,1,0.00011160714285714285
C03831,2,Working Professional,36-45,Healthy,Occasional,1,0.00011160714285714285
C03832,7,Working Professional,26-35,South Indian,Regular,2,0.0002232142857142857
C03833,4,Working Professional,18-25,Chinese,Regular,2,0.0002232142857142857
C03834,1,Student,46-55,Chinese,Occasional,1,0.00011160714285714285
C03835,4,Young Professional,18-25,Momos,Occasional,1,0.00011160714285714285
C03836,6,Student,26-35,Chinese,Occasional,1,0.00011160714285714285
C03837,7,Working Professional,26-35,Pizza,Frequent,4,0.0004464285714285714
C03838,7,Family,26-35,Biryani,Occasional,1,0.00011160714285714285
C03839,7,Student,18-25,Biryani,Frequent,4,0.0004464285714285714
C03840,3,Young Professional,36-45,Chinese,Regular,2,0.0002232142857142857
C03841,6,Young Professional,56+,Pizza,Regular,2,0.0002232142857142857
C03842,8,Working Professional,26-35,North Indian,Occasional,1,0.00011160714285714285
C03843,4,Working Professional,26-35,North Indian,Occasional,1,0.00011160714285714285
C03844,8,Student,18-25,Chinese,Occasional,1,0.00011160714285714285
C03845,2,Family,46-55,Pizza,Occasional,1,0.00011160714285714285
C03846,10,Student,56+,Biryani,Regular,2,0.0002232142857142857
C03847,9,Family,36-45,Desserts,Frequent,4,0.0004464285714285714
C03848,9,Young Professional,26-35,Chinese,Regular,2,0.0002232142857142857
C03849,8,Student,56+,Chinese,Regular,2,0.0002232142857142857
C03850,10,Young Professional,18-25,Pizza,Occasional,1,0.00011160714285714285
C03851,10,Student,26-35,Biryani,Occasional,1,0.00011160714285714285
C03852,1,Young Professional,26-35,Burgers,Occasional,1,0.00011160714285714285
C03853,2,Student,26-35,Chinese,Regular,2,0.0002232142857142857
C03854,6,Family,36-45,South Indian,Frequent,4,0.0004464285714285714
C03855,10,Student,36-45,Momos,Regular,2,0.0002232142857142857
C03856,5,Young Professional,18-25,Pizza,Occasional,1,0.00011160714285714285
C03857,9,Working Professional,26-35,Chinese,Occasional,1,0.00011160714285714285
C03858,5,Student,26-35,South Indian,Regular,2,0.0002232142857142857
C03859,2,Working Professional,26-35,Chinese,Occasional,1,0.00011160714285714285
C03860,10,Working Professional,18-25,Desserts,Regular,2,0.0002232142857142857
C03861,4,Family,18-25,Biryani,Regular,2,0.0002232142857142857
C03862,9,Young Professional,36-45,Burgers,Regular,2,0.0002232142857142857
C03863,1,Working Professional,46-55,Desserts,Occasional,1,0.00011160714285714285
C03864,1,Student,46-55,South Indian,Occasional,1,0.00011160714285714285
C03865,7,Student,56+,Desserts,Occasional,1,0.00011160714285714285
C03866,3,Working Professional,36-45,South Indian,Occasional,1,0.00011160714285714285
C03867,10,Working Professional,18-25,Biryani,Occasional,1,0.00011160714285714285
C03868,2,Working Professional,46-55,Desserts,Regular,2,0.0002232142857142857
C03869,9,Student,26-35,Pizza,Regular,2,0.0002232142857142857
C03870,3,Working Professional,36-45,Pizza,Occasional,1,0.00011160714285714285
C03871,2,Young Professional,26-35,Chinese,Occasional,1,0.00011160714285714285
C03872,8,Student,36-45,Pizza,Occasional,1,0.00011160714285714285
C03873,10,Working Professional,26-35,Chinese,Occasional,1,0.00011160714285714285
C03874,6,Family,18-25,Desserts,Regular,2,0.0002232142857142857
C03875,6,Family,26-35,North Indian,Occasional,1,0.00011160714285714285
C03876,10,Working Professional,18-25,Pizza,Occasional,1,0.00011160714285714285
C03877,7,Family,56+,South Indian,Occasional,1,0.00011160714285714285
C03878,7,Young Professional,26-35,Biryani,Frequent,4,0.0004464285714285714
C03879,6,Student,26-35,Biryani,Regular,2,0.0002232142857142857
C03880,4,Working Professional,46-55,North Indian,Occasional,1,0.00011160714285714285
C03881,9,Student,26-35,Momos,Regular,2,0.0002232142857142857
C03882,6,Working Professional,26-35,North Indian,Regular,2,0.0002232142857142857
C03883,4,Working Professional,18-25,Cafe,Frequent,4,0.0004464285714285714
C03884,3,Family,26-35,North Indian,Occasional,1,0.00011160714285714285
C03885,4,Student,46-55,Momos,Frequent,4,0.0004464285714285714
C03886,3,Working Professional,36-45,Healthy,Frequent,4,0.0004464285714285714
C03887,2,Working Professional,56+,Biryani,Frequent,4,0.0004464285714285714
C03888,5,Working Professional,18-25,Chinese,Regular,2,0.0002232142857142857
C03889,2,Family,18-25,Biryani,Regular,2,0.0002232142857142857
C03890,6,Working Professional,18-25,Momos,Occasional,1,0.00011160714285714285
C03891,3,Young Professional,36-45,Pizza,Regular,2,0.0002232142857142857
C03892,6,Working Professional,18-25,Healthy,Regular,2,0.0002232142857142857
C03893,10,Working Professional,18-25,Chinese,Regular,2,0.0002232142857142857
C03894,9,Young Professional,26-35,Cafe,Occasional,1,0.00011160714285714285
C03895,1,Student,26-35,Chinese,Regular,2,0.0002232142857142857
C03896,6,Student,36-45,South Indian,Regular,2,0.0002232142857142857
C03897,9,Family,26-35,Pizza,Occasional,1,0.00011160714285714285
C03898,4,Working Professional,26-35,North Indian,Regular,2,0.0002232142857142857
C03899,2,Young Professional,26-35,Pizza,Regular,2,0.0002232142857142857
C03900,4,Young Professional,46-55,Pizza,Regular,2,0.0002232142857142857
C03901,1,Working Professional,26-35,Biryani,Occasional,1,0.00011160714285714285
C03902,3,Working Professional,26-35,Desserts,Occasional,1,0.00011160714285714285
C03903,10,Working Professional,26-35,Chinese,Frequent,4,0.0004464285714285714
C03904,9,Working Professional,18-25,Chinese,Occasional,1,0.00011160714285714285
C03905,10,Family,46-55,Biryani,Regular,2,0.0002232142857142857
C03906,5,Family,18-25,Pizza,Occasional,1,0.00011160714285714285
C03907,6,Working Professional,46-55,Chinese,Regular,2,0.0002232142857142857
C03908,3,Student,18-25,Momos,Occasional,1,0.00011160714285714285
C03909,5,Working Professional,46-55,South Indian,Regular,2,0.0002232142857142857
C03910,8,Student,36-45,South Indian,Occasional,1,0.00011160714285714285
C03911,6,Young Professional,26-35,North Indian,Occasional,1,0.00011160714285714285
C03912,4,Student,36-45,Burgers,Occasional,1,0.00011160714285714285
C03913,2,Young Professional,26-35,Biryani,Occasional,1,0.00011160714285714285
C03914,9,Family,26-35,Pizza,Frequent,4,0.0004464285714285714
C03915,1,Family,18-25,Biryani,Frequent,4,0.0004464285714285714
C03916,1,Working Professional,26-35,Healthy,Occasional,1,0.00011160714285714285
C03917,4,Family,36-45,North Indian,Regular,2,0.0002232142857142857
C03918,7,Family,18-25,South Indian,Occasional,1,0.00011160714285714285
C03919,1,Family,46-55,Biryani,Regular,2,0.0002232142857142857
C03920,9,Working Professional,26-35,Pizza,Regular,2,0.0002232142857142857
C03921,4,Working Professional,26-35,Chinese,Frequent,4,0.0004464285714285714
C03922,3,Family,46-55,Pizza,Occasional,1,0.00011160714285714285
C03923,1,Student,36-45,Pizza,Regular,2,0.0002232142857142857
C03924,10,Working Professional,26-35,North Indian,Occasional,1,0.00011160714285714285
C03925,4,Young Professional,36-45,Pizza,Frequent,4,0.0004464285714285714
C03926,9,Student,46-55,Momos,Occasional,1,0.00011160714285714285
C03927,10,Working Professional,18-25,Momos,Regular,2,0.0002232142857142857
C03928,6,Working Professional,26-35,Momos,Regular,2,0.0002232142857142857
C03929,6,Family,26-35,Chinese,Regular,2,0.0002232142857142857
C03930,1,Student,18-25,Chinese,Occasional,1,0.00011160714285714285
C03931,10,Family,18-25,Cafe,Frequent,4,0.0004464285714285714
C03932,2,Student,26-35,North Indian,Occasional,1,0.00011160714285714285
C03933,6,Student,26-35,Chinese,Regular,2,0.0002232142857142857
C03934,2,Family,46-55,Chinese,Occasional,1,0.00011160714285714285
C03935,3,Working Professional,36-45,Momos,Occasional,1,0.00011160714285714285
C03936,4,Young Professional,26-35,Biryani,Regular,2,0.0002232142857142857
C03937,5,Student,18-25,Chinese,Occasional,1,0.00011160714285714285
C03938,9,Working Professional,18-25,Momos,Occasional,1,0.00011160714285714285
C03939,4,Student,26-35,Momos,Occasional,1,0.00011160714285714285
C03940,9,Working Professional,26-35,Cafe,Occasional,1,0.00011160714285714285
C03941,10,Young Professional,18-25,Cafe,Regular,2,0.0002232142857142857
C03942,3,Young Professional,26-35,Burgers,Frequent,4,0.0004464285714285714
C03943,8,Student,46-55,Momos,Occasional,1,0.00011160714285714285
C03944,1,Working Professional,36-45,Pizza,Occasional,1,0.00011160714285714285
C03945,9,Family,36-45,North Indian,Occasional,1,0.00011160714285714285
C03946,9,Student,36-45,Chinese,Occasional,1,0.00011160714285714285
C03947,10,Student,18-25,Biryani,Regular,2,0.0002232142857142857
C03948,2,Young Professional,18-25,Burgers,Regular,2,0.0002232142857142857
C03949,4,Young Professional,36-45,North Indian,Occasional,1,0.00011160714285714285
C03950,8,Young Professional,36-45,Chinese,Occasional,1,0.00011160714285714285
C03951,7,Family,26-35,Desserts,Occasional,1,0.00011160714285714285
C03952,1,Family,18-25,Burgers,Regular,2,0.0002232142857142857
C03953,5,Working Professional,26-35,South Indian,Frequent,4,0.0004464285714285714
C03954,7,Student,18-25,Burgers,Occasional,1,0.00011160714285714285
C03955,4,Student,18-25,Biryani,Occasional,1,0.00011160714285714285
C03956,1,Family,26-35,Pizza,Frequent,4,0.0004464285714285714
C03957,9,Family,26-35,Healthy,Frequent,4,0.0004464285714285714
C03958,5,Young Professional,18-25,Burgers,Occasional,1,0.00011160714285714285
C03959,2,Young Professional,18-25,Chinese,Occasional,1,0.00011160714285714285
C03960,8,Young Professional,36-45,Momos,Occasional,1,0.00011160714285714285
C03961,2,Young Professional,26-35,Healthy,Regular,2,0.0002232142857142857
C03962,3,Student,26-35,Momos,Occasional,1,0.00011160714285714285
C03963,10,Family,26-35,Pizza,Occasional,1,0.00011160714285714285
C03964,1,Working Professional,56+,Healthy,Regular,2,0.0002232142857142857
C03965,2,Student,18-25,Cafe,Occasional,1,0.00011160714285714285
C03966,7,Young Professional,18-25,North Indian,Regular,2,0.0002232142857142857
C03967,10,Young Professional,26-35,Momos,Occasional,1,0.00011160714285714285
C03968,2,Student,18-25,Pizza,Occasional,1,0.00011160714285714285
C03969,6,Student,26-35,Momos,Regular,2,0.0002232142857142857
C03970,3,Family,26-35,Pizza,Occasional,1,0.00011160714285714285
C03971,4,Family,56+,Biryani,Frequent,4,0.0004464285714285714
C03972,8,Young Professional,46-55,South Indian,Regular,2,0.0002232142857142857
C03973,3,Student,46-55,Burgers,Occasional,1,0.00011160714285714285
C03974,10,Student,18-25,Momos,Regular,2,0.0002232142857142857
C03975,6,Student,46-55,Pizza,Occasional,1,0.00011160714285714285
C03976,1,Student,18-25,Pizza,Frequent,4,0.0004464285714285714
C03977,7,Student,26-35,South Indian,Occasional,1,0.00011160714285714285
C03978,8,Young Professional,36-45,Biryani,Regular,2,0.0002232142857142857
C03979,8,Working Professional,18-25,North Indian,Occasional,1,0.00011160714285714285
C03980,3,Working Professional,26-35,Chinese,Occasional,1,0.00011160714285714285
C03981,10,Student,18-25,Chinese,Regular,2,0.0002232142857142857
C03982,1,Student,18-25,Burgers,Regular,2,0.0002232142857142857
C03983,9,Young Professional,46-55,Momos,Occasional,1,0.00011160714285714285
C03984,6,Family,18-25,Chinese,Occasional,1,0.00011160714285714285
C03985,9,Family,18-25,North Indian,Regular,2,0.0002232142857142857
C03986,7,Working Professional,26-35,Desserts,Frequent,4,0.0004464285714285714
C03987,1,Working Professional,46-55,Biryani,Occasional,1,0.00011160714285714285
C03988,1,Working Professional,18-25,South Indian,Occasional,1,0.00011160714285714285
C03989,6,Working Professional,26-35,North Indian,Occasional,1,0.00011160714285714285
C03990,5,Young Professional,46-55,South Indian,Frequent,4,0.0004464285714285714
C03991,9,Student,18-25,Momos,Occasional,1,0.00011160714285714285
C03992,2,Family,26-35,North Indian,Occasional,1,0.00011160714285714285
C03993,8,Student,36-45,Chinese,Regular,2,0.0002232142857142857
C03994,5,Family,26-35,North Indian,Occasional,1,0.00011160714285714285
C03995,2,Young Professional,46-55,Pizza,Occasional,1,0.00011160714285714285
C03996,10,Family,18-25,Biryani,Occasional,1,0.00011160714285714285
C03997,6,Working Professional,46-55,Biryani,Occasional,1,0.00011160714285714285
C03998,10,Young Professional,46-55,Biryani,Occasional,1,0.00011160714285714285
C03999,8,Family,18-25,Biryani,Regular,2,0.0002232142857142857
C04000,4,Student,18-25,Burgers,Occasional,1,0.00011160714285714285
C04001,2,Student,56+,Momos,Regular,2,0.0002232142857142857
C04002,5,Family,26-35,Pizza,Regular,2,0.0002232142857142857
C04003,2,Family,26-35,Biryani,Regular,2,0.0002232142857142857
C04004,2,Working Professional,26-35,Biryani,Occasional,1,0.00011160714285714285
C04005,6,Working Professional,36-45,North Indian,Occasional,1,0.00011160714285714285
C04006,10,Young Professional,36-45,Biryani,Occasional,1,0.00011160714285714285
C04007,9,Student,18-25,Pizza,Occasional,1,0.00011160714285714285
C04008,4,Working Professional,18-25,North Indian,Occasional,1,0.00011160714285714285
C04009,6,Student,46-55,Biryani,Regular,2,0.0002232142857142857
C04010,7,Young Professional,36-45,Healthy,Occasional,1,0.00011160714285714285
C04011,6,Student,26-35,Cafe,Occasional,1,0.00011160714285714285
C04012,8,Family,56+,Burgers,Occasional,1,0.00011160714285714285
C04013,4,Student,36-45,Chinese,Regular,2,0.0002232142857142857
C04014,1,Family,18-25,Biryani,Occasional,1,0.00011160714285714285
C04015,7,Young Professional,46-55,North Indian,Regular,2,0.0002232142857142857
C04016,3,Working Professional,26-35,North Indian,Occasional,1,0.00011160714285714285
C04017,6,Working Professional,18-25,South Indian,Frequent,4,0.0004464285714285714
C04018,2,Working Professional,26-35,North Indian,Frequent,4,0.0004464285714285714
C04019,9,Working Professional,36-45,Biryani,Occasional,1,0.00011160714285714285
C04020,1,Young Professional,56+,North Indian,Occasional,1,0.00011160714285714285
C04021,6,Student,18-25,South Indian,Occasional,1,0.00011160714285714285
C04022,6,Family,18-25,Biryani,Occasional,1,0.00011160714285714285
C04023,5,Student,26-35,Healthy,Regular,2,0.0002232142857142857
C04024,5,Student,36-45,South Indian,Regular,2,0.0002232142857142857
C04025,1,Working Professional,36-45,North Indian,Regular,2,0.0002232142857142857
C04026,10,Working Professional,26-35,Pizza,Regular,2,0.0002232142857142857
C04027,5,Working Professional,26-35,Healthy,Occasional,1,0.00011160714285714285
C04028,2,Family,18-25,North Indian,Occasional,1,0.00011160714285714285
C04029,7,Student,26-35,Pizza,Regular,2,0.0002232142857142857
C04030,3,Student,18-25,Cafe,Occasional,1,0.00011160714285714285
C04031,4,Family,46-55,Biryani,Regular,2,0.0002232142857142857
C04032,3,Young Professional,18-25,Desserts,Occasional,1,0.00011160714285714285
C04033,3,Student,36-45,Biryani,Occasional,1,0.00011160714285714285
C04034,4,Family,18-25,North Indian,Frequent,4,0.0004464285714285714
C04035,5,Working Professional,26-35,Healthy,Occasional,1,0.00011160714285714285
C04036,1,Family,18-25,Pizza,Frequent,4,0.0004464285714285714
C04037,4,Young Professional,26-35,Cafe,Frequent,4,0.0004464285714285714
C04038,8,Young Professional,18-25,Pizza,Regular,2,0.0002232142857142857
C04039,10,Family,36-45,South Indian,Regular,2,0.0002232142857142857
C04040,7,Student,26-35,Momos,Regular,2,0.0002232142857142857
C04041,9,Young Professional,36-45,Pizza,Frequent,4,0.0004464285714285714
C04042,5,Working Professional,26-35,Biryani,Occasional,1,0.00011160714285714285
C04043,10,Student,26-35,Biryani,Occasional,1,0.00011160714285714285
C04044,4,Working Professional,26-35,Biryani,Regular,2,0.0002232142857142857
C04045,8,Young Professional,56+,Cafe,Occasional,1,0.00011160714285714285
C04046,9,Young Professional,26-35,Burgers,Occasional,1,0.00011160714285714285
C04047,7,Student,18-25,Pizza,Occasional,1,0.00011160714285714285
C04048,7,Family,46-55,North Indian,Regular,2,0.0002232142857142857
C04049,5,Young Professional,18-25,Burgers,Frequent,4,0.0004464285714285714
C04050,4,Student,46-55,Desserts,Occasional,1,0.00011160714285714285
C04051,10,Working Professional,18-25,Pizza,Frequent,4,0.0004464285714285714
C04052,1,Family,36-45,Biryani,Regular,2,0.0002232142857142857
C04053,10,Working Professional,18-25,Cafe,Regular,2,0.0002232142857142857
C04054,10,Student,46-55,Biryani,Regular,2,0.0002232142857142857
C04055,7,Family,26-35,North Indian,Regular,2,0.0002232142857142857
C04056,1,Young Professional,26-35,Burgers,Occasional,1,0.00011160714285714285
C04057,1,Family,18-25,Desserts,Regular,2,0.0002232142857142857
C04058,5,Family,26-35,South Indian,Occasional,1,0.00011160714285714285
C04059,9,Working Professional,36-45,North Indian,Frequent,4,0.0004464285714285714
C04060,6,Student,26-35,Chinese,Frequent,4,0.0004464285714285714
C04061,3,Family,18-25,North Indian,Occasional,1,0.00011160714285714285
C04062,3,Working Professional,26-35,Chinese,Occasional,1,0.00011160714285714285
C04063,7,Young Professional,26-35,Healthy,Regular,2,0.0002232142857142857
C04064,6,Student,18-25,Pizza,Occasional,1,0.00011160714285714285
C04065,9,Working Professional,18-25,Biryani,Frequent,4,0.0004464285714285714
C04066,6,Working Professional,36-45,North Indian,Occasional,1,0.00011160714285714285
C04067,5,Young Professional,56+,Burgers,Occasional,1,0.00011160714285714285
C04068,10,Student,18-25,Desserts,Frequent,4,0.0004464285714285714
C04069,7,Student,36-45,Momos,Regular,2,0.0002232142857142857
C04070,1,Student,18-25,Chinese,Regular,2,0.0002232142857142857
C04071,7,Young Professional,26-35,North Indian,Occasional,1,0.00011160714285714285
C04072,3,Student,26-35,Biryani,Regular,2,0.0002232142857142857
C04073,9,Student,18-25,Momos,Regular,2,0.0002232142857142857
C04074,6,Student,26-35,Momos,Regular,2,0.0002232142857142857
C04075,9,Family,46-55,Biryani,Regular,2,0.0002232142857142857
C04076,5,Student,46-55,Chinese,Regular,2,0.0002232142857142857
C04077,7,Working Professional,18-25,Pizza,Occasional,1,0.00011160714285714285
C04078,4,Student,18-25,Cafe,Occasional,1,0.00011160714285714285
C04079,7,Working Professional,56+,Healthy,Regular,2,0.0002232142857142857
C04080,1,Family,18-25,Momos,Occasional,1,0.00011160714285714285
C04081,7,Working Professional,36-45,Biryani,Regular,2,0.0002232142857142857
C04082,8,Young Professional,18-25,Healthy,Occasional,1,0.00011160714285714285
C04083,5,Young Professional,26-35,Burgers,Regular,2,0.0002232142857142857
C04084,2,Working Professional,18-25,Biryani,Regular,2,0.0002232142857142857
C04085,5,Family,46-55,Biryani,Occasional,1,0.00011160714285714285
C04086,6,Family,46-55,Pizza,Occasional,1,0.00011160714285714285
C04087,2,Young Professional,18-25,Burgers,Occasional,1,0.00011160714285714285
C04088,6,Working Professional,36-45,Desserts,Regular,2,0.0002232142857142857
C04089,6,Working Professional,26-35,South Indian,Regular,2,0.0002232142857142857
C04090,1,Working Professional,18-25,South Indian,Occasional,1,0.00011160714285714285
C04091,1,Young Professional,36-45,Momos,Regular,2,0.0002232142857142857
C04092,10,Student,26-35,Momos,Occasional,1,0.00011160714285714285
C04093,3,Student,18-25,Burgers,Occasional,1,0.00011160714285714285
C04094,10,Working Professional,18-25,Chinese,Frequent,4,0.0004464285714285714
C04095,10,Student,56+,Pizza,Occasional,1,0.00011160714285714285
C04096,3,Working Professional,46-55,Healthy,Occasional,1,0.00011160714285714285
C04097,4,Student,36-45,North Indian,Occasional,1,0.00011160714285714285
C04098,2,Working Professional,18-25,Biryani,Occasional,1,0.00011160714285714285
C04099,9,Young Professional,36-45,Biryani,Occasional,1,0.00011160714285714285
C04100,10,Working Professional,18-25,North Indian,Occasional,1,0.00011160714285714285
C04101,7,Family,56+,Biryani,Regular,2,0.0002232142857142857
C04102,7,Student,18-25,Desserts,Occasional,1,0.00011160714285714285
C04103,6,Student,26-35,Burgers,Regular,2,0.0002232142857142857
C04104,3,Young Professional,26-35,Chinese,Occasional,1,0.00011160714285714285
C04105,6,Family,36-45,Pizza,Occasional,1,0.00011160714285714285
C04106,8,Working Professional,36-45,Chinese,Regular,2,0.0002232142857142857
C04107,8,Young Professional,26-35,Pizza,Frequent,4,0.0004464285714285714
C04108,9,Young Professional,26-35,Chinese,Occasional,1,0.00011160714285714285
C04109,1,Young Professional,46-55,Pizza,Frequent,4,0.0004464285714285714
C04110,1,Working Professional,18-25,Healthy,Regular,2,0.0002232142857142857
C04111,3,Student,36-45,North Indian,Regular,2,0.0002232142857142857
C04112,3,Family,46-55,Healthy,Regular,2,0.0002232142857142857
C04113,10,Family,18-25,Burgers,Occasional,1,0.00011160714285714285
C04114,8,Student,18-25,Momos,Occasional,1,0.00011160714285714285
C04115,10,Family,26-35,South Indian,Regular,2,0.0002232142857142857
C04116,1,Student,18-25,Pizza,Occasional,1,0.00011160714285714285
C04117,2,Working Professional,26-35,Biryani,Frequent,4,0.0004464285714285714
C04118,2,Working Professional,36-45,South Indian,Occasional,1,0.00011160714285714285
C04119,3,Family,26-35,Biryani,Occasional,1,0.00011160714285714285
C04120,6,Working Professional,18-25,North Indian,Regular,2,0.0002232142857142857
C04121,1,Young Professional,36-45,Chinese,Occasional,1,0.00011160714285714285
C04122,2,Working Professional,36-45,Biryani,Regular,2,0.0002232142857142857
C04123,1,Family,46-55,Pizza,Regular,2,0.0002232142857142857
C04124,5,Young Professional,18-25,Chinese,Frequent,4,0.0004464285714285714
C04125,7,Family,36-45,Biryani,Regular,2,0.0002232142857142857
C04126,8,Young Professional,46-55,Biryani,Regular,2,0.0002232142857142857
C04127,10,Student,26-35,Biryani,Regular,2,0.0002232142857142857
C04128,1,Working Professional,26-35,North Indian,Frequent,4,0.0004464285714285714
C04129,7,Student,18-25,Chinese,Occasional,1,0.00011160714285714285
C04130,5,Student,46-55,Burgers,Occasional,1,0.00011160714285714285
C04131,10,Young Professional,26-35,Desserts,Occasional,1,0.00011160714285714285
C04132,1,Student,46-55,Momos,Occasional,1,0.00011160714285714285
C04133,3,Working Professional,46-55,Chinese,Regular,2,0.0002232142857142857
C04134,7,Working Professional,26-35,North Indian,Regular,2,0.0002232142857142857
C04135,10,Working Professional,26-35,Biryani,Regular,2,0.0002232142857142857
C04136,1,Working Professional,18-25,Chinese,Occasional,1,0.00011160714285714285
C04137,7,Family,18-25,Burgers,Regular,2,0.0002232142857142857
C04138,5,Student,36-45,Cafe,Occasional,1,0.00011160714285714285
C04139,1,Working Professional,36-45,Chinese,Regular,2,0.0002232142857142857
C04140,1,Family,26-35,Chinese,Regular,2,0.0002232142857142857
C04141,1,Family,36-45,Biryani,Occasional,1,0.00011160714285714285
C04142,9,Working Professional,18-25,Healthy,Occasional,1,0.00011160714285714285
C04143,3,Young Professional,26-35,Biryani,Occasional,1,0.00011160714285714285
C04144,5,Working Professional,26-35,Biryani,Regular,2,0.0002232142857142857
C04145,10,Working Professional,26-35,Chinese,Frequent,4,0.0004464285714285714
C04146,9,Student,56+,Chinese,Regular,2,0.0002232142857142857
C04147,6,Working Professional,36-45,Chinese,Occasional,1,0.00011160714285714285
C04148,9,Family,26-35,North Indian,Occasional,1,0.00011160714285714285
C04149,8,Student,26-35,Biryani,Regular,2,0.0002232142857142857
C04150,8,Working Professional,18-25,Biryani,Regular,2,0.0002232142857142857
C04151,1,Family,26-35,Pizza,Occasional,1,0.00011160714285714285
C04152,9,Working Professional,36-45,South Indian,Occasional,1,0.00011160714285714285
C04153,6,Student,46-55,Momos,Regular,2,0.0002232142857142857
C04154,9,Family,36-45,Burgers,Occasional,1,0.00011160714285714285
C04155,3,Student,26-35,Chinese,Occasional,1,0.00011160714285714285
C04156,3,Young Professional,26-35,Healthy,Occasional,1,0.00011160714285714285
C04157,6,Student,18-25,Healthy,Regular,2,0.0002232142857142857
C04158,9,Family,18-25,Pizza,Frequent,4,0.0004464285714285714
C04159,7,Working Professional,26-35,Healthy,Frequent,4,0.0004464285714285714
C04160,3,Young Professional,26-35,Momos,Regular,2,0.0002232142857142857
C04161,3,Student,18-25,Pizza,Regular,2,0.0002232142857142857
C04162,2,Family,26-35,North Indian,Occasional,1,0.00011160714285714285
C04163,9,Working Professional,36-45,Biryani,Regular,2,0.0002232142857142857
C04164,3,Working Professional,18-25,Momos,Occasional,1,0.00011160714285714285
C04165,5,Working Professional,36-45,South Indian,Regular,2,0.0002232142857142857
C04166,9,Family,18-25,North Indian,Occasional,1,0.00011160714285714285
C04167,8,Young Professional,26-35,Biryani,Occasional,1,0.00011160714285714285
C04168,2,Student,36-45,North Indian,Occasional,1,0.00011160714285714285
C04169,3,Student,26-35,Chinese,Occasional,1,0.00011160714285714285
C04170,2,Young Professional,46-55,Burgers,Occasional,1,0.00011160714285714285
C04171,8,Student,18-25,Momos,Occasional,1,0.00011160714285714285
C04172,6,Young Professional,26-35,Chinese,Frequent,4,0.0004464285714285714
C04173,6,Family,26-35,Biryani,Occasional,1,0.00011160714285714285
C04174,9,Family,36-45,Cafe,Regular,2,0.0002232142857142857
C04175,8,Student,46-55,Burgers,Frequent,4,0.0004464285714285714
C04176,4,Student,36-45,Burgers,Frequent,4,0.0004464285714285714
C04177,4,Family,36-45,Burgers,Regular,2,0.0002232142857142857
C04178,9,Young Professional,18-25,North Indian,Regular,2,0.0002232142857142857
C04179,1,Young Professional,26-35,Healthy,Occasional,1,0.00011160714285714285
C04180,2,Student,26-35,Momos,Occasional,1,0.00011160714285714285
C04181,2,Student,26-35,Pizza,Occasional,1,0.00011160714285714285
C04182,6,Student,56+,Chinese,Regular,2,0.0002232142857142857
C04183,4,Young Professional,18-25,Burgers,Regular,2,0.0002232142857142857
C04184,10,Student,26-35,Momos,Occasional,1,0.00011160714285714285
C04185,3,Student,26-35,Chinese,Occasional,1,0.00011160714285714285
C04186,3,Student,46-55,Biryani,Regular,2,0.0002232142857142857
C04187,3,Working Professional,46-55,Burgers,Occasional,1,0.00011160714285714285
C04188,6,Young Professional,26-35,Pizza,Regular,2,0.0002232142857142857
C04189,8,Working Professional,18-25,Pizza,Regular,2,0.0002232142857142857
C04190,7,Student,26-35,Pizza,Regular,2,0.0002232142857142857
C04191,4,Working Professional,26-35,Biryani,Regular,2,0.0002232142857142857
C04192,4,Working Professional,56+,Biryani,Frequent,4,0.0004464285714285714
C04193,10,Student,26-35,Burgers,Occasional,1,0.00011160714285714285
C04194,2,Student,26-35,Burgers,Regular,2,0.0002232142857142857
C04195,1,Family,26-35,Momos,Regular,2,0.0002232142857142857
C04196,9,Student,26-35,Momos,Occasional,1,0.00011160714285714285
C04197,2,Student,36-45,South Indian,Occasional,1,0.00011160714285714285
C04198,8,Working Professional,18-25,Pizza,Occasional,1,0.00011160714285714285
C04199,9,Family,26-35,South Indian,Occasional,1,0.00011160714285714285
C04200,4,Working Professional,56+,Burgers,Regular,2,0.0002232142857142857
C04201,8,Family,18-25,Pizza,Regular,2,0.0002232142857142857
C04202,9,Working Professional,36-45,Healthy,Occasional,1,0.00011160714285714285
C04203,10,Family,26-35,Pizza,Occasional,1,0.00011160714285714285
C04204,10,Student,26-35,South Indian,Frequent,4,0.0004464285714285714
C04205,5,Young Professional,18-25,Momos,Occasional,1,0.00011160714285714285
C04206,7,Student,26-35,Pizza,Occasional,1,0.00011160714285714285
C04207,10,Working Professional,26-35,South Indian,Regular,2,0.0002232142857142857
C04208,4,Family,18-25,Pizza,Regular,2,0.0002232142857142857
C04209,1,Working Professional,26-35,Biryani,Occasional,1,0.00011160714285714285
C04210,3,Young Professional,18-25,Chinese,Occasional,1,0.00011160714285714285
C04211,5,Working Professional,36-45,Chinese,Occasional,1,0.00011160714285714285
C04212,3,Young Professional,46-55,Pizza,Regular,2,0.0002232142857142857
C04213,7,Young Professional,18-25,Momos,Regular,2,0.0002232142857142857
C04214,9,Young Professional,18-25,Cafe,Occasional,1,0.00011160714285714285
C04215,6,Young Professional,46-55,Biryani,Regular,2,0.0002232142857142857
C04216,10,Young Professional,26-35,Healthy,Regular,2,0.0002232142857142857
C04217,1,Family,18-25,Chinese,Occasional,1,0.00011160714285714285
C04218,7,Working Professional,26-35,Momos,Occasional,1,0.00011160714285714285
C04219,3,Student,18-25,Momos,Regular,2,0.0002232142857142857
C04220,5,Family,18-25,Biryani,Occasional,1,0.00011160714285714285
C04221,10,Young Professional,46-55,Cafe,Occasional,1,0.00011160714285714285
C04222,4,Family,36-45,Chinese,Regular,2,0.0002232142857142857
C04223,10,Young Professional,36-45,Cafe,Frequent,4,0.0004464285714285714
C04224,5,Young Professional,18-25,Chinese,Regular,2,0.0002232142857142857
C04225,5,Student,18-25,Biryani,Regular,2,0.0002232142857142857
C04226,6,Student,46-55,Biryani,Regular,2,0.0002232142857142857
C04227,10,Working Professional,18-25,Cafe,Occasional,1,0.00011160714285714285
C04228,10,Student,26-35,Healthy,Regular,2,0.0002232142857142857
C04229,6,Working Professional,18-25,Burgers,Occasional,1,0.00011160714285714285
C04230,8,Young Professional,26-35,Chinese,Occasional,1,0.00011160714285714285
C04231,8,Family,18-25,North Indian,Regular,2,0.0002232142857142857
C04232,9,Working Professional,26-35,Cafe,Regular,2,0.0002232142857142857
C04233,8,Student,46-55,Healthy,Occasional,1,0.00011160714285714285
C04234,2,Working Professional,26-35,Chinese,Frequent,4,0.0004464285714285714
C04235,10,Working Professional,18-25,Healthy,Occasional,1,0.00011160714285714285
C04236,1,Working Professional,36-45,Momos,Occasional,1,0.00011160714285714285
C04237,10,Student,18-25,Cafe,Occasional,1,0.00011160714285714285
C04238,2,Working Professional,26-35,Healthy,Regular,2,0.0002232142857142857
C04239,2,Student,26-35,Momos,Regular,2,0.0002232142857142857
C04240,3,Young Professional,18-25,Momos,Occasional,1,0.00011160714285714285
C04241,10,Student,26-35,North Indian,Regular,2,0.0002232142857142857
C04242,7,Student,36-45,Biryani,Occasional,1,0.00011160714285714285
C04243,2,Student,46-55,Cafe,Regular,2,0.0002232142857142857
C04244,1,Working Professional,26-35,Biryani,Occasional,1,0.00011160714285714285
C04245,6,Family,18-25,Biryani,Occasional,1,0.00011160714285714285
C04246,9,Family,26-35,Desserts,Frequent,4,0.0004464285714285714
C04247,3,Working Professional,26-35,Chinese,Occasional,1,0.00011160714285714285
C04248,6,Family,26-35,Cafe,Occasional,1,0.00011160714285714285
C04249,3,Working Professional,26-35,Chinese,Regular,2,0.0002232142857142857
C04250,1,Family,26-35,Pizza,Frequent,4,0.0004464285714285714
C04251,5,Student,18-25,Burgers,Occasional,1,0.00011160714285714285
C04252,10,Working Professional,18-25,North Indian,Occasional,1,0.00011160714285714285
C04253,4,Family,26-35,North Indian,Occasional,1,0.00011160714285714285
C04254,7,Young Professional,26-35,Burgers,Regular,2,0.0002232142857142857
C04255,6,Family,56+,Cafe,Occasional,1,0.00011160714285714285
C04256,10,Student,26-35,Chinese,Regular,2,0.0002232142857142857
C04257,7,Student,46-55,Burgers,Frequent,4,0.0004464285714285714
C04258,5,Young Professional,46-55,Pizza,Occasional,1,0.00011160714285714285
C04259,4,Student,46-55,Momos,Occasional,1,0.00011160714285714285
C04260,7,Student,18-25,Chinese,Occasional,1,0.00011160714285714285
C04261,7,Student,46-55,Cafe,Occasional,1,0.00011160714285714285
C04262,6,Working Professional,18-25,Pizza,Frequent,4,0.0004464285714285714
C04263,8,Student,18-25,Momos,Occasional,1,0.00011160714285714285
C04264,4,Working Professional,26-35,North Indian,Occasional,1,0.00011160714285714285
C04265,10,Working Professional,18-25,Chinese,Regular,2,0.0002232142857142857
C04266,5,Young Professional,18-25,Pizza,Occasional,1,0.00011160714285714285
C04267,4,Student,18-25,Momos,Regular,2,0.0002232142857142857
C04268,1,Working Professional,18-25,Cafe,Occasional,1,0.00011160714285714285
C04269,8,Working Professional,36-45,Chinese,Regular,2,0.0002232142857142857
C04270,1,Family,18-25,Chinese,Frequent,4,0.0004464285714285714
C04271,5,Working Professional,26-35,South Indian,Regular,2,0.0002232142857142857
C04272,6,Young Professional,56+,Burgers,Frequent,4,0.0004464285714285714
C04273,6,Student,26-35,Momos,Occasional,1,0.00011160714285714285
C04274,5,Young Professional,26-35,Burgers,Occasional,1,0.00011160714285714285
C04275,3,Working Professional,56+,Biryani,Regular,2,0.0002232142857142857
C04276,5,Student,18-25,Burgers,Regular,2,0.0002232142857142857
C04277,8,Young Professional,26-35,Biryani,Occasional,1,0.00011160714285714285
C04278,2,Family,46-55,Biryani,Occasional,1,0.00011160714285714285
C04279,6,Student,46-55,Healthy,Occasional,1,0.00011160714285714285
C04280,9,Student,26-35,Momos,Occasional,1,0.00011160714285714285
C04281,8,Student,18-25,Momos,Occasional,1,0.00011160714285714285
C04282,8,Family,46-55,Pizza,Regular,2,0.0002232142857142857
C04283,8,Student,18-25,South Indian,Occasional,1,0.00011160714285714285
C04284,7,Student,26-35,South Indian,Occasional,1,0.00011160714285714285
C04285,8,Student,26-35,Momos,Regular,2,0.0002232142857142857
C04286,6,Family,26-35,Biryani,Regular,2,0.0002232142857142857
C04287,2,Young Professional,36-45,Burgers,Frequent,4,0.0004464285714285714
C04288,2,Family,36-45,Pizza,Regular,2,0.0002232142857142857
C04289,8,Student,36-45,Pizza,Occasional,1,0.00011160714285714285
C04290,1,Young Professional,18-25,Pizza,Regular,2,0.0002232142857142857
C04291,6,Family,26-35,Desserts,Regular,2,0.0002232142857142857
C04292,6,Young Professional,36-45,Cafe,Occasional,1,0.00011160714285714285
C04293,4,Working Professional,26-35,Desserts,Regular,2,0.0002232142857142857
C04294,10,Working Professional,46-55,Biryani,Frequent,4,0.0004464285714285714
C04295,3,Family,36-45,North Indian,Occasional,1,0.00011160714285714285
C04296,3,Student,26-35,Biryani,Occasional,1,0.00011160714285714285
C04297,1,Working Professional,18-25,North Indian,Occasional,1,0.00011160714285714285
C04298,3,Young Professional,36-45,Healthy,Occasional,1,0.00011160714285714285
C04299,4,Young Professional,46-55,Pizza,Occasional,1,0.00011160714285714285
C04300,5,Young Professional,26-35,Biryani,Regular,2,0.0002232142857142857
C04301,3,Family,46-55,North Indian,Occasional,1,0.00011160714285714285
C04302,6,Student,26-35,Pizza,Frequent,4,0.0004464285714285714
C04303,5,Student,26-35,Burgers,Regular,2,0.0002232142857142857
C04304,3,Working Professional,26-35,South Indian,Regular,2,0.0002232142857142857
C04305,6,Working Professional,36-45,Cafe,Regular,2,0.0002232142857142857
C04306,6,Student,46-55,Healthy,Occasional,1,0.00011160714285714285
C04307,8,Student,18-25,Momos,Occasional,1,0.00011160714285714285
C04308,2,Working Professional,18-25,Biryani,Regular,2,0.0002232142857142857
C04309,1,Family,36-45,North Indian,Regular,2,0.0002232142857142857
C04310,4,Young Professional,18-25,Cafe,Regular,2,0.0002232142857142857
C04311,7,Family,26-35,Biryani,Occasional,1,0.00011160714285714285
C04312,10,Family,18-25,North Indian,Frequent,4,0.0004464285714285714
C04313,3,Family,18-25,North Indian,Occasional,1,0.00011160714285714285
C04314,3,Young Professional,36-45,Momos,Frequent,4,0.0004464285714285714
C04315,5,Family,36-45,North Indian,Frequent,4,0.0004464285714285714
C04316,5,Young Professional,18-25,Pizza,Occasional,1,0.00011160714285714285
C04317,10,Young Professional,18-25,Desserts,Regular,2,0.0002232142857142857
C04318,3,Young Professional,18-25,Biryani,Occasional,1,0.00011160714285714285
C04319,9,Working Professional,26-35,Burgers,Occasional,1,0.00011160714285714285
C04320,4,Student,18-25,Chinese,Regular,2,0.0002232142857142857
C04321,3,Student,26-35,Burgers,Regular,2,0.0002232142857142857
C04322,2,Student,36-45,Burgers,Frequent,4,0.0004464285714285714
C04323,10,Student,36-45,South Indian,Regular,2,0.0002232142857142857
C04324,9,Student,18-25,Biryani,Occasional,1,0.00011160714285714285
C04325,4,Working Professional,36-45,Chinese,Regular,2,0.0002232142857142857
C04326,3,Working Professional,46-55,Desserts,Frequent,4,0.0004464285714285714
C04327,7,Family,26-35,North Indian,Occasional,1,0.00011160714285714285
C04328,8,Student,26-35,Momos,Frequent,4,0.0004464285714285714
C04329,2,Family,26-35,Biryani,Occasional,1,0.00011160714285714285
C04330,7,Family,18-25,North Indian,Regular,2,0.0002232142857142857
C04331,5,Working Professional,36-45,Chinese,Occasional,1,0.00011160714285714285
C04332,5,Young Professional,46-55,North Indian,Occasional,1,0.00011160714285714285
C04333,3,Student,26-35,Burgers,Occasional,1,0.00011160714285714285
C04334,5,Student,36-45,Burgers,Regular,2,0.0002232142857142857
C04335,2,Working Professional,36-45,Chinese,Occasional,1,0.00011160714285714285
C04336,4,Student,18-25,North Indian,Occasional,1,0.00011160714285714285
C04337,6,Working Professional,18-25,Chinese,Regular,2,0.0002232142857142857
C04338,1,Working Professional,46-55,Biryani,Frequent,4,0.0004464285714285714
C04339,10,Student,46-55,Biryani,Occasional,1,0.00011160714285714285
C04340,4,Student,36-45,Biryani,Occasional,1,0.00011160714285714285
C04341,6,Working Professional,46-55,Healthy,Occasional,1,0.00011160714285714285
C04342,9,Family,26-35,Chinese,Occasional,1,0.00011160714285714285
C04343,2,Working Professional,18-25,Chinese,Regular,2,0.0002232142857142857
C04344,7,Student,26-35,Pizza,Regular,2,0.0002232142857142857
C04345,6,Student,18-25,Pizza,Regular,2,0.0002232142857142857
C04346,2,Student,36-45,Biryani,Occasional,1,0.00011160714285714285
C04347,8,Student,56+,Chinese,Regular,2,0.0002232142857142857
C04348,7,Young Professional,36-45,Chinese,Regular,2,0.0002232142857142857
C04349,5,Student,26-35,Cafe,Regular,2,0.0002232142857142857
C04350,5,Family,18-25,Pizza,Regular,2,0.0002232142857142857
C04351,7,Young Professional,18-25,Biryani,Regular,2,0.0002232142857142857
C04352,9,Student,26-35,Pizza,Regular,2,0.0002232142857142857
C04353,9,Working Professional,36-45,North Indian,Occasional,1,0.00011160714285714285
C04354,9,Young Professional,26-35,Momos,Frequent,4,0.0004464285714285714
C04355,6,Young Professional,46-55,Burgers,Regular,2,0.0002232142857142857
C04356,10,Working Professional,46-55,Biryani,Regular,2,0.0002232142857142857
C04357,6,Family,18-25,North Indian,Occasional,1,0.00011160714285714285
C04358,3,Young Professional,18-25,Burgers,Regular,2,0.0002232142857142857
C04359,1,Working Professional,36-45,Biryani,Regular,2,0.0002232142857142857
C04360,7,Young Professional,18-25,Biryani,Occasional,1,0.00011160714285714285
C04361,4,Working Professional,36-45,South Indian,Occasional,1,0.00011160714285714285
C04362,1,Working Professional,26-35,Healthy,Regular,2,0.0002232142857142857
C04363,8,Young Professional,18-25,Pizza,Regular,2,0.0002232142857142857
C04364,6,Young Professional,26-35,Biryani,Regular,2,0.0002232142857142857
C04365,6,Working Professional,26-35,Cafe,Occasional,1,0.00011160714285714285
C04366,2,Student,46-55,Pizza,Regular,2,0.0002232142857142857
C04367,1,Family,18-25,Pizza,Occasional,1,0.00011160714285714285
C04368,2,Family,46-55,Burgers,Occasional,1,0.00011160714285714285
C04369,4,Family,36-45,Momos,Occasional,1,0.00011160714285714285
C04370,2,Young Professional,36-45,Pizza,Occasional,1,0.00011160714285714285
C04371,1,Young Professional,18-25,Chinese,Occasional,1,0.00011160714285714285
C04372,7,Working Professional,26-35,Desserts,Occasional,1,0.00011160714285714285
C04373,8,Student,26-35,Healthy,Occasional,1,0.00011160714285714285
C04374,6,Working Professional,26-35,Healthy,Occasional,1,0.00011160714285714285
C04375,4,Family,36-45,North Indian,Regular,2,0.0002232142857142857
C04376,6,Family,26-35,South Indian,Occasional,1,0.00011160714285714285
C04377,3,Working Professional,46-55,Burgers,Occasional,1,0.00011160714285714285
C04378,8,Working Professional,18-25,Biryani,Regular,2,0.0002232142857142857
C04379,10,Student,36-45,Cafe,Occasional,1,0.00011160714285714285
C04380,2,Student,18-25,Cafe,Regular,2,0.0002232142857142857
C04381,5,Working Professional,36-45,North Indian,Occasional,1,0.00011160714285714285
C04382,1,Student,46-55,North Indian,Occasional,1,0.00011160714285714285
C04383,6,Working Professional,26-35,Chinese,Regular,2,0.0002232142857142857
C04384,2,Working Professional,26-35,Chinese,Regular,2,0.0002232142857142857
C04385,4,Working Professional,36-45,South Indian,Frequent,4,0.0004464285714285714
C04386,6,Student,18-25,Momos,Regular,2,0.0002232142857142857
C04387,10,Young Professional,26-35,Biryani,Frequent,4,0.0004464285714285714
C04388,8,Working Professional,26-35,Healthy,Occasional,1,0.00011160714285714285
C04389,8,Family,46-55,Biryani,Occasional,1,0.00011160714285714285
C04390,6,Family,46-55,North Indian,Occasional,1,0.00011160714285714285
C04391,4,Student,36-45,Burgers,Occasional,1,0.00011160714285714285
C04392,8,Working Professional,36-45,Biryani,Regular,2,0.0002232142857142857
C04393,8,Young Professional,36-45,Pizza,Regular,2,0.0002232142857142857
C04394,10,Family,26-35,Biryani,Occasional,1,0.00011160714285714285
C04395,1,Young Professional,26-35,South Indian,Frequent,4,0.0004464285714285714
C04396,4,Family,26-35,Biryani,Regular,2,0.0002232142857142857
C04397,4,Student,46-55,Biryani,Occasional,1,0.00011160714285714285
C04398,7,Student,36-45,Chinese,Occasional,1,0.00011160714285714285
C04399,7,Working Professional,26-35,Pizza,Occasional,1,0.00011160714285714285
C04400,8,Working Professional,36-45,Chinese,Occasional,1,0.00011160714285714285
C04401,5,Student,26-35,Cafe,Occasional,1,0.00011160714285714285
C04402,7,Young Professional,36-45,North Indian,Regular,2,0.0002232142857142857
C04403,8,Working Professional,26-35,North Indian,Occasional,1,0.00011160714285714285
C04404,9,Working Professional,18-25,Healthy,Occasional,1,0.00011160714285714285
C04405,3,Young Professional,26-35,Biryani,Frequent,4,0.0004464285714285714
C04406,3,Young Professional,36-45,Momos,Regular,2,0.0002232142857142857
C04407,4,Working Professional,26-35,Momos,Frequent,4,0.0004464285714285714
C04408,5,Young Professional,26-35,North Indian,Occasional,1,0.00011160714285714285
C04409,10,Young Professional,36-45,Chinese,Occasional,1,0.00011160714285714285
C04410,1,Working Professional,36-45,South Indian,Regular,2,0.0002232142857142857
C04411,7,Student,46-55,Pizza,Occasional,1,0.00011160714285714285
C04412,9,Student,26-35,Pizza,Occasional,1,0.00011160714285714285
C04413,8,Working Professional,56+,Healthy,Regular,2,0.0002232142857142857
C04414,5,Working Professional,26-35,Biryani,Regular,2,0.0002232142857142857
C04415,4,Young Professional,36-45,North Indian,Occasional,1,0.00011160714285714285
C04416,7,Family,36-45,Pizza,Occasional,1,0.00011160714285714285
C04417,5,Family,18-25,Chinese,Occasional,1,0.00011160714285714285
C04418,7,Young Professional,18-25,Chinese,Occasional,1,0.00011160714285714285
C04419,1,Young Professional,36-45,Burgers,Occasional,1,0.00011160714285714285
C04420,1,Working Professional,26-35,North Indian,Occasional,1,0.00011160714285714285
C04421,10,Student,36-45,Healthy,Occasional,1,0.00011160714285714285
C04422,3,Family,26-35,South Indian,Frequent,4,0.0004464285714285714
C04423,2,Working Professional,26-35,Chinese,Regular,2,0.0002232142857142857
C04424,2,Working Professional,18-25,Cafe,Regular,2,0.0002232142857142857
C04425,7,Family,36-45,North Indian,Occasional,1,0.00011160714285714285
C04426,10,Young Professional,18-25,Cafe,Occasional,1,0.00011160714285714285
C04427,2,Working Professional,36-45,Biryani,Occasional,1,0.00011160714285714285
C04428,4,Family,26-35,Biryani,Occasional,1,0.00011160714285714285
C04429,2,Student,36-45,Chinese,Occasional,1,0.00011160714285714285
C04430,6,Family,18-25,Biryani,Regular,2,0.0002232142857142857
C04431,8,Student,18-25,Pizza,Regular,2,0.0002232142857142857
C04432,10,Young Professional,36-45,Biryani,Regular,2,0.0002232142857142857
C04433,4,Student,26-35,Biryani,Occasional,1,0.00011160714285714285
C04434,5,Family,18-25,Biryani,Frequent,4,0.0004464285714285714
C04435,4,Student,46-55,Chinese,Occasional,1,0.00011160714285714285
C04436,3,Student,18-25,Momos,Occasional,1,0.00011160714285714285
C04437,5,Working Professional,26-35,Biryani,Occasional,1,0.00011160714285714285
C04438,9,Working Professional,18-25,Momos,Regular,2,0.0002232142857142857
C04439,8,Student,26-35,South Indian,Frequent,4,0.0004464285714285714
C04440,8,Working Professional,26-35,Cafe,Occasional,1,0.00011160714285714285
C04441,8,Family,18-25,Burgers,Frequent,4,0.0004464285714285714
C04442,8,Family,36-45,South Indian,Regular,2,0.0002232142857142857
C04443,7,Student,26-35,Biryani,Occasional,1,0.00011160714285714285
C04444,8,Family,36-45,Healthy,Occasional,1,0.00011160714285714285
C04445,8,Student,18-25,Cafe,Occasional,1,0.00011160714285714285
C04446,8,Working Professional,26-35,Healthy,Frequent,4,0.0004464285714285714
C04447,10,Student,18-25,Biryani,Occasional,1,0.00011160714285714285
C04448,7,Working Professional,36-45,North Indian,Regular,2,0.0002232142857142857
C04449,1,Student,26-35,Chinese,Occasional,1,0.00011160714285714285
C04450,4,Young Professional,36-45,Pizza,Regular,2,0.0002232142857142857
C04451,4,Working Professional,26-35,North Indian,Occasional,1,0.00011160714285714285
C04452,5,Student,36-45,Chinese,Regular,2,0.0002232142857142857
C04453,10,Student,26-35,Burgers,Regular,2,0.0002232142857142857
C04454,6,Young Professional,18-25,Chinese,Regular,2,0.0002232142857142857
C04455,4,Family,18-25,Chinese,Frequent,4,0.0004464285714285714
C04456,2,Family,26-35,Biryani,Occasional,1,0.00011160714285714285
C04457,6,Young Professional,26-35,Cafe,Regular,2,0.0002232142857142857
C04458,8,Young Professional,18-25,Burgers,Occasional,1,0.00011160714285714285
C04459,8,Family,36-45,Biryani,Occasional,1,0.00011160714285714285
C04460,7,Student,26-35,Desserts,Regular,2,0.0002232142857142857
C04461,6,Young Professional,26-35,Momos,Occasional,1,0.00011160714285714285
C04462,2,Student,18-25,Momos,Regular,2,0.0002232142857142857
C04463,7,Family,26-35,Pizza,Frequent,4,0.0004464285714285714
C04464,5,Family,18-25,Biryani,Occasional,1,0.00011160714285714285
C04465,6,Family,18-25,Desserts,Regular,2,0.0002232142857142857
C04466,10,Working Professional,36-45,North Indian,Occasional,1,0.00011160714285714285
C04467,8,Family,26-35,Pizza,Occasional,1,0.00011160714285714285
C04468,8,Young Professional,26-35,Biryani,Occasional,1,0.00011160714285714285
C04469,3,Student,18-25,Desserts,Frequent,4,0.0004464285714285714
C04470,7,Working Professional,26-35,Healthy,Frequent,4,0.0004464285714285714
C04471,1,Family,18-25,Biryani,Frequent,4,0.0004464285714285714
C04472,1,Young Professional,26-35,Chinese,Frequent,4,0.0004464285714285714
C04473,7,Student,26-35,Desserts,Occasional,1,0.00011160714285714285
C04474,10,Student,26-35,Healthy,Occasional,1,0.00011160714285714285
C04475,9,Student,56+,Burgers,Regular,2,0.0002232142857142857
C04476,7,Student,26-35,North Indian,Occasional,1,0.00011160714285714285
C04477,10,Young Professional,26-35,Pizza,Occasional,1,0.00011160714285714285
C04478,5,Family,26-35,South Indian,Occasional,1,0.00011160714285714285
C04479,8,Family,18-25,Desserts,Regular,2,0.0002232142857142857
C04480,2,Working Professional,46-55,North Indian,Regular,2,0.0002232142857142857
C04481,9,Family,26-35,Biryani,Occasional,1,0.00011160714285714285
C04482,6,Student,18-25,Burgers,Occasional,1,0.00011160714285714285
C04483,9,Working Professional,36-45,South Indian,Regular,2,0.0002232142857142857
C04484,2,Working Professional,18-25,Burgers,Regular,2,0.0002232142857142857
C04485,3,Student,56+,Momos,Occasional,1,0.00011160714285714285
C04486,8,Working Professional,46-55,Biryani,Regular,2,0.0002232142857142857
C04487,1,Working Professional,26-35,Chinese,Occasional,1,0.00011160714285714285
C04488,10,Student,18-25,Chinese,Occasional,1,0.00011160714285714285
C04489,7,Student,18-25,North Indian,Regular,2,0.0002232142857142857
C04490,7,Family,18-25,Chinese,Regular,2,0.0002232142857142857
C04491,1,Student,18-25,Momos,Occasional,1,0.00011160714285714285
C04492,9,Young Professional,26-35,Biryani,Regular,2,0.0002232142857142857
C04493,8,Student,46-55,Biryani,Regular,2,0.0002232142857142857
C04494,4,Family,26-35,North Indian,Regular,2,0.0002232142857142857
C04495,10,Young Professional,36-45,Burgers,Regular,2,0.0002232142857142857
C04496,5,Young Professional,36-45,Pizza,Regular,2,0.0002232142857142857
C04497,2,Young Professional,46-55,Chinese,Occasional,1,0.00011160714285714285
C04498,9,Student,18-25,Momos,Occasional,1,0.00011160714285714285
C04499,6,Working Professional,26-35,Pizza,Occasional,1,0.00011160714285714285
C04500,3,Working Professional,36-45,Momos,Occasional,1,0.00011160714285714285
C04501,7,Student,36-45,Chinese,Regular,2,0.0002232142857142857
C04502,9,Student,46-55,Momos,Regular,2,0.0002232142857142857
C04503,3,Young Professional,36-45,Chinese,Occasional,1,0.00011160714285714285
C04504,2,Working Professional,18-25,South Indian,Occasional,1,0.00011160714285714285
C04505,7,Family,26-35,Pizza,Occasional,1,0.00011160714285714285
C04506,7,Young Professional,18-25,Pizza,Occasional,1,0.00011160714285714285
C04507,4,Family,26-35,North Indian,Regular,2,0.0002232142857142857
C04508,9,Family,26-35,North Indian,Occasional,1,0.00011160714285714285
C04509,8,Family,36-45,Chinese,Regular,2,0.0002232142857142857
C04510,1,Student,46-55,Cafe,Frequent,4,0.0004464285714285714
C04511,1,Working Professional,36-45,North Indian,Occasional,1,0.00011160714285714285
C04512,5,Young Professional,26-35,Cafe,Occasional,1,0.00011160714285714285
C04513,6,Young Professional,18-25,Momos,Occasional,1,0.00011160714285714285
C04514,3,Young Professional,46-55,Cafe,Regular,2,0.0002232142857142857
C04515,9,Working Professional,18-25,North Indian,Regular,2,0.0002232142857142857
C04516,10,Young Professional,18-25,Momos,Occasional,1,0.00011160714285714285
C04517,6,Student,18-25,Biryani,Regular,2,0.0002232142857142857
C04518,4,Student,26-35,South Indian,Frequent,4,0.0004464285714285714
C04519,7,Working Professional,18-25,Cafe,Occasional,1,0.00011160714285714285
C04520,8,Working Professional,46-55,Pizza,Occasional,1,0.00011160714285714285
C04521,9,Student,56+,Pizza,Frequent,4,0.0004464285714285714
C04522,6,Working Professional,56+,North Indian,Regular,2,0.0002232142857142857
C04523,6,Student,18-25,Desserts,Frequent,4,0.0004464285714285714
C04524,8,Working Professional,46-55,Chinese,Regular,2,0.0002232142857142857
C04525,5,Family,56+,Biryani,Regular,2,0.0002232142857142857
C04526,3,Family,46-55,South Indian,Occasional,1,0.00011160714285714285
C04527,3,Student,36-45,Burgers,Regular,2,0.0002232142857142857
C04528,6,Working Professional,36-45,Cafe,Frequent,4,0.0004464285714285714
C04529,2,Family,18-25,Cafe,Regular,2,0.0002232142857142857
C04530,6,Working Professional,46-55,Biryani,Occasional,1,0.00011160714285714285
C04531,6,Working Professional,18-25,South Indian,Occasional,1,0.00011160714285714285
C04532,8,Family,26-35,North Indian,Occasional,1,0.00011160714285714285
C04533,7,Young Professional,56+,Pizza,Occasional,1,0.00011160714285714285
C04534,8,Student,26-35,Biryani,Occasional,1,0.00011160714285714285
C04535,9,Working Professional,18-25,North Indian,Regular,2,0.0002232142857142857
C04536,6,Working Professional,56+,Cafe,Regular,2,0.0002232142857142857
C04537,3,Working Professional,56+,Healthy,Occasional,1,0.00011160714285714285
C04538,10,Student,18-25,Biryani,Regular,2,0.0002232142857142857
C04539,3,Student,46-55,Burgers,Occasional,1,0.00011160714285714285
C04540,1,Student,26-35,Cafe,Occasional,1,0.00011160714285714285
C04541,5,Young Professional,26-35,Burgers,Occasional,1,0.00011160714285714285
C04542,4,Family,18-25,South Indian,Regular,2,0.0002232142857142857
C04543,9,Family,18-25,Pizza,Occasional,1,0.00011160714285714285
C04544,9,Young Professional,18-25,Cafe,Occasional,1,0.00011160714285714285
C04545,5,Student,18-25,Biryani,Occasional,1,0.00011160714285714285
C04546,10,Young Professional,46-55,Biryani,Regular,2,0.0002232142857142857
C04547,4,Working Professional,36-45,Biryani,Occasional,1,0.00011160714285714285
C04548,7,Working Professional,46-55,Pizza,Regular,2,0.0002232142857142857
C04549,6,Young Professional,36-45,Biryani,Regular,2,0.0002232142857142857
C04550,4,Young Professional,18-25,Biryani,Regular,2,0.0002232142857142857
C04551,10,Young Professional,46-55,Biryani,Frequent,4,0.0004464285714285714
C04552,2,Student,46-55,Cafe,Occasional,1,0.00011160714285714285
C04553,1,Young Professional,26-35,Pizza,Occasional,1,0.00011160714285714285
C04554,4,Young Professional,18-25,Biryani,Frequent,4,0.0004464285714285714
C04555,4,Working Professional,36-45,Cafe,Occasional,1,0.00011160714285714285
C04556,1,Student,36-45,Pizza,Regular,2,0.0002232142857142857
C04557,6,Student,46-55,Momos,Regular,2,0.0002232142857142857
C04558,4,Young Professional,18-25,Biryani,Regular,2,0.0002232142857142857
C04559,1,Working Professional,18-25,Momos,Frequent,4,0.0004464285714285714
C04560,1,Working Professional,26-35,Biryani,Frequent,4,0.0004464285714285714
C04561,1,Student,26-35,Biryani,Regular,2,0.0002232142857142857
C04562,8,Student,18-25,Momos,Occasional,1,0.00011160714285714285
C04563,10,Family,26-35,North Indian,Frequent,4,0.0004464285714285714
C04564,8,Working Professional,26-35,Pizza,Occasional,1,0.00011160714285714285
C04565,2,Young Professional,36-45,South Indian,Occasional,1,0.00011160714285714285
C04566,7,Family,26-35,Chinese,Frequent,4,0.0004464285714285714
C04567,8,Family,26-35,Chinese,Occasional,1,0.00011160714285714285
C04568,8,Student,36-45,Biryani,Occasional,1,0.00011160714285714285
C04569,10,Student,56+,Biryani,Occasional,1,0.00011160714285714285
C04570,7,Working Professional,18-25,Healthy,Frequent,4,0.0004464285714285714
C04571,5,Working Professional,18-25,Chinese,Regular,2,0.0002232142857142857
C04572,1,Student,46-55,Healthy,Regular,2,0.0002232142857142857
C04573,9,Young Professional,26-35,Biryani,Occasional,1,0.00011160714285714285
C04574,7,Working Professional,36-45,South Indian,Regular,2,0.0002232142857142857
C04575,2,Student,26-35,Momos,Regular,2,0.0002232142857142857
C04576,6,Student,18-25,Momos,Occasional,1,0.00011160714285714285
C04577,2,Student,36-45,Momos,Occasional,1,0.00011160714285714285
C04578,1,Young Professional,36-45,Biryani,Occasional,1,0.00011160714285714285
C04579,7,Student,26-35,Burgers,Frequent,4,0.0004464285714285714
C04580,2,Working Professional,18-25,North Indian,Regular,2,0.0002232142857142857
C04581,2,Family,56+,Pizza,Frequent,4,0.0004464285714285714
C04582,5,Student,26-35,Cafe,Occasional,1,0.00011160714285714285
C04583,5,Student,26-35,Cafe,Regular,2,0.0002232142857142857
C04584,7,Student,46-55,Pizza,Regular,2,0.0002232142857142857
C04585,1,Working Professional,26-35,Biryani,Regular,2,0.0002232142857142857
C04586,8,Student,36-45,South Indian,Frequent,4,0.0004464285714285714
C04587,3,Student,56+,Chinese,Occasional,1,0.00011160714285714285
C04588,4,Young Professional,26-35,Cafe,Occasional,1,0.00011160714285714285
C04589,9,Student,26-35,Momos,Regular,2,0.0002232142857142857
C04590,4,Family,46-55,Cafe,Regular,2,0.0002232142857142857
C04591,10,Family,18-25,Pizza,Regular,2,0.0002232142857142857
C04592,5,Working Professional,18-25,Healthy,Occasional,1,0.00011160714285714285
C04593,7,Working Professional,46-55,North Indian,Regular,2,0.0002232142857142857
C04594,4,Student,36-45,Momos,Occasional,1,0.00011160714285714285
C04595,1,Family,56+,Burgers,Occasional,1,0.00011160714285714285
C04596,9,Family,18-25,Pizza,Regular,2,0.0002232142857142857
C04597,4,Family,18-25,North Indian,Regular,2,0.0002232142857142857
C04598,9,Student,18-25,Cafe,Occasional,1,0.00011160714285714285
C04599,6,Young Professional,36-45,North Indian,Occasional,1,0.00011160714285714285
C04600,1,Student,26-35,Pizza,Occasional,1,0.00011160714285714285
C04601,3,Working Professional,26-35,Momos,Occasional,1,0.00011160714285714285
C04602,2,Working Professional,18-25,Healthy,Regular,2,0.0002232142857142857
C04603,9,Student,26-35,Pizza,Frequent,4,0.0004464285714285714
C04604,1,Working Professional,26-35,Chinese,Occasional,1,0.00011160714285714285
C04605,9,Family,18-25,Pizza,Regular,2,0.0002232142857142857
C04606,9,Young Professional,46-55,South Indian,Frequent,4,0.0004464285714285714
C04607,8,Young Professional,18-25,Momos,Regular,2,0.0002232142857142857
C04608,8,Working Professional,36-45,Cafe,Occasional,1,0.00011160714285714285
C04609,1,Family,46-55,North Indian,Frequent,4,0.0004464285714285714
C04610,8,Student,26-35,Chinese,Occasional,1,0.00011160714285714285
C04611,10,Working Professional,18-25,Chinese,Occasional,1,0.00011160714285714285
C04612,3,Student,26-35,Chinese,Occasional,1,0.00011160714285714285
C04613,7,Working Professional,46-55,Healthy,Occasional,1,0.00011160714285714285
C04614,1,Working Professional,18-25,North Indian,Occasional,1,0.00011160714285714285
C04615,1,Working Professional,36-45,Biryani,Occasional,1,0.00011160714285714285
C04616,10,Working Professional,56+,North Indian,Occasional,1,0.00011160714285714285
C04617,5,Young Professional,56+,Cafe,Regular,2,0.0002232142857142857
C04618,5,Working Professional,26-35,Pizza,Frequent,4,0.0004464285714285714
C04619,8,Young Professional,36-45,Pizza,Occasional,1,0.00011160714285714285
C04620,7,Family,56+,Pizza,Frequent,4,0.0004464285714285714
C04621,8,Working Professional,26-35,Chinese,Frequent,4,0.0004464285714285714
C04622,6,Family,18-25,Chinese,Regular,2,0.0002232142857142857
C04623,6,Student,18-25,North Indian,Occasional,1,0.00011160714285714285
C04624,2,Young Professional,18-25,Biryani,Regular,2,0.0002232142857142857
C04625,6,Working Professional,46-55,Biryani,Frequent,4,0.0004464285714285714
C04626,5,Young Professional,26-35,Biryani,Regular,2,0.0002232142857142857
C04627,3,Family,46-55,Pizza,Occasional,1,0.00011160714285714285
C04628,6,Young Professional,36-45,Momos,Regular,2,0.0002232142857142857
C04629,8,Family,36-45,North Indian,Regular,2,0.0002232142857142857
C04630,9,Working Professional,26-35,Chinese,Regular,2,0.0002232142857142857
C04631,1,Student,18-25,Momos,Occasional,1,0.00011160714285714285
C04632,3,Working Professional,46-55,Biryani,Occasional,1,0.00011160714285714285
C04633,3,Working Professional,26-35,Momos,Regular,2,0.0002232142857142857
C04634,8,Student,26-35,Pizza,Frequent,4,0.0004464285714285714
C04635,1,Young Professional,18-25,Pizza,Occasional,1,0.00011160714285714285
C04636,5,Working Professional,46-55,North Indian,Frequent,4,0.0004464285714285714
C04637,3,Young Professional,46-55,Biryani,Occasional,1,0.00011160714285714285
C04638,2,Young Professional,26-35,Chinese,Regular,2,0.0002232142857142857
C04639,8,Working Professional,26-35,South Indian,Regular,2,0.0002232142857142857
C04640,3,Young Professional,36-45,Momos,Regular,2,0.0002232142857142857
C04641,7,Working Professional,18-25,Chinese,Frequent,4,0.0004464285714285714
C04642,1,Young Professional,18-25,Chinese,Occasional,1,0.00011160714285714285
C04643,6,Working Professional,36-45,Healthy,Frequent,4,0.0004464285714285714
C04644,3,Working Professional,18-25,Biryani,Occasional,1,0.00011160714285714285
C04645,8,Working Professional,26-35,Desserts,Regular,2,0.0002232142857142857
C04646,6,Working Professional,26-35,Biryani,Regular,2,0.0002232142857142857
C04647,2,Working Professional,26-35,Healthy,Regular,2,0.0002232142857142857
C04648,6,Working Professional,18-25,Burgers,Occasional,1,0.00011160714285714285
C04649,7,Working Professional,26-35,South Indian,Frequent,4,0.0004464285714285714
C04650,5,Young Professional,26-35,Biryani,Occasional,1,0.00011160714285714285
C04651,3,Working Professional,26-35,Healthy,Occasional,1,0.00011160714285714285
C04652,4,Working Professional,36-45,Burgers,Regular,2,0.0002232142857142857
C04653,4,Family,56+,Pizza,Occasional,1,0.00011160714285714285
C04654,6,Family,18-25,North Indian,Regular,2,0.0002232142857142857
C04655,10,Young Professional,46-55,Chinese,Occasional,1,0.00011160714285714285
C04656,1,Working Professional,18-25,Pizza,Occasional,1,0.00011160714285714285
C04657,4,Student,26-35,Chinese,Regular,2,0.0002232142857142857
C04658,10,Working Professional,26-35,Biryani,Regular,2,0.0002232142857142857
C04659,4,Working Professional,26-35,Chinese,Occasional,1,0.00011160714285714285
C04660,10,Young Professional,36-45,Pizza,Regular,2,0.0002232142857142857
C04661,1,Working Professional,26-35,Biryani,Regular,2,0.0002232142857142857
C04662,9,Young Professional,26-35,Biryani,Regular,2,0.0002232142857142857
C04663,4,Working Professional,46-55,Biryani,Occasional,1,0.00011160714285714285
C04664,7,Young Professional,18-25,Pizza,Regular,2,0.0002232142857142857
C04665,3,Student,18-25,Momos,Regular,2,0.0002232142857142857
C04666,10,Young Professional,18-25,Biryani,Regular,2,0.0002232142857142857
C04667,3,Young Professional,18-25,Healthy,Occasional,1,0.00011160714285714285
C04668,8,Young Professional,26-35,Desserts,Regular,2,0.0002232142857142857
C04669,8,Student,26-35,Pizza,Regular,2,0.0002232142857142857
C04670,1,Student,18-25,Chinese,Regular,2,0.0002232142857142857
C04671,10,Family,18-25,Chinese,Occasional,1,0.00011160714285714285
C04672,2,Student,36-45,Pizza,Frequent,4,0.0004464285714285714
C04673,8,Student,36-45,Pizza,Regular,2,0.0002232142857142857
C04674,1,Student,56+,Biryani,Occasional,1,0.00011160714285714285
C04675,8,Working Professional,46-55,Cafe,Occasional,1,0.00011160714285714285
C04676,8,Working Professional,46-55,Healthy,Frequent,4,0.0004464285714285714
C04677,2,Student,36-45,Pizza,Occasional,1,0.00011160714285714285
C04678,4,Student,26-35,Biryani,Frequent,4,0.0004464285714285714
C04679,6,Working Professional,18-25,North Indian,Regular,2,0.0002232142857142857
C04680,9,Working Professional,26-35,South Indian,Regular,2,0.0002232142857142857
C04681,8,Student,18-25,Chinese,Occasional,1,0.00011160714285714285
C04682,8,Working Professional,46-55,Biryani,Occasional,1,0.00011160714285714285
C04683,7,Young Professional,26-35,Chinese,Frequent,4,0.0004464285714285714
C04684,9,Young Professional,36-45,Momos,Occasional,1,0.00011160714285714285
C04685,2,Young Professional,18-25,Burgers,Regular,2,0.0002232142857142857
C04686,3,Young Professional,26-35,Healthy,Occasional,1,0.00011160714285714285
C04687,10,Working Professional,26-35,Burgers,Occasional,1,0.00011160714285714285
C04688,8,Family,18-25,South Indian,Occasional,1,0.00011160714285714285
C04689,6,Working Professional,26-35,Desserts,Regular,2,0.0002232142857142857
C04690,10,Family,18-25,Healthy,Frequent,4,0.0004464285714285714
C04691,9,Working Professional,26-35,Momos,Occasional,1,0.00011160714285714285
C04692,10,Family,26-35,North Indian,Occasional,1,0.00011160714285714285
C04693,4,Working Professional,46-55,Cafe,Occasional,1,0.00011160714285714285
C04694,8,Student,26-35,Pizza,Regular,2,0.0002232142857142857
C04695,10,Family,26-35,Pizza,Occasional,1,0.00011160714285714285
C04696,3,Student,56+,Biryani,Frequent,4,0.0004464285714285714
C04697,3,Student,26-35,Momos,Regular,2,0.0002232142857142857
C04698,8,Student,26-35,South Indian,Regular,2,0.0002232142857142857
C04699,5,Working Professional,26-35,Biryani,Occasional,1,0.00011160714285714285
C04700,3,Student,36-45,Biryani,Frequent,4,0.0004464285714285714
C04701,10,Young Professional,26-35,Momos,Occasional,1,0.00011160714285714285
C04702,1,Working Professional,26-35,Healthy,Occasional,1,0.00011160714285714285
C04703,3,Working Professional,36-45,Biryani,Regular,2,0.0002232142857142857
C04704,9,Working Professional,18-25,Biryani,Regular,2,0.0002232142857142857
C04705,5,Family,46-55,Pizza,Occasional,1,0.00011160714285714285
C04706,10,Family,26-35,Cafe,Occasional,1,0.00011160714285714285
C04707,2,Family,26-35,Chinese,Regular,2,0.0002232142857142857
C04708,7,Family,36-45,North Indian,Occasional,1,0.00011160714285714285
C04709,2,Young Professional,18-25,Pizza,Regular,2,0.0002232142857142857
C04710,4,Young Professional,46-55,Burgers,Regular,2,0.0002232142857142857
C04711,7,Family,56+,Biryani,Occasional,1,0.00011160714285714285
C04712,4,Student,26-35,Cafe,Occasional,1,0.00011160714285714285
C04713,7,Family,46-55,Chinese,Occasional,1,0.00011160714285714285
C04714,7,Working Professional,18-25,Healthy,Regular,2,0.0002232142857142857
C04715,1,Family,46-55,Chinese,Regular,2,0.0002232142857142857
C04716,6,Young Professional,26-35,Chinese,Occasional,1,0.00011160714285714285
C04717,9,Family,26-35,Desserts,Regular,2,0.0002232142857142857
C04718,2,Young Professional,18-25,Momos,Frequent,4,0.0004464285714285714
C04719,3,Student,26-35,South Indian,Occasional,1,0.00011160714285714285
C04720,10,Student,18-25,Burgers,Frequent,4,0.0004464285714285714
C04721,5,Student,46-55,Burgers,Occasional,1,0.00011160714285714285
C04722,9,Young Professional,46-55,Burgers,Occasional,1,0.00011160714285714285
C04723,4,Young Professional,18-25,Biryani,Occasional,1,0.00011160714285714285
C04724,1,Family,18-25,North Indian,Occasional,1,0.00011160714285714285
C04725,4,Family,46-55,Momos,Occasional,1,0.00011160714285714285
C04726,6,Family,26-35,North Indian,Occasional,1,0.00011160714285714285
C04727,5,Young Professional,18-25,Cafe,Frequent,4,0.0004464285714285714
C04728,1,Young Professional,26-35,South Indian,Regular,2,0.0002232142857142857
C04729,4,Family,26-35,Burgers,Regular,2,0.0002232142857142857
C04730,6,Family,18-25,Desserts,Occasional,1,0.00011160714285714285
C04731,10,Student,36-45,Burgers,Occasional,1,0.00011160714285714285
C04732,10,Family,26-35,Chinese,Occasional,1,0.00011160714285714285
C04733,4,Working Professional,18-25,North Indian,Regular,2,0.0002232142857142857
C04734,9,Student,46-55,Burgers,Frequent,4,0.0004464285714285714
C04735,5,Young Professional,26-35,Healthy,Occasional,1,0.00011160714285714285
C04736,8,Working Professional,18-25,Desserts,Occasional,1,0.00011160714285714285
C04737,9,Young Professional,18-25,Burgers,Regular,2,0.0002232142857142857
C04738,10,Student,18-25,South Indian,Occasional,1,0.00011160714285714285
C04739,5,Working Professional,26-35,Momos,Occasional,1,0.00011160714285714285
C04740,6,Working Professional,18-25,Chinese,Regular,2,0.0002232142857142857
C04741,1,Student,26-35,Pizza,Regular,2,0.0002232142857142857
C04742,7,Working Professional,18-25,Chinese,Occasional,1,0.00011160714285714285
C04743,4,Student,36-45,Momos,Occasional,1,0.00011160714285714285
C04744,2,Student,36-45,Biryani,Frequent,4,0.0004464285714285714
C04745,5,Student,26-35,Healthy,Occasional,1,0.00011160714285714285
C04746,3,Student,36-45,Biryani,Occasional,1,0.00011160714285714285
C04747,6,Family,46-55,South Indian,Occasional,1,0.00011160714285714285
C04748,8,Student,26-35,Pizza,Occasional,1,0.00011160714285714285
C04749,7,Family,26-35,North Indian,Occasional,1,0.00011160714285714285
C04750,3,Family,26-35,North Indian,Regular,2,0.0002232142857142857
C04751,8,Working Professional,46-55,Chinese,Occasional,1,0.00011160714285714285
C04752,2,Young Professional,18-25,Biryani,Occasional,1,0.00011160714285714285
C04753,10,Family,26-35,North Indian,Regular,2,0.0002232142857142857
C04754,9,Family,26-35,North Indian,Regular,2,0.0002232142857142857
C04755,4,Student,36-45,Pizza,Frequent,4,0.0004464285714285714
C04756,1,Family,36-45,Pizza,Frequent,4,0.0004464285714285714
C04757,8,Young Professional,26-35,Momos,Occasional,1,0.00011160714285714285
C04758,7,Working Professional,18-25,South Indian,Regular,2,0.0002232142857142857
C04759,5,Student,56+,Chinese,Occasional,1,0.00011160714285714285
C04760,10,Working Professional,18-25,Pizza,Frequent,4,0.0004464285714285714
C04761,5,Family,18-25,North Indian,Occasional,1,0.00011160714285714285
C04762,7,Working Professional,26-35,Biryani,Frequent,4,0.0004464285714285714
C04763,5,Family,36-45,Desserts,Regular,2,0.0002232142857142857
C04764,8,Student,36-45,Chinese,Occasional,1,0.00011160714285714285
C04765,6,Young Professional,46-55,North Indian,Regular,2,0.0002232142857142857
C04766,5,Student,18-25,Pizza,Frequent,4,0.0004464285714285714
C04767,9,Student,26-35,Burgers,Frequent,4,0.0004464285714285714
C04768,2,Working Professional,18-25,Chinese,Occasional,1,0.00011160714285714285
C04769,1,Student,46-55,Biryani,Regular,2,0.0002232142857142857
C04770,8,Student,26-35,Pizza,Occasional,1,0.00011160714285714285
C04771,3,Student,18-25,Pizza,Occasional,1,0.00011160714285714285
C04772,7,Working Professional,36-45,Chinese,Occasional,1,0.00011160714285714285
C04773,10,Young Professional,26-35,Pizza,Occasional,1,0.00011160714285714285
C04774,8,Young Professional,26-35,Chinese,Regular,2,0.0002232142857142857
C04775,6,Working Professional,46-55,Desserts,Occasional,1,0.00011160714285714285
C04776,10,Student,18-25,Chinese,Regular,2,0.0002232142857142857
C04777,9,Working Professional,18-25,North Indian,Occasional,1,0.00011160714285714285
C04778,7,Family,18-25,Biryani,Occasional,1,0.00011160714285714285
C04779,10,Working Professional,26-35,North Indian,Occasional,1,0.00011160714285714285
C04780,5,Student,18-25,Momos,Occasional,1,0.00011160714285714285
C04781,8,Student,36-45,Chinese,Occasional,1,0.00011160714285714285
C04782,2,Family,18-25,Chinese,Occasional,1,0.00011160714285714285
C04783,7,Working Professional,46-55,South Indian,Regular,2,0.0002232142857142857
C04784,4,Young Professional,18-25,Chinese,Occasional,1,0.00011160714285714285
C04785,9,Working Professional,18-25,South Indian,Occasional,1,0.00011160714285714285
C04786,1,Student,18-25,Burgers,Occasional,1,0.00011160714285714285
C04787,7,Working Professional,36-45,South Indian,Frequent,4,0.0004464285714285714
C04788,6,Working Professional,26-35,Chinese,Frequent,4,0.0004464285714285714
C04789,8,Student,36-45,Chinese,Occasional,1,0.00011160714285714285
C04790,5,Student,36-45,Biryani,Occasional,1,0.00011160714285714285
C04791,1,Student,46-55,Momos,Occasional,1,0.00011160714285714285
C04792,1,Student,36-45,Burgers,Frequent,4,0.0004464285714285714
C04793,9,Working Professional,18-25,Pizza,Occasional,1,0.00011160714285714285
C04794,10,Young Professional,46-55,Burgers,Occasional,1,0.00011160714285714285
C04795,6,Working Professional,46-55,Healthy,Occasional,1,0.00011160714285714285
C04796,10,Family,56+,Chinese,Occasional,1,0.00011160714285714285
C04797,5,Working Professional,18-25,North Indian,Occasional,1,0.00011160714285714285
C04798,1,Working Professional,26-35,Healthy,Regular,2,0.0002232142857142857
C04799,6,Student,18-25,Chinese,Occasional,1,0.00011160714285714285
C04800,6,Working Professional,18-25,North Indian,Regular,2,0.0002232142857142857
C04801,3,Working Professional,36-45,Biryani,Occasional,1,0.00011160714285714285
C04802,8,Student,56+,Biryani,Occasional,1,0.00011160714285714285
C04803,1,Family,26-35,Biryani,Frequent,4,0.0004464285714285714
C04804,1,Working Professional,46-55,Momos,Occasional,1,0.00011160714285714285
C04805,6,Working Professional,18-25,Biryani,Regular,2,0.0002232142857142857
C04806,10,Student,18-25,Burgers,Regular,2,0.0002232142857142857
C04807,1,Working Professional,26-35,Momos,Occasional,1,0.00011160714285714285
C04808,6,Family,26-35,North Indian,Frequent,4,0.0004464285714285714
C04809,1,Student,46-55,Chinese,Occasional,1,0.00011160714285714285
C04810,6,Student,26-35,South Indian,Frequent,4,0.0004464285714285714
C04811,3,Working Professional,26-35,Biryani,Occasional,1,0.00011160714285714285
C04812,8,Student,26-35,Momos,Frequent,4,0.0004464285714285714
C04813,6,Family,18-25,Biryani,Occasional,1,0.00011160714285714285
C04814,1,Family,46-55,South Indian,Regular,2,0.0002232142857142857
C04815,5,Student,26-35,Pizza,Regular,2,0.0002232142857142857
C04816,8,Student,26-35,South Indian,Frequent,4,0.0004464285714285714
C04817,3,Family,46-55,Pizza,Frequent,4,0.0004464285714285714
C04818,6,Student,26-35,Biryani,Regular,2,0.0002232142857142857
C04819,5,Student,36-45,Cafe,Frequent,4,0.0004464285714285714
C04820,6,Family,18-25,Biryani,Occasional,1,0.00011160714285714285
C04821,10,Working Professional,18-25,Biryani,Occasional,1,0.00011160714285714285
C04822,1,Working Professional,56+,Healthy,Occasional,1,0.00011160714285714285
C04823,7,Student,46-55,Momos,Occasional,1,0.00011160714285714285
C04824,9,Family,26-35,South Indian,Occasional,1,0.00011160714285714285
C04825,2,Working Professional,26-35,Cafe,Regular,2,0.0002232142857142857
C04826,10,Young Professional,46-55,Pizza,Occasional,1,0.00011160714285714285
C04827,5,Family,18-25,North Indian,Regular,2,0.0002232142857142857
C04828,10,Student,18-25,Burgers,Occasional,1,0.00011160714285714285
C04829,4,Working Professional,26-35,Chinese,Occasional,1,0.00011160714285714285
C04830,6,Working Professional,18-25,South Indian,Regular,2,0.0002232142857142857
C04831,6,Working Professional,18-25,North Indian,Regular,2,0.0002232142857142857
C04832,2,Young Professional,46-55,Burgers,Regular,2,0.0002232142857142857
C04833,2,Working Professional,18-25,Momos,Regular,2,0.0002232142857142857
C04834,4,Student,36-45,Burgers,Occasional,1,0.00011160714285714285
C04835,1,Family,26-35,Chinese,Regular,2,0.0002232142857142857
C04836,9,Student,26-35,Momos,Occasional,1,0.00011160714285714285
C04837,7,Family,36-45,Biryani,Occasional,1,0.00011160714285714285
C04838,7,Family,26-35,South Indian,Occasional,1,0.00011160714285714285
C04839,3,Working Professional,18-25,North Indian,Occasional,1,0.00011160714285714285
C04840,3,Student,18-25,Burgers,Occasional,1,0.00011160714285714285
C04841,1,Family,36-45,Cafe,Frequent,4,0.0004464285714285714
C04842,3,Family,18-25,South Indian,Frequent,4,0.0004464285714285714
C04843,3,Working Professional,18-25,South Indian,Occasional,1,0.00011160714285714285
C04844,4,Student,56+,Chinese,Occasional,1,0.00011160714285714285
C04845,4,Working Professional,56+,Chinese,Occasional,1,0.00011160714285714285
C04846,3,Student,26-35,Biryani,Occasional,1,0.00011160714285714285
C04847,10,Student,18-25,North Indian,Frequent,4,0.0004464285714285714
C04848,8,Student,36-45,Momos,Occasional,1,0.00011160714285714285
C04849,8,Student,46-55,Chinese,Regular,2,0.0002232142857142857
C04850,1,Working Professional,18-25,South Indian,Occasional,1,0.00011160714285714285
C04851,7,Young Professional,18-25,Biryani,Frequent,4,0.0004464285714285714
C04852,2,Family,36-45,Biryani,Occasional,1,0.00011160714285714285
C04853,1,Student,46-55,Burgers,Regular,2,0.0002232142857142857
C04854,3,Working Professional,36-45,Pizza,Occasional,1,0.00011160714285714285
C04855,4,Working Professional,18-25,North Indian,Regular,2,0.0002232142857142857
C04856,6,Student,26-35,Burgers,Occasional,1,0.00011160714285714285
C04857,10,Young Professional,26-35,Burgers,Occasional,1,0.00011160714285714285
C04858,5,Working Professional,18-25,Momos,Frequent,4,0.0004464285714285714
C04859,4,Young Professional,18-25,Biryani,Frequent,4,0.0004464285714285714
C04860,8,Working Professional,18-25,Biryani,Frequent,4,0.0004464285714285714
C04861,4,Family,26-35,North Indian,Regular,2,0.0002232142857142857
C04862,10,Student,26-35,Pizza,Regular,2,0.0002232142857142857
C04863,2,Working Professional,36-45,Biryani,Occasional,1,0.00011160714285714285
C04864,3,Student,36-45,Burgers,Occasional,1,0.00011160714285714285
C04865,6,Young Professional,46-55,Pizza,Occasional,1,0.00011160714285714285
C04866,8,Family,46-55,South Indian,Regular,2,0.0002232142857142857
C04867,8,Young Professional,18-25,North Indian,Occasional,1,0.00011160714285714285
C04868,9,Family,26-35,Pizza,Occasional,1,0.00011160714285714285
C04869,7,Young Professional,26-35,Healthy,Regular,2,0.0002232142857142857
C04870,2,Student,18-25,Momos,Regular,2,0.0002232142857142857
C04871,8,Working Professional,46-55,Cafe,Occasional,1,0.00011160714285714285
C04872,7,Family,18-25,North Indian,Occasional,1,0.00011160714285714285
C04873,8,Family,26-35,Chinese,Occasional,1,0.00011160714285714285
C04874,3,Family,26-35,Biryani,Occasional,1,0.00011160714285714285
C04875,7,Student,26-35,Pizza,Occasional,1,0.00011160714285714285
C04876,10,Student,36-45,South Indian,Regular,2,0.0002232142857142857
C04877,9,Young Professional,26-35,Cafe,Regular,2,0.0002232142857142857
C04878,3,Working Professional,18-25,North Indian,Regular,2,0.0002232142857142857
C04879,10,Student,18-25,Burgers,Occasional,1,0.00011160714285714285
C04880,6,Family,46-55,North Indian,Regular,2,0.0002232142857142857
C04881,2,Young Professional,18-25,North Indian,Occasional,1,0.00011160714285714285
C04882,2,Student,18-25,Biryani,Occasional,1,0.00011160714285714285
C04883,5,Young Professional,26-35,Pizza,Regular,2,0.0002232142857142857
C04884,5,Young Professional,18-25,Momos,Occasional,1,0.00011160714285714285
C04885,7,Young Professional,26-35,Pizza,Occasional,1,0.00011160714285714285
C04886,2,Young Professional,36-45,Burgers,Frequent,4,0.0004464285714285714
C04887,7,Working Professional,36-45,Biryani,Occasional,1,0.00011160714285714285
C04888,5,Working Professional,36-45,Chinese,Regular,2,0.0002232142857142857
C04889,6,Student,18-25,Momos,Occasional,1,0.00011160714285714285
C04890,8,Student,26-35,Chinese,Regular,2,0.0002232142857142857
C04891,10,Working Professional,18-25,South Indian,Occasional,1,0.00011160714285714285
C04892,4,Working Professional,18-25,North Indian,Occasional,1,0.00011160714285714285
C04893,7,Student,26-35,Chinese,Regular,2,0.0002232142857142857
C04894,6,Working Professional,18-25,Healthy,Occasional,1,0.00011160714285714285
C04895,10,Student,36-45,Burgers,Occasional,1,0.00011160714285714285
C04896,2,Young Professional,36-45,Chinese,Occasional,1,0.00011160714285714285
C04897,8,Student,46-55,South Indian,Occasional,1,0.00011160714285714285
C04898,10,Working Professional,36-45,Pizza,Occasional,1,0.00011160714285714285
C04899,9,Working Professional,18-25,South Indian,Occasional,1,0.00011160714285714285
C04900,5,Student,26-35,Burgers,Frequent,4,0.0004464285714285714
C04901,10,Young Professional,18-25,Cafe,Occasional,1,0.00011160714285714285
C04902,4,Working Professional,26-35,Momos,Occasional,1,0.00011160714285714285
C04903,6,Working Professional,18-25,Cafe,Occasional,1,0.00011160714285714285
C04904,8,Student,18-25,Momos,Occasional,1,0.00011160714285714285
C04905,3,Working Professional,26-35,Pizza,Frequent,4,0.0004464285714285714
C04906,10,Student,36-45,Chinese,Occasional,1,0.00011160714285714285
C04907,1,Working Professional,36-45,Chinese,Frequent,4,0.0004464285714285714
C04908,4,Working Professional,26-35,North Indian,Occasional,1,0.00011160714285714285
C04909,4,Young Professional,26-35,Chinese,Regular,2,0.0002232142857142857
C04910,1,Family,26-35,Cafe,Regular,2,0.0002232142857142857
C04911,9,Student,36-45,Burgers,Frequent,4,0.0004464285714285714
C04912,3,Student,18-25,Biryani,Regular,2,0.0002232142857142857
C04913,5,Working Professional,36-45,Pizza,Regular,2,0.0002232142857142857
C04914,6,Student,26-35,Burgers,Occasional,1,0.00011160714285714285
C04915,8,Student,18-25,Burgers,Occasional,1,0.00011160714285714285
C04916,6,Young Professional,18-25,Biryani,Frequent,4,0.0004464285714285714
C04917,3,Student,18-25,Biryani,Occasional,1,0.00011160714285714285
C04918,6,Young Professional,26-35,Burgers,Occasional,1,0.00011160714285714285
C04919,1,Student,36-45,Chinese,Regular,2,0.0002232142857142857
C04920,4,Young Professional,26-35,North Indian,Occasional,1,0.00011160714285714285
C04921,6,Family,26-35,Pizza,Frequent,4,0.0004464285714285714
C04922,7,Family,46-55,Biryani,Regular,2,0.0002232142857142857
C04923,10,Student,18-25,Momos,Regular,2,0.0002232142857142857
C04924,3,Young Professional,18-25,Biryani,Frequent,4,0.0004464285714285714
C04925,9,Young Professional,26-35,Chinese,Occasional,1,0.00011160714285714285
C04926,7,Family,36-45,Chinese,Occasional,1,0.00011160714285714285
C04927,1,Working Professional,26-35,Burgers,Occasional,1,0.00011160714285714285
C04928,2,Family,26-35,Desserts,Occasional,1,0.00011160714285714285
C04929,1,Student,56+,Momos,Regular,2,0.0002232142857142857
C04930,9,Working Professional,36-45,Pizza,Frequent,4,0.0004464285714285714
C04931,9,Young Professional,18-25,Chinese,Occasional,1,0.00011160714285714285
C04932,7,Working Professional,36-45,North Indian,Occasional,1,0.00011160714285714285
C04933,10,Student,18-25,Chinese,Frequent,4,0.0004464285714285714
C04934,3,Working Professional,36-45,Chinese,Occasional,1,0.00011160714285714285
C04935,5,Family,18-25,North Indian,Occasional,1,0.00011160714285714285
C04936,4,Student,36-45,Momos,Occasional,1,0.00011160714285714285
C04937,7,Student,26-35,Chinese,Frequent,4,0.0004464285714285714
C04938,9,Student,46-55,Pizza,Regular,2,0.0002232142857142857
C04939,2,Family,26-35,Chinese,Regular,2,0.0002232142857142857
C04940,8,Student,26-35,Pizza,Regular,2,0.0002232142857142857
C04941,9,Family,18-25,South Indian,Occasional,1,0.00011160714285714285
C04942,10,Working Professional,46-55,Healthy,Occasional,1,0.00011160714285714285
C04943,10,Family,36-45,North Indian,Regular,2,0.0002232142857142857
C04944,9,Young Professional,18-25,North Indian,Occasional,1,0.00011160714285714285
C04945,10,Student,46-55,Biryani,Regular,2,0.0002232142857142857
C04946,7,Working Professional,26-35,Pizza,Frequent,4,0.0004464285714285714
C04947,9,Young Professional,36-45,Burgers,Regular,2,0.0002232142857142857
C04948,9,Student,36-45,Cafe,Regular,2,0.0002232142857142857
C04949,3,Student,18-25,Chinese,Regular,2,0.0002232142857142857
C04950,4,Young Professional,56+,Cafe,Regular,2,0.0002232142857142857
C04951,2,Young Professional,26-35,Biryani,Occasional,1,0.00011160714285714285
C04952,10,Working Professional,18-25,Pizza,Occasional,1,0.00011160714285714285
C04953,3,Student,46-55,South Indian,Occasional,1,0.00011160714285714285
C04954,5,Working Professional,36-45,Healthy,Regular,2,0.0002232142857142857
C04955,5,Student,18-25,Burgers,Occasional,1,0.00011160714285714285
C04956,6,Family,18-25,Pizza,Regular,2,0.0002232142857142857
C04957,7,Family,36-45,North Indian,Occasional,1,0.00011160714285714285
C04958,7,Young Professional,18-25,Chinese,Regular,2,0.0002232142857142857
C04959,1,Student,46-55,Burgers,Occasional,1,0.00011160714285714285
C04960,2,Working Professional,36-45,Biryani,Regular,2,0.0002232142857142857
C04961,9,Student,26-35,Burgers,Regular,2,0.0002232142857142857
C04962,10,Working Professional,26-35,Momos,Occasional,1,0.00011160714285714285
C04963,2,Family,26-35,South Indian,Occasional,1,0.00011160714285714285
C04964,6,Student,26-35,Momos,Regular,2,0.0002232142857142857
C04965,1,Family,36-45,Desserts,Occasional,1,0.00011160714285714285
C04966,3,Family,56+,North Indian,Occasional,1,0.00011160714285714285
C04967,2,Young Professional,26-35,Chinese,Frequent,4,0.0004464285714285714
C04968,3,Family,26-35,South Indian,Regular,2,0.0002232142857142857
C04969,5,Young Professional,18-25,Burgers,Frequent,4,0.0004464285714285714
C04970,10,Working Professional,36-45,Pizza,Occasional,1,0.00011160714285714285
C04971,6,Student,36-45,Desserts,Occasional,1,0.00011160714285714285
C04972,9,Working Professional,36-45,Biryani,Frequent,4,0.0004464285714285714
C04973,10,Working Professional,18-25,Biryani,Regular,2,0.0002232142857142857
C04974,4,Family,46-55,South Indian,Regular,2,0.0002232142857142857
C04975,7,Family,26-35,Biryani,Occasional,1,0.00011160714285714285
C04976,6,Working Professional,36-45,Momos,Occasional,1,0.00011160714285714285
C04977,2,Student,36-45,Momos,Occasional,1,0.00011160714285714285
C04978,10,Student,36-45,Chinese,Occasional,1,0.00011160714285714285
C04979,8,Family,26-35,Chinese,Occasional,1,0.00011160714285714285
C04980,7,Family,26-35,North Indian,Occasional,1,0.00011160714285714285
C04981,7,Family,18-25,Momos,Frequent,4,0.0004464285714285714
C04982,8,Working Professional,36-45,South Indian,Occasional,1,0.00011160714285714285
C04983,1,Student,18-25,Chinese,Regular,2,0.0002232142857142857
C04984,1,Family,26-35,Pizza,Regular,2,0.0002232142857142857
C04985,8,Family,18-25,Chinese,Regular,2,0.0002232142857142857
C04986,4,Working Professional,46-55,Chinese,Occasional,1,0.00011160714285714285
C04987,5,Family,26-35,Chinese,Regular,2,0.0002232142857142857
C04988,8,Working Professional,36-45,North Indian,Regular,2,0.0002232142857142857
C04989,5,Family,36-45,Pizza,Regular,2,0.0002232142857142857
C04990,10,Young Professional,46-55,Chinese,Regular,2,0.0002232142857142857
C04991,4,Family,18-25,Desserts,Frequent,4,0.0004464285714285714
C04992,6,Working Professional,36-45,North Indian,Regular,2,0.0002232142857142857
C04993,5,Working Professional,26-35,Biryani,Occasional,1,0.00011160714285714285
C04994,7,Family,18-25,Chinese,Regular,2,0.0002232142857142857
C04995,10,Family,18-25,Cafe,Occasional,1,0.00011160714285714285
C04996,7,Working Professional,18-25,Healthy,Frequent,4,0.0004464285714285714
C04997,4,Family,18-25,Pizza,Occasional,1,0.00011160714285714285
C04998,5,Student,26-35,Momos,Occasional,1,0.00011160714285714285
C04999,3,Young Professional,18-25,Chinese,Regular,2,0.0002232142857142857
C05000,4,Family,26-35,North Indian,Regular,2,0.0002232142857142857
